scenario,part,trial,seed,message,freq_hz,dt_s,reported_snr_db,signal_db,local_noise_db,reconstructed_snr_db
S5,0,2,892021093,<...> 57OFC6KE94R RR73,900,3.12,-27,-56.669,-56.5,-26.669
S5,0,2,892021093,<...> <RDCTR280> DP87,2819,-1.28,-27,-56.535,-56.5,-26.535
S5,0,5,434100809,O39 VB <RDCTR356>/P R QL84,716,-0.88,-26,-55.774,-56.5,-25.774
S5,0,10,1672796167,<...> ETWUUZEI/C5 73,2506,2.8,-26,-56.474,-56.5,-26.474
S5,0,21,490683040,FMTV  KXZY9 <...>,1256,2,-25,-56.43,-57.5,-25.43
S5,0,74,147673637,<RDCTR147> <RDCTR46> R CB44,1081,2.64,-27,-57.117,-56.5,-27.117
S5,0,77,189845876,<RDCTR48> D31GBJ/R JC64,2606,2.88,-27,-56.747,-56.5,-26.747
S5,0,88,24036291,<RDCTR328>/P <RDCTR13>/P R LJ68,881,-0.96,-26,-56.911,-57.5,-25.911
S5,0,98,1270057056,/<RDCTR67> /D 6W4 <...> 73,1634,-1.2,-27,-57.359,-57,-26.859
S5,0,1001,65036547,<RDCTR44> <RDCTR303> AI03,1766,2.88,-26,-55.48,-56,-25.98
S5,0,1011,1699312098,CQ SRVUCUEW7OZ,2166,-1.36,-25,-55.121,-56.5,-25.121
S5,0,1016,1077606376,CQ QYJUEROQ5QM,1350,-1.2,-26,-55.887,-56.5,-25.887
S5,0,1019,302648733,<RDCTR248> H/P <RDCTR112> RC53,238,-0.8,-26,-55.885,-56,-26.385
S5,0,1025,2040451318,CQ 1813/SEMUWT,416,2.72,-27,-57.02,-56.5,-27.02
S5,0,1027,464700815,CQ <RDCTR286> KIZP,2256,-1.36,-27,-56.793,-56.5,-26.793
S5,0,1029,1170167593,<...> C53 46EETVG RR73,981,-1.52,-26,-56.42,-56.5,-26.42
S5,0,1037,815897425,3BA528802C13DBAB24,1144,0.32,-26,-57.361,-57.5,-26.361
S5,0,1041,1464391817,CQ <...>,2322,-0.88,-27,-56.247,-56,-26.747
S5,0,1054,738335039,CQ R1LYGLYXSFB,2778,-0.88,-26,-56.274,-56.5,-26.274
S5,0,1055,1704902266,<RDCTR332> R/R <RDCTR52>/R R AB61,2509,-0.96,-27,-57.459,-57,-26.959
S5,0,1057,2072311525,M76NDI/R L10ELI LQ26,1478,-0.48,-26,-56.368,-56.5,-26.368
S5,0,105,1376894754,?-2ZMAVPESDR/,1209,3.04,-27,-56.608,-56,-27.108
S5,0,1063,690116694,CQ DAXNLH FYTG,1969,-1.2,-26,-56.465,-56.5,-26.465
S5,0,1073,1119546474,<RDCTR167> <RDCTR166> FN95,1816,-0.96,-27,-56.973,-56.5,-26.973
S5,0,1076,1060159751,<RDCTR350>/R <RDCTR121> R QG34,2425,-1.04,-27,-57.111,-56.5,-27.111
S5,0,1080,34601636,<...> <RDCTR204> GK94,2666,-1.36,-27,-57.75,-57.5,-26.75
S5,0,108,211075191,<RDCTR10> 431 KL/R RH04,2075,-1.6,-26,-55.594,-56.5,-25.594
S5,0,1095,2021241788,0RIRC3B7ICR <...>,1981,-1.36,-27,-56.529,-56,-27.029
S5,0,1104,1154910337,CQ ZKRA <RDCTR98> PJ93,2734,-1.6,-26,-55.413,-56,-25.913
S5,0,1132,1524219736,CQ FSCO <RDCTR244>/P GI34,2919,-1.52,-26,-55.978,-56.5,-25.978
S5,0,1133,1247729654,YLIWQXNO2PN <...> 73,1503,-0.88,-26,-56.808,-57,-26.308
S5,0,1136,1977250977,3XS8PAF/P <RDCTR279> R PC76,1425,3.12,-27,-57.27,-57,-26.77
S5,0,1142,1740076702,<RDCTR317> <RDCTR99> R PN04,706,0.24,-26,-57.405,-57.5,-26.405
S5,0,1146,1446018643,<RDCTR107>/P <RDCTR135>/P QM40,2134,-1.6,-27,-57.587,-57,-27.087
S5,0,1147,13950195,<RDCTR145>/R <RDCTR139> DC34,2738,-0.48,-28,-58.796,-57,-28.296
S5,0,1150,1317739974,A4 DY/P <RDCTR54> BN41,2247,2.88,-27,-57.2,-56.5,-27.2
S5,0,1155,1285975723,<RDCTR269>/P <RDCTR264> OE86,888,-1.2,-27,-58.056,-57.5,-27.056
S5,0,1168,695342243,106QGG W90HLZ EC23,2491,-1.28,-27,-57.401,-56.5,-27.401
S5,0,1169,398466591,CQ <...>,1975,-1.12,-26,-56.618,-57,-26.118
S5,0,1169,398466591,<RDCTR82>/P <...> HF92,1394,-0.08,-26,-56.385,-57,-25.885
S5,0,1182,12891089,<RDCTR90> <RDCTR79> DG80,1969,-0.96,-27,-56.781,-56.5,-26.781
S5,0,1185,1685224653,<RDCTR192>/R <RDCTR354>/R R BR32,894,-1.44,-27,-56.793,-56.5,-26.793
S5,0,1197,1015654465,<RDCTR358> <RDCTR266>/P R GN92,2128,-0.08,-27,-57.096,-57,-26.596
S5,0,1216,1755187904,<RDCTR226> <RDCTR311>/R R AL36,2709,-1.2,-26,-57.211,-57.5,-26.211
S5,0,1225,323125086,C29WYI <RDCTR07>/R R JB56,2878,-0.88,-27,-57.493,-56.5,-27.493
S5,0,122,503525738,<RDCTR12> <RDCTR95> JQ32,1022,-1.12,-27,-57.507,-57,-27.007
S5,0,1232,2145123555,09C5302655EA560814,1422,1.76,-26,-56.335,-57,-25.835
S5,0,1237,396691525,<RDCTR255>/P <RDCTR293>/P LL80,1356,-1.12,-27,-57.653,-57.5,-26.653
S5,0,1245,506312350,X69GBG <RDCTR289>/P OM75,444,1.84,-26,-56.62,-57,-26.12
S5,0,1246,1694257971,<RDCTR200>/R <RDCTR72> R GK85,325,-0.56,-26,-55.993,-56.5,-25.993
S5,0,1250,988444930,<...> MJF/2EVOV34 RR73,866,-1.28,-27,-57.331,-57,-26.831
S5,0,1259,1265002688,W77TG 641WKB/P DB05,1100,-0.96,-26,-56.733,-57,-26.233
S5,0,1268,1156076527,W68 UA 743SNS/P +G2,672,-0.4,-27,-57.132,-56.5,-27.132
S5,0,1270,1565043573,CQ <...>,1384,2.32,-27,-56.576,-56.5,-26.576
S5,0,1272,27852616,106PIZ/R <RDCTR326> +H3,2225,-0.88,-26,-56.822,-57,-26.322
S5,0,1277,591390070,<RDCTR305>/P <RDCTR282>/P R AR79,269,2.72,-27,-57.046,-56.5,-27.046
S5,0,1301,1541674903,CQ XVTF L22OTQ/R NJ78,906,-1.6,-27,-57.232,-56.5,-27.232
S5,0,131,40753756,12OJU7IY+-4-.,1869,-1.36,-26,-57.479,-57.5,-26.479
S5,0,132,1436126592,0Z3 Z A18VLV R QB91,2678,1.04,-27,-57.361,-56.5,-27.361
S5,0,1333,1069137736,162JDE M59KJO/R R BO61,1856,2.64,-26,-56.403,-56.5,-26.403
S5,0,1341,2038506127,V52QOL DI5 CU EN32,2816,-0.32,-27,-57.571,-57.5,-26.571
S5,0,1342,1267066210,<RDCTR96> <RDCTR163>/R R OP13,1047,3.04,-25,-54.878,-56.5,-24.878
S5,0,1358,281289836,CCP3DNZH23Y2X,1578,2.88,-26,-55.46,-56,-25.96
S5,0,1358,281289836,<RDCTR109> 245 WW AC45,1125,-1.12,-27,-56.507,-56,-27.007
S5,0,1364,238759830,<RDCTR233>/R <RDCTR75> R CP44,2019,0.56,-26,-56.146,-56.5,-26.146
S5,0,1377,525036067,<RDCTR352>/R X45PKU KC09,2169,-1.2,-26,-55.915,-56,-26.415
S5,0,1385,379239844,<RDCTR179> <RDCTR130> R NG58,1641,2,-26,-56.443,-56.5,-26.443
S5,0,1398,1467871913,CQ GD3GX0P2/6J,2469,-1.44,-27,-56.514,-56.5,-26.514
S5,0,1404,382271274,<RDCTR185> <RDCTR133>/R R FH68,866,-1.04,-26,-57.215,-57.5,-26.215
S5,0,1410,440229305,<...> 090R0XPCTPJ 73,1406,-1.52,-27,-57.761,-57.5,-26.761
S5,0,1416,175550356,<RDCTR11>/P <RDCTR140> R HN61,1613,-1.52,-27,-57.203,-57,-26.703
S5,0,1423,1507528521,NV0 KL S88GUE/R R JC74,2581,0.24,-26,-56.551,-57.5,-25.551
S5,0,1429,1711654820,<RDCTR309> G89HND MH44,706,-0.24,-26,-56.545,-57,-26.045
S5,0,143,604425247,<RDCTR292> W H63PYF R QN33,1016,-0.72,-27,-57.081,-56.5,-27.081
S5,0,1446,51877034,<RDCTR234>/P 20BVW JN46,697,-0.96,-26,-55.76,-56,-26.26
S5,0,1450,956029212,46EA77C977C1193C1F,1903,2.88,-27,-57.053,-56.5,-27.053
S5,0,1451,1764916114,<RDCTR229>/P <RDCTR199> QP66,2469,0,-27,-56.595,-56.5,-26.595
S5,0,1453,966409391,<...> <RDCTR295>/Z/FL RRR,966,-1.04,-26,-56.09,-56.5,-26.09
S5,0,1455,1396744788,CQ <...>,2188,-0.88,-26,-56.479,-57,-25.979
S5,0,1456,67167395,<RDCTR256> <RDCTR177>/R R AC71,1222,3.12,-27,-57.277,-57,-26.777
S5,0,1469,1593563829,<RDCTR32> <RDCTR105>/P MF89,1328,3.04,-26,-56.642,-57.5,-25.642
S5,0,1474,787309254,CQ HHDM R53BTE/P R BE03,1678,-1.6,-27,-56.667,-56.5,-26.667
S5,0,1491,755912078,<...> <RDCTR273>/R R DR65,381,-1.44,-26,-56.829,-57,-26.329
S5,0,1495,1944096285,CQ AQVN 3B4 JM R JE88,734,-1.6,-26,-56.935,-57,-26.435
S5,0,1495,1944096285,R NSCUN1XR1 <...> 73,2013,-1.28,-26,-56.669,-57,-26.169
S5,0,1505,1658693267,K84TCR <RDCTR100> Y/P R AI03,2744,3.04,-28,-57.723,-56.5,-27.723
S5,0,1505,1658693267,<...> 377R4B4ISJV RRR,1603,3.12,-27,-56.912,-56.5,-26.912
S5,0,150,2092704402,H61FQR/R J06AZB CP02,1916,-0.96,-28,-57.034,-56,-27.534
S5,0,1519,1126486116,<RDCTR174> <RDCTR351> KG48,2269,-0.56,-27,-56.32,-56,-26.82
S5,0,1520,1607216236,<<RDCTR292> W> NZDCJ2UDF5N 73,428,-1.28,-27,-57.035,-56.5,-27.035
S5,0,1521,418392717,-V/4CS4MXG-XM,1044,3.04,-26,-56.385,-56.5,-26.385
S5,0,1523,1922870258,0329405D10F18C1014,1544,-1.28,-28,-57.514,-56,-28.014
S5,0,1533,257653974,<...> G55K2Y <RDCTR47> RR73,2778,2.16,-26,-56.405,-57,-25.905
S5,0,1538,1465300656,CQ 6U0G0189TTE,2884,-0.88,-26,-56.164,-56.5,-26.164
S5,0,1552,1306397346,CQ <...>,1459,2.96,-27,-56.82,-56.5,-26.82
S5,0,1555,1881983472,3XR6IDQ <RDCTR141> JI08,316,0.4,-26,-56.614,-57,-26.114
S5,0,1556,479481791,<RDCTR33> BU8 JO/P R DM40,2453,-1.12,-27,-56.646,-56.5,-26.646
S5,0,1564,1237397477,986NIE/R 420GLW/R JO41,2172,-0.64,-26,-56.44,-56.5,-26.44
S5,0,1573,1156530818,<RDCTR284>/P <RDCTR240> HF55,1853,-0.96,-26,-56.774,-57,-26.274
S5,0,1580,1292258624,M O/?FH+/OBK+,1456,-0.48,-26,-56.289,-57,-25.789
S5,0,1582,1908689271,CQ <...>,2659,2.96,-27,-56.767,-56.5,-26.767
S5,0,1583,911305862,CQ 58PLBISH8FY,2325,2.88,-27,-57.053,-56.5,-27.053
S5,0,158,868384073,CQ <...>,2341,-1.6,-27,-57.826,-57.5,-26.826
S5,0,1610,1990200535,<RDCTR285> <RDCTR178> K QO57,2425,-0.96,-27,-57.39,-57,-26.89
S5,0,1621,29636823,1490D21246F7DCD381,1778,1.28,-26,-56.981,-57,-26.481
S5,0,1625,1472144525,N47X52FYYTW <...>,1522,-1.28,-26,-55.93,-56.5,-25.93
S5,0,163,90738479,CQ 21FT75YPZB7,2231,3.04,-26,-56.034,-56.5,-26.034
S5,0,163,90738479,772PJM <RDCTR151> BC90,2719,-1.12,-28,-58.028,-56.5,-28.028
S5,0,1649,1817360472,CQ <...>,1875,3.04,-27,-57.588,-57,-27.088
S5,0,1652,670045067,<RDCTR257>/P 3XU8JLY R NR29,2322,-1.36,-26,-55.7,-56.5,-25.7
S5,0,1653,768852237,C+8ZTRH3LI3AX,728,-0.16,-26,-56.564,-57,-26.064
S5,0,1654,1670840576,<RDCTR193> <RDCTR347>/R MA84,2444,-0.32,-27,-56.61,-56.5,-26.61
S5,0,1656,51731889,<...> 1ZC746HM NX RR73,2206,-1.44,-27,-56.157,-56,-26.657
S5,0,1666,195925160,1BLHIEJ7H0V <...>,238,-1.12,-28,-58.299,-56.5,-28.299
S5,0,1672,423950850,9I2 XW/P <RDCTR205>/P BH79,847,3.12,-25,-55.338,-56.5,-25.338
S5,0,1678,100262267,<RDCTR341>/P <RDCTR209> IQ03,1450,-1.28,-27,-56.965,-56.5,-26.965
S5,0,167,1185333218,<...> <RDCTR252> OK09,1859,-1.12,-27,-57.472,-56.5,-27.472
S5,0,1683,1364476700,<...> NX0CC904X4A 73,2731,-0.4,-27,-56.908,-56.5,-26.908
S5,0,1748,978217812,Y60PQY <RDCTR154>/P R DR68,1500,2.8,-27,-57.086,-57,-26.586
S5,0,1749,918374809,<RDCTR171> 633OWZ OC07,2750,3.04,-27,-57.095,-56.5,-27.095
S5,0,1757,1233844752,<RDCTR148> A/R <RDCTR118>/R R OI87,597,-0.64,-27,-57.6,-57,-27.1
S5,0,1758,1927429617,NXCJ/M0LOB5CO,2631,-0.88,-26,-56.89,-57,-26.39
S5,0,175,1031879935,<RDCTR212>/R 286 WE/R R CK41,1259,-0.8,-27,-57.5,-57,-27
S5,0,1764,2011497068,<...> 6ECK6A0JOTY,2475,0.96,-26,-55.646,-56.5,-25.646
S5,0,1766,1035907619,1.6JAYIL?K/U?,1147,1.12,-26,-56.335,-56.5,-26.335
S5,0,1775,1492153901,<...> <RDCTR225>/R R DI60,2803,-1.04,-27,-57.451,-56.5,-27.451
S5,0,1776,528671424,CQ <...>,1628,-1.28,-27,-56.965,-56.5,-26.965
S5,0,1792,321630411,CQ 40 644RVNSJ,1406,-0.96,-27,-56.884,-56.5,-26.884
S5,0,1803,690807676,LK+T9QLZYL-V+,288,2.08,-26,-56.608,-57.5,-25.608
S5,0,1805,76797872,1TJZOKQ5WRN <...>,356,-1.2,-27,-56.606,-56.5,-26.606
S5,0,1806,1899148702,8J3TWKBVX/Z+1,728,-1.28,-27,-57.141,-57,-26.641
S5,0,181,1183292314,047JTV <RDCTR134> QQ75,1578,-1.2,-27,-58.38,-57.5,-27.38
S5,0,1836,1852285694,YYGYCT2N 3D <...> RR73,400,-1.44,-26,-56.493,-56.5,-26.493
S5,0,1847,1009718449,<...> 5Z8963ARYHU RRR,2944,-0.96,-27,-57.87,-57,-27.37
S5,0,1872,995556258,1B5F10B7C25261BD26,388,-0.88,-27,-56.699,-56,-27.199
S5,0,1913,424722091,DF <RDCTR113> 0K R,2569,2.96,-27,-57.72,-57,-27.22
S5,0,1918,491323195,CQ <...>,681,-1.44,-26,-55.5,-56.5,-25.5
S5,0,1919,331923837,C63TAV <RDCTR131> R EL44,2222,-0.88,-27,-56.363,-56,-26.863
S5,0,192,1168445135,<RDCTR149>/R 752ZUB/R PR00,1925,1.04,-26,-56.411,-56.5,-26.411
S5,0,1933,171813943,I50ZOY <RDCTR245>/P DO52,2828,-0.4,-26,-56.836,-57,-26.336
S5,0,1949,1738865418,59632D5FA6832CF3EB,222,2.8,-27,-57.862,-57.5,-26.862
S5,0,1951,1781970467,<RDCTR53> <RDCTR31> OI97,972,-1.2,-27,-57.085,-56.5,-27.085
S5,0,1961,2010887385,CQ HTTP <RDCTR188> R AF89,1028,-1.52,-27,-56.261,-56,-26.761
S5,0,1967,1664447608,MDUGKGIWNKA <...>,1231,2.72,-26,-56.632,-57,-26.132
S5,0,1981,1868418106,AY+ZPPK4T9UCW,1406,1.12,-26,-56.696,-57,-26.196
S5,0,1982,62385934,K90 AU/R <RDCTR15> R PE68,2438,-1.12,-28,-58.333,-57,-27.833
S5,0,1982,62385934,<RDCTR278>/R <RDCTR223>/R R EE94,2019,-1.12,-27,-57.611,-57,-27.111
S5,0,198,1766946940,CQ <...>,2538,-0.72,-26,-56.115,-56.5,-26.115
S5,0,226,106826517,Z98BOU/R <RDCTR323> R EP10,2066,2.72,-26,-55.572,-56.5,-25.572
S5,0,227,1367658933,<RDCTR314> <RDCTR129>/P IM20,1916,-1.52,-27,-57.094,-56.5,-27.094
S5,0,237,1237269653,<RDCTR41> <RDCTR238>/R R HN80,347,3.04,-26,-56.338,-56.5,-26.338
S5,0,241,776862242,<RDCTR165>/P Y55YUO/P PQ74,2509,-1.12,-27,-56.896,-56,-27.396
S5,0,251,176206294,CQ 58/CFERY7XB,1197,-0.96,-27,-57.219,-57,-26.719
S5,0,256,681967637,5EY3291LTQQ <...>,763,-0.32,-26,-56.318,-57,-25.818
S5,0,267,139036762,<RDCTR138> A55DJV/R R IO73,563,1.28,-27,-56.797,-56.5,-26.797
S5,0,281,2136780782,<RDCTR349> <RDCTR64> R HB70,1534,-0.72,-27,-57.027,-57,-26.527
S5,0,291,2099056751,46E672C6A14EBA2163,288,-1.12,-27,-57.563,-57,-27.063
S5,0,291,2099056751,<...> C6T5 D50VJQ RR73,1538,-1.36,-27,-57.029,-57,-26.529
S5,0,294,51220613,<...> 4QTBTW19M35,1425,3.12,-26,-56.446,-56.5,-26.446
S5,0,297,1689154468,<RDCTR334>/P <RDCTR56>/P HF36,2425,-1.36,-27,-57.143,-57,-26.643
S5,0,301,124653943,M/YH VK351B <...> RRR,509,-1.2,-25,-55.113,-56.5,-25.113
S5,0,319,1522189422,<...> <RDCTR34>/R PF06,1041,3.04,-26,-55.649,-56,-26.149
S5,0,320,1374792709,<RDCTR45> <RDCTR250> R IO73,1597,0.72,-26,-56.215,-56.5,-26.215
S5,0,350,590252297,<RDCTR92> 950FUV JC13,1028,-0.72,-26,-56.399,-57,-25.899
S5,0,356,851106461,CQ <...>,403,-1.6,-26,-56.181,-56.5,-26.181
S5,0,357,1748000578,HI9GV3DRTT <...> 73,2875,-0.8,-27,-57.02,-56.5,-27.02
S5,0,359,985966773,<RDCTR152>/P 9F8 NV MB80,2450,-1.28,-26,-57.063,-57.5,-26.063
S5,0,371,247929837,CQ TZFT <RDCTR183>/P R FA71,509,-1.44,-27,-56.65,-56,-27.15
S5,0,373,1731692814,<RDCTR169> <...> R OO85,2281,-0.88,-26,-57.356,-57.5,-26.356
S5,0,385,223223049,CQ SXLE U32LPK R EO13,1009,-1.52,-26,-56.29,-57,-25.79
S5,0,395,191763828,CQ W6/SRU41F/A,2447,-0.24,-27,-57.331,-56.5,-27.331
S5,0,398,646096731,CQ EHCN <RDCTR17> R LR40,2022,-1.52,-27,-59.08,-58.5,-27.08
S5,0,398,646096731,CQ QTWU <RDCTR161> R FA37,2103,-1.52,-27,-58.529,-58.5,-26.529
S5,0,404,2074701463,<RDCTR316>/R 343GHV/R ML50,884,-0.96,-26,-56.925,-57,-26.425
S5,0,410,1398307015,QT8JD3R5LO2 <...>,744,-1.36,-27,-56.979,-56.5,-26.979
S5,0,422,806115258,617DPJ/P <RDCTR159>/P ID87,1391,-0.16,-27,-56.462,-56,-26.962
S5,0,427,2077418503,CQ 5Q0/UNHELYZ,1972,2.56,-26,-56.922,-57,-26.422
S5,0,433,1227717498,<RDCTR71> <RDCTR119>/R MM51,2453,-0.24,-26,-55.656,-56.5,-25.656
S5,0,440,1273808213,<RDCTR338>/R <RDCTR262> R BO74,2328,-1.52,-26,-56.674,-57,-26.174
S5,0,461,691299082,<RDCTR300>/R <RDCTR86> ON44,2609,-0.96,-27,-56.521,-56,-27.021
S5,0,472,2115772265,H74ZCM/P <RDCTR127> R KL44,1025,2,-26,-55.772,-56.5,-25.772
S5,0,476,1854429528,CQ 6GDA8JFJTFM,1988,-0.8,-27,-57.297,-57,-26.797
S5,0,481,2137970100,Q7LDS <RDCTR260> KN11,2216,-1.28,-27,-56.514,-56.5,-26.514
S5,0,486,912352577,<RDCTR60> K12RIM/P R AO34,297,-1.28,-26,-57.493,-57.5,-26.493
S5,0,498,806746143,<RDCTR157>/P <RDCTR20>/P R MC68,1625,-0.8,-27,-56.662,-56.5,-26.662
S5,0,503,519202797,<...> Y15NQRNP8TN RR73,1894,-0.88,-27,-57.432,-57,-26.932
S5,0,507,1872683113,CQ BCND <RDCTR213>/P CF39,1391,-1.6,-27,-57.232,-56.5,-27.232
S5,0,514,1614207028,O86HHM L23LFL CJ26,1000,-0.32,-27,-56.87,-56,-27.37
S5,0,526,791949542,CQ AXIG H75BOE/P R HK50,1831,-1.52,-27,-56.841,-56.5,-26.841
S5,0,549,2065768214,CQ <...>,475,-0.88,-26,-56.007,-56.5,-26.007
S5,0,560,808758784,<...> KI1H8FC8G53,1350,-1.36,-28,-58.214,-57,-27.714
S5,0,570,1647053156,<RDCTR304>/P <RDCTR211> R DM36,1369,-1.12,-27,-57.347,-57,-26.847
S5,0,578,1342995436,P7P03AKE9E3 <...>,378,-1.52,-26,-56.725,-57,-26.225
S5,0,588,806784879,.ZNH46EZZZ-.U,2141,-1.36,-26,-56.771,-57,-26.271
S5,0,634,1820904045,<RDCTR242> <RDCTR308> R KH85,1866,-1.2,-27,-56.951,-56.5,-26.951
S5,0,638,1499254902,CQ SKGHPJXZ73K,1300,1.68,-26,-56.051,-56.5,-26.051
S5,0,648,1790092620,CQ <...>,2713,-1.52,-28,-57.572,-56.5,-27.572
S5,0,670,882260031,W87FQD P82OZE/P R GK33,2269,-0.88,-27,-57.295,-57,-26.795
S5,0,671,1120396849,?3NZQW/GX?GMD,1656,-0.8,-27,-56.953,-56,-27.453
S5,0,691,88792446,CQ GMBC <RDCTR124> R EH20,1478,-1.6,-27,-58.109,-57.5,-27.109
S5,0,699,799007902,814PKQ T07FFR R NB78,2791,-0.48,-27,-57.579,-57,-27.079
S5,0,703,740195428,386TVA/R <RDCTR325>/R BM75,334,2.24,-27,-57.487,-57,-26.987
S5,0,703,740195428,7PYSK/UU?CX93,228,2.08,-26,-56.424,-57,-25.924
S5,0,707,80178716,CQ T4DI2XJLA4J,1284,-0.96,-27,-56.705,-56.5,-26.705
S5,0,708,1007574449,<...> <RDCTR348>/R R BA26,1009,-1.44,-27,-58.207,-57.5,-27.207
S5,0,709,540573267,<RDCTR76> R96HON/P NF05,963,-0.96,-27,-56.808,-56.5,-26.808
S5,0,713,1030059857,<RDCTR24> <RDCTR168> R CH93,2734,-1.04,-27,-56.382,-56,-26.882
S5,0,718,344626804,<RDCTR344>/P L98PGV/P R DM24,756,2.08,-26,-56.31,-56.5,-26.31
S5,0,723,475396506,<...> Z0UHC9WAAXE RR73,491,-0.24,-27,-57.253,-57,-26.753
S5,0,727,31311129,3XU9ITD/R <RDCTR158> CR24,1247,-0.8,-27,-57.838,-57.5,-26.838
S5,0,729,2018760905,CQ <...>,1153,-1.44,-28,-57.671,-56.5,-27.671
S5,0,729,2018760905,<RDCTR181>/R J36FXZ PR02,2072,3.12,-27,-56.791,-56.5,-26.791
S5,0,737,1597792051,115NSX W17PPW/P CG04,1359,-1.36,-26,-56.221,-56.5,-26.221
S5,0,742,1012282536,TMK?X?SJD7+2D,1897,-0.88,-27,-56.61,-56.5,-26.61
S5,0,755,1443916525,<RDCTR251>/R <RDCTR186> AA98,975,3.12,-26,-56.405,-56.5,-26.405
S5,0,772,725464255,<...> J34IRK/P R KR16,2063,-1.44,-27,-58.279,-57.5,-27.279
S5,0,778,787845293,181SZO/R <RDCTR16> EO42,2581,-0.64,-26,-56.16,-56.5,-26.16
S5,0,785,511750821,<...> 92SW0ATRK9S,828,-1.2,-27,-56.69,-56.5,-26.69
S5,0,798,1475588372,CQ LPRX H96BIM/R R HL81,647,-1.6,-26,-56.754,-57,-26.254
S5,0,801,2125807441,<RDCTR74> <RDCTR247> R CD38,2941,-0.72,-27,-56.804,-56.5,-26.804
S5,0,812,1423249389,G64EV51G9QP <...>,269,-1.04,-26,-55.792,-56,-26.292
S5,0,829,976653809,<RDCTR137> 3XF8SAA R KA16,2556,3.12,-26,-56.459,-57,-25.959
S5,0,862,1689548918,CQ <...>,1619,-0.8,-28,-57.892,-56.5,-27.892
S5,0,865,1940946070,<RDCTR346>/R <RDCTR235> HR84,797,0.72,-26,-56.063,-56.5,-26.063
S5,0,883,1450912100,SAF5NIHCYDU <...> RR73,1700,-1.12,-26,-56.375,-57,-25.875
S5,0,884,258710644,113WSI <RDCTR312> CD48,900,-1.04,-26,-56.486,-56.5,-26.486
S5,0,892,1454912063,<...> TXSW0 O EKA 73,1222,-1.36,-27,-56.043,-56,-26.543
S5,0,895,93158576,CQ TE0638RBN N,2897,3.12,-26,-56.372,-56.5,-26.372
S5,0,910,275038139,<RDCTR219> K29KCO/P HF49,2325,-1.04,-27,-57.083,-56.5,-27.083
S5,0,911,1540303733,<RDCTR146> <RDCTR330>/R QG30,2703,1.2,-25,-55.373,-56.5,-25.373
S5,0,929,1974554719,<RDCTR01>/R Z23KF/R R AL30,1503,-0.4,-25,-56.211,-57.5,-25.211
S5,0,949,14435390,<RDCTR42>/R <RDCTR101> R KD44,1078,-1.2,-27,-57.197,-57,-26.697
S5,0,960,1184580132,Y66RNN/R <RDCTR187>/R ED90,2497,3.12,-26,-55.561,-56,-26.061
S5,0,972,510558437,BLMJM1WVES6 <...> RRR,209,-1.2,-28,-58.085,-57,-27.585
S5,0,972,510558437,<RDCTR37>/P <...> R LM64,2544,-0.8,-27,-57.716,-57,-27.216
S5,0,979,1625481724,<RDCTR243> <RDCTR313> R OL23,1953,-1.6,-27,-57.42,-56.5,-27.42
S5,0,997,204729349,620IJS/P <RDCTR217> R KC01,1766,2.48,-27,-58.795,-58,-27.295
S5,1,20,783127692,<RDCTR337>/R <RDCTR274>/R MR64,1428,-1.12,-28,-58.701,-57.5,-27.701
S5,1,20,783127692,CQ KGZ 229NQX/P R JM77,619,-1.6,-27,-57.978,-57,-27.478
S5,1,27,336917293,<RDCTR84>/P <RDCTR06> B EN77,2231,-0.96,-27,-57.11,-57,-26.61
S5,1,34,264284341,<RDCTR191> 512BIL R NG14,863,-1.28,-25,-55.197,-56.5,-25.197
S5,1,41,1560381157,<RDCTR61>/R V67UGK R HI41,1013,3.04,-26,-55.905,-56.5,-25.905
S5,1,48,683044550,L16CRO G66JSU CG40,1716,-1.12,-27,-56.889,-56.5,-26.889
S5,1,51,978485698,H44ZQQ/R 220SQY/R BL83,2366,-1.52,-26,-56.167,-56.5,-26.167
S5,1,60,1951665,2B450B5824D2D74029,431,-0.88,-26,-57.815,-58,-26.315
S5,1,70,258901052,<...> 1QVQ58778RC,1078,-1.44,-26,-56.721,-57,-26.221
S5,1,86,218490133,O88DYU <RDCTR136>/R R KO53,1838,2.96,-27,-57.46,-57,-26.96
S5,1,92,426897843,CQ NEJ7E88MD22,944,2,-27,-57.519,-57,-27.019
S5,1,97,482998566,<RDCTR343> 334VCC KE11,981,-0.72,-26,-55.98,-56.5,-25.98
S5,1,1000,1818442151,CQ 8HZPULDBF2,1163,-0.88,-26,-55.61,-56.5,-25.61
S5,1,1005,151209388,<RDCTR239> <RDCTR162> R JO18,666,3.04,-27,-57.054,-56.5,-27.054
S5,1,1016,2133632966,<RDCTR173> <RDCTR14>/P R HD56,1769,-1.36,-27,-57.429,-57,-26.929
S5,1,1030,742416077,3HRV4S2  CK-T,1763,-1.2,-28,-58.944,-57,-28.444
S5,1,1047,367734170,<RDCTR268> <RDCTR203> M/P BR80,2494,2.64,-26,-56.338,-57,-25.838
S5,1,1054,1401068228,<RDCTR87> <RDCTR230>/P R JP85,1894,-0.16,-27,-57.026,-57,-26.526
S5,1,1069,1334886037,IOF9LMRO0Z7 <...> RRR,447,-0.96,-27,-57.082,-57,-26.582
S5,1,1073,687253101,00A35DB9D8CD5198AA,281,-1.44,-27,-58.357,-57.5,-27.357
S5,1,1076,130909245,<RDCTR236> T69QZR/R R RH67,2009,-1.04,-26,-55.896,-56.5,-25.896
S5,1,1077,123928230,<RDCTR339>/R X82CQY MM17,972,-1.04,-26,-57.285,-57.5,-26.285
S5,1,1106,226528804,<RDCTR160> W/P E44GNF BA84,309,2.88,-26,-56.4,-56.5,-26.4
S5,1,1119,666110403,CQ K KK2AUH5DE,2359,-1.36,-27,-57.25,-57,-26.75
S5,1,1124,522230267,G A8S1Y4GKNXT,1303,2.72,-27,-57.408,-57,-26.908
S5,1,1140,208440094,<RDCTR333> <RDCTR27>/R OB73,1713,2.56,-26,-56.117,-57,-25.617
S5,1,1149,462416162,<RDCTR08>/P <RDCTR197> JB00,1850,2.8,-27,-57.52,-57,-27.02
S5,1,1167,1025793766,053A5DAD1CA8826A37,1322,-0.88,-25,-55.473,-56.5,-25.473
S5,1,1169,566234661,<RDCTR09> <RDCTR263> AM60,334,2.88,-27,-57.387,-56.5,-27.387
S5,1,1182,1574414791,CQ I79XORZWQX1,1719,-1.36,-27,-58.414,-57.5,-27.414
S5,1,1184,301256952,<RDCTR283> N/R <RDCTR357>/R HI20,747,-0.8,-26,-56.115,-56.5,-26.115
S5,1,1185,1269846185,<RDCTR122> <RDCTR221>/R AB83,2894,1.52,-28,-57.158,-56,-27.658
S5,1,1191,2103176501,0009EBA11117125AD6,1422,-1.6,-26,-56.435,-57,-25.935
S5,1,1201,1169745730,<RDCTR297>/R <RDCTR102> R PI12,2291,-0.88,-27,-57.342,-56.5,-27.342
S5,1,1209,2012615307,<...> FMPSFF3LSS3 RRR,2525,-0.88,-26,-56.767,-57,-26.267
S5,1,120,793106652,<RDCTR49>/R <RDCTR208> R LQ27,1178,-1.04,-27,-57.174,-57,-26.674
S5,1,1211,1914978139,CQ ZA5KNM3W8HN,1125,-1.04,-27,-56.611,-56.5,-26.611
S5,1,1231,193852146,CQ EUQY <RDCTR40>/R R KG33,1425,-1.52,-27,-56.884,-56.5,-26.884
S5,1,1231,193852146,<RDCTR277> <RDCTR327>/P +<6,2153,-0.88,-26,-56.308,-56.5,-26.308
S5,1,1232,199008595,<...> J3L1/RM7CK6 RR73,878,2,-26,-56.715,-57,-26.215
S5,1,1235,350662640,<...> LMZP0VELHAX,550,-1.2,-26,-57.472,-57.5,-26.472
S5,1,1246,378756224,<RDCTR246>/R <RDCTR189>/R NC26,1966,-0.88,-27,-57.151,-57,-26.651
S5,1,1261,515474318,<RDCTR201> <RDCTR68> R LN47,1100,-1.04,-28,-58.222,-57,-27.722
S5,1,1262,359889653,<RDCTR324>/R <RDCTR108> NF37,2778,2.56,-26,-57.935,-58.5,-25.935
S5,1,1267,658213231,<RDCTR88>/P <RDCTR215> KL59,228,-1.04,-26,-56.646,-57,-26.146
S5,1,1268,1396743950,<RDCTR329>/P E85FBB/P EB23,584,-0.8,-27,-57.209,-57,-26.709
S5,1,1292,1256594922,<RDCTR288> 222KFV AO14,1175,-0.88,-27,-57.486,-56.5,-27.486
S5,1,1295,531966,<RDCTR80>/P P78XYB/P KQ52,2116,-1.2,-27,-56.739,-56,-27.239
S5,1,1319,1391230680,<RDCTR39>/R <RDCTR294> AN03,300,-1.04,-27,-57.16,-57,-26.66
S5,1,1319,1391230680,267LHY <RDCTR241>/R FJ14,2525,-0.4,-26,-56.599,-57,-26.099
S5,1,1320,851623244,<RDCTR296>/P <RDCTR172> J/P EL70,1591,-1.04,-28,-57.104,-56,-27.604
S5,1,1327,2004385652,<...> <RDCTR18>/P R HI23,2650,-1.36,-26,-57.45,-57.5,-26.45
S5,1,135,1366890650,L52SKQ <RDCTR290> R LO40,559,-0.88,-26,-56.103,-56.5,-26.103
S5,1,1374,8494521,06M5Z9ABCTJ <...>,706,-0.88,-27,-57.13,-57,-26.63
S5,1,1376,769961532,<RDCTR202> <RDCTR320> LG87,1872,3.12,-27,-57.75,-57.5,-26.75
S5,1,1394,216597465,/CG.JO-EX9?PK,1481,-1.44,-26,-57.75,-58,-26.25
S5,1,1402,1608418051,0E830FD54C0414E9CC,681,-1.2,-27,-56.556,-56,-27.056
S5,1,1410,991108060,<...> ZEVVGBOD39R,2941,-1.52,-27,-57.891,-57,-27.391
S5,1,1411,505344313,Q7ZCQ 380GZY NE50,1463,2.64,-27,-57.032,-56.5,-27.032
S5,1,1428,637030279,<RDCTR287> <RDCTR94> R RR73,2322,-0.24,-27,-57.331,-57,-26.831
S5,1,1448,586480457,3P3XESG9NE1 <<RDCTR217>>,263,-1.2,-27,-57.085,-57,-26.585
S5,1,1464,1650274785,<RDCTR222> <RDCTR156> EE66,1869,-1.12,-27,-56.708,-56.5,-26.708
S5,1,1520,16078408,<RDCTR322> <RDCTR253>/P CN88,1119,2.88,-26,-55.86,-56.5,-25.86
S5,1,1535,1313388036,L9WIRLE5IQ9 <...> RRR,275,-1.6,-26,-57.254,-57.5,-26.254
S5,1,1545,1491307539,<RDCTR345>/P <RDCTR125>/P +H5,1350,-0.08,-27,-56.872,-56.5,-26.872
S5,1,1546,553964523,<...> <RDCTR21>/R PO95,2088,-1.44,-27,-57.671,-57,-27.171
S5,1,1550,100882028,197HRX/P <RDCTR195> MA60,738,-1.2,-28,-58.585,-57.5,-27.585
S5,1,1553,1955797631,1G6 OY K76ALA KK62,506,-1.2,-26,-56.148,-56.5,-26.148
S5,1,156,1840466518,CQ SAGW <RDCTR19> R KE12,2350,-1.6,-27,-56.565,-56.5,-26.565
S5,1,1572,384290406,4UNEGLD204N <...>,1200,-0.56,-27,-57.067,-57,-26.567
S5,1,1577,333982551,<...> O/<RDCTR116> FB RRR,2553,-0.64,-26,-56.3,-56.5,-26.3
S5,1,1592,1048751438,73A1TASZFQ <...>,269,2.4,-28,-58.34,-56.5,-28.34
S5,1,1594,682067560,CQ <Z23KF/R>,1322,0.8,-26,-56.152,-57,-25.652
S5,1,1610,377574892,<...> <RDCTR301> R AN25,1731,-1.36,-26,-57.214,-57.5,-26.214
S5,1,1612,1416475312,<RDCTR227>/P <RDCTR302>/P PO95,1000,1.76,-26,-56.082,-56.5,-26.082
S5,1,161,1170469774,002EA8481CB2C00E4D,969,-1.52,-27,-57.79,-57.5,-26.79
S5,1,1620,669356267,32XKG/P <RDCTR51>/P JI64,2938,2.72,-26,-57.454,-57.5,-26.454
S5,1,1628,1399017183,.<RDCTR132>.+0 ?GU,1316,-1.2,-26,-55.986,-56,-26.486
S5,1,1635,1342727128,CQ <...>,1216,-1.36,-26,-55.629,-56.5,-25.629
S5,1,1640,1241012328,023 DL/P <RDCTR164> O CO96,928,-0.96,-26,-56.733,-57,-26.233
S5,1,1641,540864918,CQ VTTX <RDCTR28> KN81,1600,-1.44,-28,-58.171,-56.5,-28.171
S5,1,1661,1993089701,<RDCTR144> D10DDW/R R DN86,2616,-1.28,-27,-57.676,-57,-27.176
S5,1,1670,1548117048,L25NWB/P <RDCTR258> CG02,1497,-1.28,-26,-56.056,-56.5,-26.056
S5,1,1675,990806092,<RDCTR267> <RDCTR315> R FL30,2375,2.64,-27,-56.006,-56,-26.506
S5,1,1677,1457892473,<RDCTR25> <RDCTR89> EH18,269,1.84,-26,-56.418,-56.5,-26.418
S5,1,1685,236803810,CQ RSMY <RDCTR103>/R GQ89,753,-1.6,-27,-56.703,-56,-27.203
S5,1,1697,1055880711,<RDCTR342>/P <RDCTR73> R AQ77,584,-1.28,-27,-56.754,-56.5,-26.754
S5,1,1710,312463294,G00B W D04 ZC R HG78,1238,0.08,-25,-56.494,-57.5,-25.494
S5,1,1711,1689793809,<...> <RDCTR232> KN40,2456,-1.44,-27,-57.007,-57,-26.507
S5,1,1717,2064964936,<RDCTR22> <RDCTR35>/R HQ04,1978,-0.72,-26,-56.899,-57,-26.399
S5,1,1734,2125329482,<RDCTR150>/R <RDCTR176>/R KL04,1222,-0.8,-27,-57.047,-57,-26.547
S5,1,1734,2125329482,CQ GXD13RZ2N9U,269,-0.08,-27,-57.237,-56.5,-27.237
S5,1,1739,444972584,N21 KJ EU2 KD/R R DK80,266,-0.96,-26,-55.507,-56,-26.007
S5,1,1767,1868378451,<...> VSPJDO9ZX8C RRR,2369,0.24,-26,-56.114,-56.5,-26.114
S5,1,1768,271819923,<RDCTR259>/R S17TEE R KD88,1806,-0.72,-26,-56.831,-57,-26.331
S5,1,1783,1827074555,<6U0G0189TTE> VQOYCQKVDL7 RR73,1175,-0.88,-27,-57.034,-56.5,-27.034
S5,1,1810,1737215455,P 0D- Q39+8U8,1609,-1.04,-27,-56.785,-56.5,-26.785
S5,1,1814,2127297219,CQ <...>,2906,-1.12,-26,-56.722,-57.5,-25.722
S5,1,1817,1938612748,CQ <...>,1675,-1.36,-27,-56.436,-56,-26.936
S5,1,181,959354582,CQ 65JAN8MBA5,600,-0.8,-26,-56.865,-57,-26.365
S5,1,1826,1096155418,5ICF/<RDCTR110> <...> RR73,2866,-1.12,-27,-56.91,-56.5,-26.91
S5,1,1831,530341373,Y?FEGOA L WZM,2953,-0.32,-27,-57.344,-57,-26.844
S5,1,1838,782768518,<RDCTR299>/R <RDCTR175>/R AC37,2188,-1.2,-28,-58.225,-57,-27.725
S5,1,1851,596386101,020DA5CC36F0B091B2,1191,-1.6,-26,-56.348,-56.5,-26.348
S5,1,1865,1677798052,CQ <A4 DY/P>,928,2.48,-27,-56.212,-56,-26.712
S5,1,1866,2078445186,CQ 49SS6CV OFH,2384,2.96,-27,-56.927,-56.5,-26.927
S5,1,1877,790136190,CQ 5Y5TH2IV370,2156,-1.6,-28,-57.826,-56.5,-27.826
S5,1,1878,1389276255,<...> <RDCTR142>/P R BA96,2859,-1.44,-27,-58.543,-58,-27.043
S5,1,1881,863047108,CQ <...>,2494,-0.24,-27,-57.448,-57,-26.948
S5,1,1898,1802043446,CQ VVQQ <RDCTR120>/R AF79,1431,-1.52,-26,-56.928,-57,-26.428
S5,1,1901,107552393,<RDCTR04> W55NGV LG59,1291,-1.04,-27,-57.292,-57,-26.792
S5,1,1903,1471765288,<...> 46/R O/<RDCTR335> RRR,2278,-0.48,-27,-57.079,-56.5,-27.079
S5,1,1908,1089530479,CQ BDVD <RDCTR271>/P AP50,2503,-1.6,-27,-56.138,-56,-26.638
S5,1,1919,155289147,1AND8LHMDC8 <...> RRR,1903,-1.6,-27,-56.681,-56.5,-26.681
S5,1,1924,1846758639,<...> M38CFF/R GK50,2691,-1.44,-27,-57.486,-57,-26.986
S5,1,1927,157613419,<...> I0VLI765A5 73,950,-0.72,-26,-56.48,-56.5,-26.48
S5,1,1928,190290455,<RDCTR331>/P <...> BA46,1506,-0.56,-27,-56.927,-56.5,-26.927
S5,1,1939,911333611,<RDCTR43>/R <RDCTR306>/R R ML82,2528,2.88,-27,-56.827,-56,-27.327
S5,1,1955,294118597,<RDCTR321>/R L29IMH/R ID37,1431,3.04,-27,-57.182,-56.5,-27.182
S5,1,1960,647048736,CQ <...>,2950,-0.4,-26,-56.033,-57,-25.533
S5,1,1972,1703035781,<...> <RDCTR254>/P R OB53,2238,-1.52,-26,-56.362,-56.5,-26.362
S5,1,1981,566091100,<RDCTR228>/P <RDCTR70>/P R AM47,359,-1.52,-27,-57.906,-57,-27.406
S5,1,1992,1907503742,<...> KB 85DR0/D3 RR73,1500,-1.44,-27,-57.229,-57,-26.729
S5,1,1994,1073274968,3AMEYYRDN/N <...>,1372,2.8,-27,-57.375,-57,-26.875
S5,1,1998,506838035,027GAW I01RSJ R OQ15,2538,3.12,-26,-56.682,-57,-26.182
S5,1,1999,350636404,<RDCTR78> <RDCTR298>/P QC18,931,-0.88,-27,-57.884,-57,-27.384
S5,1,1999,350636404,4GDAYOJ9.1WR,1428,-1.36,-26,-56.9,-57.5,-25.9
S5,1,199,54186083,<...> 047 EB/P FH31,969,-1.36,-27,-56.936,-56.5,-26.936
S5,1,200,921156850,72AECAE71860503E4A,284,-0.96,-26,-56.973,-57,-26.473
S5,1,227,608319791,<RDCTR26>/P <RDCTR319> R FB61,2600,-1.12,-27,-56.549,-56.5,-26.549
S5,1,240,323343319,<...> EI89ALDOP1H RR73,628,-1.12,-27,-57.806,-57,-27.306
S5,1,260,525744210,<RDCTR218> <RDCTR115> R RF31,2166,0.72,-26,-55.734,-56.5,-25.734
S5,1,262,363743506,PN5 KR 3XQ1VKZ FJ03,2638,-0.56,-26,-56.32,-56.5,-26.32
S5,1,291,1896733631,CQ Q1/94NJ0E/C,641,-0.48,-27,-57.112,-56.5,-27.112
S5,1,309,136641776,<RDCTR29> <RDCTR336>/P DQ12,2459,-1.04,-27,-57.417,-57,-26.917
S5,1,311,392060245,00889EA121C0D879A5,2828,-1.6,-27,-57.275,-56.5,-27.275
S5,1,326,1010307951,<RDCTR194>/R <RDCTR59>/R EL66,1003,-0.96,-26,-56.452,-56.5,-26.452
S5,1,337,1235446271,K19YRG G82ZSW OM39,1678,-1.04,-26,-55.861,-56.5,-25.861
S5,1,350,1292625329,<RDCTR210>/P 0D2  Q/P HD88,884,-1.12,-26,-56.938,-57,-26.438
S5,1,357,1369875282,<RDCTR249> <RDCTR355> EO92,953,-0.88,-26,-56.082,-56.5,-26.082
S5,1,358,1207145307,CQ <RDCTR58> S3LP40G,2813,-0.96,-27,-57.342,-56.5,-27.342
S5,1,363,1779183840,KH0-SH1?7O1G7,2463,2.88,-26,-56.933,-57,-26.433
S5,1,383,257743438,18PDT/P <RDCTR224> R LR11,1797,-1.2,-27,-57.535,-57,-27.035
S5,1,384,561710837,<RDCTR05> <RDCTR62>/P BE92,2784,-0.96,-26,-56.11,-56.5,-26.11
S5,1,414,1191158230,<RDCTR265>/R <RDCTR81>/R R CO44,2331,-1.12,-27,-57.257,-56.5,-27.257
S5,1,432,1294475988,010JAO <RDCTR36> R HH39,1553,-1.2,-27,-57.662,-57.5,-26.662
S5,1,437,1219062889,45D69485E0B8CA5053,869,1.12,-26,-57.013,-57.5,-26.013
S5,1,461,1776815615,<RDCTR126>/R <RDCTR83>/R R MR05,2306,2.32,-26,-55.835,-56.5,-25.835
S5,1,465,1315844762,<RDCTR231>/R C10UIU R DM27,831,-1.12,-26,-56.396,-56.5,-26.396
S5,1,494,2144378999,<...> M40SEA R MR31,2763,-1.36,-27,-57.793,-57,-27.293
S5,1,516,704092934,GOK141Y7U8L <...> RR73,1481,-1.2,-27,-56.549,-56.5,-26.549
S5,1,524,279668454,CQ <...>,2456,-1.44,-28,-58.421,-57,-27.921
S5,1,525,1536906508,VOFZ TBB3-UW8,297,-1.04,-27,-57.625,-57,-27.125
S5,1,526,1773122300,4E.5Y2+9+<RDCTR216>,972,2.88,-26,-57.713,-58,-26.213
S5,1,528,151718493,71B0E60E60182A3FD8,1091,2.48,-27,-57.006,-57,-26.506
S5,1,551,2020029898,<...> <RDCTR66> R EH88,1316,-1.2,-26,-56.12,-57,-25.62
S5,1,553,194668023,<RDCTR57> J09AED/R R AN19,1441,-1.12,-28,-58.389,-57,-27.889
S5,1,559,1355385174,<RDCTR184> <RDCTR310> OK46,2369,-0.48,-27,-56.993,-56.5,-26.993
S5,1,573,920752745,<RDCTR123> <RDCTR38>/P GC17,2247,-1.2,-26,-56.88,-57,-26.38
S5,1,574,950508426,<RDCTR307>/R <RDCTR272> HL78,2334,3.04,-27,-56.804,-56.5,-26.804
S5,1,582,2134326941,<RDCTR281> L <RDCTR91> BN41,963,-1.28,-27,-56.606,-56,-27.106
S5,1,583,1351309713,<RDCTR291>/P J50ESU AP94,2466,-1.12,-26,-57.382,-58,-25.882
S5,1,585,303550254,I00BDU S15MIV OC12,1278,-0.88,-26,-56.055,-57,-25.555
S5,1,593,1062087218,<...> 3EHJ6JU8HQD 73,1313,-1.52,-28,-58.5,-57.5,-27.5
S5,1,611,166936351,<RDCTR196> <RDCTR214> OC69,2803,-0.88,-27,-56.527,-56.5,-26.527
S5,1,615,1014585996,<RDCTR85>/P Z43NIM AC40,506,2.96,-25,-55.813,-57,-25.313
S5,1,631,144939626,VCLUCLM5YSN <...> 73,550,3.12,-26,-57.02,-57.5,-26.02
S5,1,632,62855505,<RDCTR170> <RDCTR318>/R CH86,1722,2.32,-26,-56.184,-57,-25.684
S5,1,644,389314909,<...> PJEQM5C/DRN RRR,1303,3.04,-27,-57.365,-56.5,-27.365
S5,1,655,1379245314,<...> 1/<RDCTR182>/ZQF RRR,2528,-0.64,-27,-57.32,-57,-26.82
S5,1,663,1411727344,<RDCTR153> 141XWX R MN52,306,-0.64,-28,-57.507,-56.5,-27.507
S5,1,667,1611644870,<...> 0DBUMTC5XE4,2691,-0.24,-26,-56.039,-56.5,-26.039
S5,1,670,1696372464,F96TKC/P <RDCTR261> R KC00,203,-1.04,-27,-56.84,-56.5,-26.84
S5,1,681,92476089,<...> X9EFMRBW53 RRR,1900,-0.96,-27,-56.966,-56.5,-26.966
S5,1,689,1390079512,S9IC2YMWJ05 <...>,1356,2.8,-27,-57.053,-56.5,-27.053
S5,1,696,29643587,CQ <<RDCTR20>/P>,456,-0.96,-27,-57.562,-57,-27.062
S5,1,707,1316839826,<RDCTR180>/R <...> GP85,2419,0,-27,-57.975,-57,-27.475
S5,1,712,66174085,<RDCTR190> <RDCTR207> R PL31,822,-0.88,-27,-57.103,-56.5,-27.103
S5,1,713,1296207395,CQ <...>,916,-1.2,-27,-56.789,-56.5,-26.789
S5,1,716,651837493,328SQJ/R R22VLD R IB78,1956,-1.44,-26,-56.786,-57.5,-25.786
S5,1,726,269911085,KVQ QEEU3KHH-,1856,2.88,-27,-57.02,-56.5,-27.02
S5,1,734,384269520,CQ PZC0CXWT5L4,2125,1.6,-27,-57.627,-57,-27.127
S5,1,736,487269408,CQ QFGQ <RDCTR206>/P R BB62,1484,-1.52,-27,-57.217,-56.5,-27.217
S5,1,752,2100043229,<RDCTR111>/P <RDCTR104> R QQ28,1438,2.08,-27,-56.715,-56.5,-26.715
S5,1,755,688964276,B82IWE/R <RDCTR69> QA33,1472,2.72,-26,-56.158,-56.5,-26.158
S5,1,764,343226925,<...> <RDCTR128> KR91,2125,-1.12,-27,-56.833,-56.5,-26.833
S5,1,766,257136898,<RDCTR270> 223FIC/R R LK12,2188,-0.4,-26,-56.382,-56.5,-26.382
S5,1,771,598224247,29E/JEEL5WO <...> 73,781,-0.56,-27,-57.08,-56.5,-27.08
S5,1,773,7839161,CQ <...>,1709,3.12,-27,-56.588,-56,-27.088
S5,1,775,954000426,<RDCTR275>/R N38CNK/R R QQ65,2100,-1.12,-26,-56.125,-56.5,-26.125
S5,1,790,765079184,CQ <...>,931,-0.96,-26,-57.301,-57.5,-26.301
S5,1,793,969086052,<RDCTR198>/R <RDCTR65>/R R OJ60,456,-0.88,-26,-56.637,-57,-26.137
S5,1,797,1169400181,<RDCTR30> <RDCTR02> R RR92,2388,2,-26,-56.797,-57.5,-25.797
S5,1,798,111861776,<RDCTR93> <RDCTR114>/R R HJ64,2247,-0.48,-27,-56.961,-56.5,-26.961
S5,1,799,2142569813,CQ <...>,2316,1.68,-26,-55.886,-56.5,-25.886
S5,1,799,2142569813,<...> <RDCTR97> FQ84,1694,1.76,-25,-55.449,-56.5,-25.449
S5,1,801,2020643351,<RDCTR106> <RDCTR55> FH74,919,-1.12,-27,-57.875,-57,-27.375
S5,1,813,1035197673,01BD28CC2F5201E0A8,2416,-1.44,-26,-57.414,-57.5,-26.414
S5,1,825,1494110823,<RDCTR117> 403UUJ/P PQ26,1963,-1.12,-27,-57.75,-57,-27.25
S5,1,826,30429656,672KYV/R H17R W R QN18,1978,2.88,-27,-57.267,-56.5,-27.267
S5,1,837,2072505885,CQ VHVR <RDCTR143> MA43,2444,-1.52,-27,-57.058,-56.5,-27.058
S5,1,854,749257105,<RDCTR63> 200 ZF/R R ED49,2469,0.56,-26,-56.962,-57.5,-25.962
S5,1,863,1014084028,CQ Z4OC1ETOY/T,2194,1.2,-27,-57.62,-57.5,-26.62
S5,1,876,144564974,<RDCTR220> <RDCTR50> R KM03,2278,-1.12,-27,-57.174,-57,-26.674
S5,1,888,3898368,<RDCTR23> <RDCTR276> HA80,2266,-0.88,-27,-57.247,-57,-26.747
S5,1,907,1790133234,CQ H8UQ55NQQOF,1309,-1.12,-26,-55.958,-56.5,-25.958
S5,1,909,1518148575,<...> <RDCTR77> R BC82,875,-1.44,-27,-57.279,-57,-26.779
S5,1,915,871066083,<...> 3XL6SNP/R R AA84,2656,-1.44,-28,-57.457,-56,-27.957
S5,1,920,1886079897,CQ VSDY4AAONNO,1791,0.72,-26,-56.677,-57,-26.177
S5,1,935,35156081,141B72050314C64028,1447,-0.8,-27,-57.291,-57,-26.791
S5,1,953,1859299757,CQ CDGHTQ0SYTG,753,-0.88,-26,-55.747,-56.5,-25.747
S5,1,958,659935075,K61AMV/R <RDCTR237>/R R HL86,200,1.84,-26,-56.07,-56.5,-26.07
S5,1,961,2086278194,<RDCTR340> X I06EQQ R NN94,1697,-1.36,-27,-57.4,-56.5,-27.4
S5,1,966,1630756117,CQ KW2IS7I/ZD,2266,0,-26,-56.487,-57,-25.987
S5,1,971,2068754701,<RDCTR155> <RDCTR353> HH94,2003,-1.04,-26,-56.306,-56.5,-26.306
S5,1,980,1956972912,CQ WL 18DXNIG5,478,-1.12,-27,-57.694,-57,-27.194
S5,1,980,1956972912,CQ JCEN <RDCTR03> ML73,1044,-1.6,-27,-57.341,-57,-26.841
