cycle_stem,elapsed_s,lag_seconds,lag_seconds_subsample,peak_corr
260729_183230,0,-0.21233,-0.21233,0.9798
260729_183730,300,-0.25233,-0.25233,0.9814
260729_184115,525,-0.25233,-0.25233,0.9807
260729_184500,750,-0.25233,-0.25233,0.9782
260729_184845,975,-0.29233,-0.29233,0.9867
260729_185230,1200,-0.29233,-0.29233,0.9738
260729_185615,1425,-0.29233,-0.29233,0.9678
260729_190000,1650,-0.29233,-0.29233,0.9625
260729_190345,1875,-0.33233,-0.33233,0.9811
260729_190730,2100,-0.33233,-0.33233,0.9839
260729_191115,2325,-0.33233,-0.33233,0.9839
260729_191500,2550,-0.33233,-0.33233,0.9670
260729_191845,2775,-0.37233,-0.37233,0.9742
260729_192230,3000,-0.37233,-0.37233,0.9745
260729_192615,3225,-0.37233,-0.37233,0.9717
260729_193000,3450,-0.41233,-0.41233,0.9875
260729_193345,3675,-0.41233,-0.41233,0.9808
260729_193730,3900,-0.41233,-0.41233,0.9594
260729_194115,4125,-0.41233,-0.41233,0.9770
260729_194500,4350,-0.45233,-0.45233,0.9813
260729_194845,4575,-0.45233,-0.45233,0.9779
260729_195230,4800,-0.45233,-0.45233,0.9674
260729_195615,5025,-0.49233,-0.49233,0.9901
260729_200000,5250,-0.49233,-0.49233,0.9667
260729_200345,5475,-0.49233,-0.49233,0.9608
260729_200730,5700,-0.49233,-0.49233,0.9677
260729_201115,5925,-0.53233,-0.53233,0.9488
260729_201500,6150,-0.53233,-0.53233,0.9572
260729_201845,6375,-0.53233,-0.53233,0.9753
260729_202230,6600,-0.53233,-0.53233,0.9376
260729_202615,6825,-0.57233,-0.57233,0.9841
260729_203000,7050,-0.57233,-0.57233,0.9633
260729_203345,7275,-0.57233,-0.57233,0.9561
260729_203730,7500,-0.61233,-0.61232,0.9668
260729_204115,7725,-0.61233,-0.61233,0.9518
260729_204500,7950,-0.61233,-0.61233,0.9680
260729_204845,8175,-0.61233,-0.61233,0.9724
260729_205230,8400,-0.65233,-0.65233,0.9822
260729_205615,8625,-0.65233,-0.65233,0.9687
260729_210000,8850,-0.65233,-0.65233,0.9896
260729_210345,9075,-0.65233,-0.65233,0.9609
260729_210730,9300,-0.69233,-0.69233,0.9826
260729_211115,9525,-0.69233,-0.69233,0.9737
260729_211500,9750,-0.69233,-0.69233,0.9597
260729_211845,9975,-0.73233,-0.73233,0.9789
260729_212230,10200,-0.73233,-0.73233,0.9884
260729_212615,10425,-0.73233,-0.73233,0.9755
260729_213000,10650,-0.73233,-0.73233,0.9889
260729_213345,10875,-0.77233,-0.77233,0.9690
260729_213730,11100,-0.77233,-0.77233,0.9369
260729_214115,11325,-0.77233,-0.77233,0.9110
260729_214500,11550,-0.77233,-0.77233,0.9527
260729_214845,11775,-0.81233,-0.81233,0.9647
260729_215230,12000,-0.81233,-0.81232,0.9806
260729_215615,12225,-0.81233,-0.81233,0.9780
260729_220000,12450,-0.81233,-0.81232,0.9905
260729_220345,12675,-0.85233,-0.85233,0.9787
260729_220730,12900,-0.86233,-0.86231,0.5552
260729_221115,13125,-0.86233,-0.86233,0.9782
260729_221500,13350,-0.90233,-0.90232,0.9744
260729_221845,13575,-0.90233,-0.90233,0.9753
260729_222230,13800,-0.90233,-0.90232,0.9773
260729_222615,14025,-0.94233,-0.94233,0.9762
260729_223000,14250,-0.94233,-0.94232,0.9813
260729_223345,14475,-0.94233,-0.94233,0.9988
260729_223730,14700,-0.94233,-0.94233,0.9917
260729_224115,14925,-0.98233,-0.98233,0.9781
260729_224500,15150,-0.98233,-0.98232,0.9783
260729_224845,15375,-0.98233,-0.98233,0.9815
260729_225230,15600,-0.98233,-0.98232,0.9823
260729_225615,15825,-1.02233,-1.02233,0.9837
260729_230000,16050,-1.02233,-1.02233,0.9853
260729_230345,16275,-1.02233,-1.02233,0.9623
260729_230730,16500,-1.06233,-1.06232,0.9855
260729_231115,16725,-1.06233,-1.06233,0.9782
260729_231500,16950,-1.06233,-1.06233,0.9875
260729_231845,17175,-1.06233,-1.06233,0.9721
260729_232230,17400,-1.10233,-1.10232,0.9777
260729_232615,17625,-1.10233,-1.10233,0.9760
260729_233000,17850,-1.10233,-1.10232,0.9829
260729_233345,18075,-1.10233,-1.10233,0.9646
260729_233730,18300,-1.14233,-1.14232,0.9781
260729_234115,18525,-1.14233,-1.14233,0.9974
260729_234500,18750,-1.14233,-1.14232,0.9789
260729_234845,18975,-1.14233,-1.14233,0.9804
260729_235230,19200,-1.18233,-1.18232,0.9795
260729_235615,19425,-1.18233,-1.18233,0.9730
260730_000000,19650,-1.18233,-1.18232,0.9765
260730_000345,19875,-1.18233,-1.18233,0.9136
260730_000730,20100,-1.22233,-1.22232,0.9818
260730_001115,20325,-1.22233,-1.22233,0.9869
260730_001500,20550,-1.22233,-1.22232,0.9863
260730_001845,20775,-1.26233,-1.26233,0.9896
260730_002230,21000,-1.26233,-1.26232,0.9888
260730_002615,21225,-1.26233,-1.26233,0.9885
260730_003000,21450,-1.26233,-1.26232,0.9788
260730_003345,21675,-1.30233,-1.30233,0.9860
260730_003730,21900,-1.30233,-1.30232,0.9877
260730_004115,22125,-1.30233,-1.30233,0.9897
260730_004500,22350,-1.30233,-1.30232,0.9883
260730_004845,22575,-1.34233,-1.34233,0.9658
260730_005230,22800,-1.34233,-1.34232,0.9833
260730_005615,23025,-1.34233,-1.34233,0.9885
260730_010000,23250,-1.38233,-1.38232,0.9813
260730_010345,23475,-1.38233,-1.38233,0.9886
260730_010730,23700,-1.38233,-1.38232,0.9793
260730_011115,23925,-1.38233,-1.38233,0.9853
260730_011500,24150,-1.42233,-1.42233,0.9913
260730_011845,24375,-1.42233,-1.42233,0.9912
260730_012245,24615,-1.41233,-1.41233,0.9395
260730_012630,24840,-1.45233,-1.45232,0.9644
260730_013015,25065,-1.45233,-1.45233,0.9880
260730_013400,25290,-1.45233,-1.45232,0.9774
260730_013745,25515,-1.49233,-1.49233,0.9872
260730_014130,25740,-1.49233,-1.49232,0.9848
260730_014515,25965,-1.49233,-1.49233,0.9927
260730_014900,26190,-1.53233,-1.53232,0.9786
260730_015245,26415,-1.53233,-1.53233,0.9543
260730_015630,26640,-1.53233,-1.53232,0.9849
260730_020015,26865,-1.53233,-1.53233,0.9956
260730_020400,27090,-1.57233,-1.57233,0.9870
260730_020745,27315,-1.57233,-1.57233,0.9875
260730_021130,27540,-1.57233,-1.57233,0.9958
260730_021530,27780,-1.58233,-1.58232,0.9704
260730_021915,28005,-1.58233,-1.58233,0.9759
260730_022300,28230,-1.62233,-1.62232,0.9861
260730_022645,28455,-1.62233,-1.62233,0.9890
260730_023030,28680,-1.62233,-1.62232,0.9743
260730_023415,28905,-1.66233,-1.66233,0.9850
260730_023800,29130,-1.66233,-1.66232,0.9710
260730_024145,29355,-1.66233,-1.66233,0.9839
260730_024530,29580,-1.66233,-1.66233,0.9727
260730_024915,29805,-1.70233,-1.70233,0.9919
260730_025300,30030,-1.70233,-1.70233,0.9848
260730_025645,30255,-1.70233,-1.70233,0.9725
260730_030030,30480,-1.70233,-1.70233,0.9948
260730_030430,30720,-1.73233,-1.73233,0.9556
260730_030815,30945,-1.73233,-1.73232,0.9585
260730_031200,31170,-1.77233,-1.77233,0.9769
260730_031545,31395,-1.77233,-1.77233,0.9896
260730_031930,31620,-1.77233,-1.77232,0.9669
260730_032315,31845,-1.77233,-1.77233,0.9802
260730_032700,32070,-1.81233,-1.81233,0.9770
260730_033045,32295,-1.81233,-1.81233,0.9410
260730_033430,32520,-1.81233,-1.81233,0.9820
260730_033815,32745,-1.81233,-1.81233,0.9787
260730_034200,32970,-1.85233,-1.85233,0.9843
260730_034545,33195,-1.85233,-1.85233,0.9910
260730_034930,33420,-1.85233,-1.85233,0.9878
260730_035330,33660,-1.87233,-1.87233,0.9894
260730_035715,33885,-1.87233,-1.87233,0.9835
260730_040100,34110,-1.91233,-1.91233,0.9469
260730_040445,34335,-1.91233,-1.91233,0.9773
260730_040830,34560,-1.91233,-1.91233,0.9922
260730_041215,34785,-1.91233,-1.91233,0.9802
260730_041600,35010,-1.95233,-1.95233,0.9831
260730_041945,35235,-1.95233,-1.95233,0.9805
260730_042330,35460,-1.95233,-1.95233,0.9726
260730_042715,35685,-1.95233,-1.95233,0.9926
260730_043100,35910,-1.99233,-1.99233,0.9759
260730_043445,36135,-1.99233,-1.99233,0.9942
260730_043830,36360,-1.99233,-1.99233,0.9802
260730_044230,36600,-2.03233,-2.03233,0.9880
260730_044615,36825,-2.03233,-2.03233,0.9790
260730_045000,37050,-2.03233,-2.03233,0.9670
260730_045345,37275,-2.03233,-2.03233,0.9920
260730_045730,37500,-2.07233,-2.07233,0.9862
260730_050115,37725,-2.07233,-2.07233,0.9856
260730_050500,37950,-2.07233,-2.07233,0.9894
260730_050845,38175,-2.07233,-2.07233,0.9861
260730_051230,38400,-2.11233,-2.11233,0.9707
260730_051615,38625,-2.11233,-2.11233,0.9841
260730_052000,38850,-2.11233,-2.11233,0.9840
260730_052345,39075,-2.15233,-2.15233,0.9846
260730_052730,39300,-2.15233,-2.15232,0.9605
260730_053115,39525,-2.15233,-2.15233,0.9876
260730_053515,39765,-2.18233,-2.18233,0.9549
260730_053900,39990,-2.18233,-2.18233,0.9745
260730_054245,40215,-2.18233,-2.18233,0.9858
260730_054630,40440,-2.18233,-2.18233,0.9836
260730_055015,40665,-2.22233,-2.22233,0.9823
260730_055400,40890,-2.22233,-2.22233,0.9721
260730_055745,41115,-2.22233,-2.22233,0.9891
260730_060130,41340,-2.22233,-2.22233,0.9785
260730_060515,41565,-2.26233,-2.26233,0.9905
260730_060900,41790,-2.26233,-2.26233,0.9839
260730_061245,42015,-2.26233,-2.26233,0.9862
260730_061630,42240,-2.30233,-2.30233,0.9869
260730_062015,42465,-2.30233,-2.30233,0.9795
260730_062415,42705,-2.30233,-2.30233,0.9874
260730_062800,42930,-2.30233,-2.30233,0.9732
260730_063145,43155,-2.34233,-2.34233,0.9890
260730_063530,43380,-2.34233,-2.34233,0.9732
260730_063915,43605,-2.34233,-2.34233,0.9837
260730_064300,43830,-2.34233,-2.34233,0.9902
260730_064645,44055,-2.38233,-2.38233,0.9900
260730_065030,44280,-2.38233,-2.38233,0.9875
260730_065415,44505,-2.38233,-2.38233,0.9830
260730_065800,44730,-2.42233,-2.42233,0.9832
260730_070145,44955,-2.42233,-2.42233,0.9781
260730_070530,45180,-2.42233,-2.42233,0.9920
260730_070915,45405,-2.42233,-2.42233,0.9876
260730_071315,45645,-2.44233,-2.44233,0.9859
260730_071700,45870,-2.44233,-2.44233,0.9832
260730_072045,46095,-2.48233,-2.48233,0.9747
260730_072430,46320,-2.48233,-2.48233,0.9949
260730_072815,46545,-2.48233,-2.48233,0.9822
260730_073200,46770,-2.48233,-2.48233,0.9974
260730_073545,46995,-2.52233,-2.52233,0.9765
260730_073930,47220,-2.52233,-2.52233,0.9833
260730_074315,47445,-2.52233,-2.52233,0.9764
260730_074700,47670,-2.56233,-2.56233,0.9983
260730_075045,47895,-2.56233,-2.56233,0.9867
260730_075430,48120,-2.56233,-2.56233,0.9794
260730_075815,48345,-2.56233,-2.56233,0.9865
260730_080215,48585,-2.59233,-2.59233,0.9895
260730_080600,48810,-2.59233,-2.59233,0.9839
260730_080945,49035,-2.59233,-2.59233,0.9938
260730_081330,49260,-2.63233,-2.63233,0.9774
260730_081715,49485,-2.63233,-2.63233,0.9974
260730_082100,49710,-2.63233,-2.63233,0.9902
260730_082445,49935,-2.63233,-2.63233,0.9894
260730_082830,50160,-2.67233,-2.67233,0.9880
260730_083215,50385,-2.67233,-2.67233,0.9867
260730_083600,50610,-2.67233,-2.67233,0.9826
260730_083945,50835,-2.71233,-2.71233,0.9866
260730_084330,51060,-2.71233,-2.71233,0.9904
260730_084715,51285,-2.71233,-2.71233,0.9826
260730_085100,51510,-2.71233,-2.71233,0.9873
260730_085500,51750,-2.73233,-2.73233,0.9778
260730_085845,51975,-2.73233,-2.73233,0.9901
260730_090230,52200,-2.77233,-2.77233,0.9750
260730_090615,52425,-2.77233,-2.77233,0.9741
260730_091000,52650,-2.77233,-2.77233,0.9890
260730_091415,52905,-2.80233,-2.80233,0.9875
260730_091800,53130,-2.80233,-2.80233,0.9746
260730_092145,53355,-2.84233,-2.84232,0.9789
260730_092530,53580,-2.84233,-2.84233,0.9853
260730_092915,53805,-2.84233,-2.84233,0.9856
260730_093300,54030,-2.84233,-2.84233,0.9872
260730_093645,54255,-2.88233,-2.88233,0.9809
260730_094030,54480,-2.88233,-2.88233,0.9865
260730_094415,54705,-2.88233,-2.88233,0.9794
260730_094800,54930,-2.88233,-2.88233,0.9829
260730_095145,55155,-2.92233,-2.92233,0.9922
260730_095530,55380,-2.92233,-2.92233,0.9961
260730_095915,55605,-2.92233,-2.92233,0.9521
260730_100300,55830,-2.96233,-2.96233,0.9844
260730_100645,56055,-2.96233,-2.96233,0.9681
260730_101030,56280,-2.96233,-2.96233,0.9743
260730_101415,56505,-2.96233,-2.96233,0.9972
260730_101800,56730,-3.00233,-3.00233,0.9879
260730_102145,56955,-3.00233,-3.00233,0.9729
260730_102530,57180,-3.00233,-3.00233,0.9977
260730_102915,57405,-3.00233,-3.00233,0.9758
260730_103300,57630,-3.04233,-3.04233,0.9996
260730_103645,57855,-3.04233,-3.04233,0.9971
260730_104030,58080,-3.04233,-3.04233,0.9781
260730_104415,58305,-3.04233,-3.04233,0.9926
260730_104800,58530,-3.08233,-3.08233,0.9965
260730_105145,58755,-3.08233,-3.08233,0.9864
260730_105530,58980,-3.08233,-3.08233,0.9897
260730_105915,59205,-3.12233,-3.12233,0.9962
260730_110300,59430,-3.12233,-3.12233,0.9699
260730_110645,59655,-3.12233,-3.12233,0.9728
260730_111030,59880,-3.12233,-3.12233,0.9747
260730_111415,60105,-3.16233,-3.16233,0.9932
260730_111800,60330,-3.16233,-3.16233,0.9762
260730_112145,60555,-3.16233,-3.16233,0.9752
260730_112530,60780,-3.16233,-3.16233,0.9863
260730_112915,61005,-3.20233,-3.20233,0.9777
260730_113300,61230,-3.20233,-3.20233,0.9955
260730_113645,61455,-3.20233,-3.20233,0.9707
260730_114030,61680,-3.24233,-3.24233,0.9996
260730_114415,61905,-3.24233,-3.24233,0.9960
260730_114800,62130,-3.24233,-3.24233,0.9872
260730_115145,62355,-3.24233,-3.24233,0.9938
260730_115530,62580,-3.28233,-3.28233,0.9711
260730_115915,62805,-3.28233,-3.28233,0.9616
260730_120300,63030,-3.28233,-3.28233,0.9855
260730_120645,63255,-3.28233,-3.28233,0.9534
260730_121030,63480,-3.32233,-3.32233,0.9765
260730_121415,63705,-3.32233,-3.32233,0.9800
260730_121800,63930,-3.32233,-3.32233,0.9983
260730_122145,64155,-3.36233,-3.36233,0.9975
260730_122530,64380,-3.36233,-3.36233,0.9988
260730_122915,64605,-3.36233,-3.36232,0.9526
260730_123300,64830,-3.36233,-3.36233,0.9983
260730_123645,65055,-3.40233,-3.40233,0.9913
260730_124030,65280,-3.40233,-3.40233,0.9953
260730_124415,65505,-3.40233,-3.40233,0.9989
260730_124800,65730,-3.40233,-3.40233,0.9954
260730_125145,65955,-3.44233,-3.44233,0.9971
260730_125530,66180,-3.44233,-3.44233,0.9942
260730_125915,66405,-3.44233,-3.44233,0.9956
260730_130300,66630,-3.48233,-3.48233,0.9891
260730_130645,66855,-3.48233,-3.48233,0.9758
260730_131030,67080,-3.48233,-3.48233,0.9899
260730_131415,67305,-3.48233,-3.48233,0.9766
260730_131800,67530,-3.52233,-3.52233,0.9841
260730_132145,67755,-3.52233,-3.52233,0.9898
260730_132530,67980,-3.52233,-3.52233,0.9842
260730_132915,68205,-3.52233,-3.52233,0.9819
260730_133300,68430,-3.56233,-3.56233,0.9952
260730_133645,68655,-3.56233,-3.56233,0.9839
260730_134030,68880,-3.56233,-3.56233,0.9847
260730_134415,69105,-3.56233,-3.56233,0.9860
260730_134800,69330,-3.60233,-3.60233,0.9791
260730_135145,69555,-3.60233,-3.60233,0.9886
260730_135530,69780,-3.60233,-3.60233,0.9948
260730_135915,70005,-3.64233,-3.64233,0.9906
260730_140300,70230,-3.64233,-3.64233,0.9936
260730_140645,70455,-3.64233,-3.64233,0.9936
260730_141030,70680,-3.64233,-3.64233,0.9952
260730_141415,70905,-3.68233,-3.68233,0.9858
260730_141800,71130,-3.68233,-3.68233,0.9849
260730_142145,71355,-3.68233,-3.68233,0.9894
260730_142530,71580,-3.72233,-3.72233,0.9836
260730_142915,71805,-3.72233,-3.72233,0.9883
260730_143300,72030,-3.72233,-3.72233,0.9857
260730_143645,72255,-3.72233,-3.72233,0.9813
260730_144030,72480,-3.76233,-3.76233,0.9753
260730_144415,72705,-3.76233,-3.76232,0.9729
260730_144800,72930,-3.76233,-3.76233,0.9902
260730_145145,73155,-3.80233,-3.80233,0.9848
260730_145530,73380,-3.80233,-3.80233,0.9919
260730_145915,73605,-3.80233,-3.80233,0.9866
260730_150300,73830,-3.80233,-3.80233,0.9870
260730_150645,74055,-3.84233,-3.84233,0.9781
260730_151030,74280,-3.84233,-3.84233,0.9911
260730_151415,74505,-3.84233,-3.84233,0.9927
260730_151800,74730,-3.84233,-3.84233,0.9874
260730_152145,74955,-3.88233,-3.88233,0.9830
260730_152530,75180,-3.88233,-3.88233,0.9812
260730_152915,75405,-3.88233,-3.88233,0.9800
260730_153300,75630,-3.92233,-3.92233,0.9884
260730_153645,75855,-3.92233,-3.92233,0.9910
260730_154030,76080,-3.92233,-3.92233,0.9908
260730_154415,76305,-3.92233,-3.92233,0.9812
260730_154800,76530,-3.96233,-3.96233,0.9874
260730_155145,76755,-3.96233,-3.96233,0.9768
260730_155530,76980,-3.96233,-3.96233,0.9882
260730_155915,77205,-3.96233,-3.96233,0.9766
260730_160300,77430,-4.00233,-4.00233,0.9839
260730_160645,77655,-4.00233,-4.00233,0.9979
260730_161030,77880,-4.00233,-4.00232,0.9786
260730_161415,78105,-4.00233,-4.00233,0.9920
260730_161800,78330,-4.04233,-4.04233,0.9972
260730_162145,78555,-4.04233,-4.04233,0.9950
260730_162530,78780,-4.04233,-4.04233,0.9850
260730_162915,79005,-4.08233,-4.08233,0.9936
260730_163300,79230,-4.08233,-4.08233,0.9835
260730_163645,79455,-4.08233,-4.08233,0.9894
260730_164030,79680,-4.08233,-4.08233,0.9960
260730_164415,79905,-4.12233,-4.12233,0.9981
260730_164800,80130,-4.12233,-4.12233,0.9987
260730_165145,80355,-4.12233,-4.12233,0.9978
260730_165530,80580,-4.12233,-4.12233,0.9740
260730_165915,80805,-4.16233,-4.16233,0.9824
260730_170300,81030,-4.16233,-4.16233,0.9741
260730_170645,81255,-4.16233,-4.16233,0.9863
260730_171030,81480,-4.16233,-4.16233,0.9885
260730_171415,81705,-4.20233,-4.20233,0.9782
260730_171800,81930,-4.20233,-4.20233,0.9850
260730_172145,82155,-4.20233,-4.20233,0.9751
260730_172530,82380,-4.24233,-4.24233,0.9833
260730_172915,82605,-4.24233,-4.24233,0.9745
260730_173300,82830,-4.24233,-4.24233,0.9799
260730_173645,83055,-4.24233,-4.24233,0.9251
260730_174030,83280,-4.28233,-4.28233,0.9784
260730_174415,83505,-4.28233,-4.28233,0.9763
260730_174800,83730,-4.28233,-4.28233,0.9873
260730_175145,83955,-4.28233,-4.28233,0.9750
260730_175530,84180,-4.32233,-4.32233,0.9754
260730_175915,84405,-4.32233,-4.32233,0.9865
260730_180300,84630,-4.32233,-4.32233,0.9701
260730_180645,84855,-4.32233,-4.32233,0.9780
260730_181030,85080,-4.36233,-4.36233,0.9652
260730_181415,85305,-4.36233,-4.36233,0.9861
260730_181800,85530,-4.36233,-4.36233,0.9721
260730_182145,85755,-4.40233,-4.40233,0.9830
260730_182530,85980,-4.40233,-4.40233,0.9737
260730_182915,86205,-4.40233,-4.40233,0.9503
260730_183300,86430,-4.40233,-4.40233,0.9821
260730_183645,86655,-4.44233,-4.44233,0.9711
