stem,stratum,lag_seconds,peak_corr
260729_183230,healthy,-0.21233,0.9798
260729_183400,healthy,-0.21233,0.9555
260729_183445,healthy,-0.25233,0.9730
260729_183530,healthy,-0.25233,0.9785
260729_183600,healthy,-0.25233,0.9786
260729_183630,healthy,-0.25233,0.9772
260729_183715,healthy,-0.25233,0.9827
260729_183745,healthy,-0.25233,0.9824
260729_183830,healthy,-0.25233,0.9802
260729_183900,healthy,-0.25233,0.9822
260729_183930,healthy,-0.25233,0.9831
260729_184015,healthy,-0.25233,0.9763
260729_184045,healthy,-0.25233,0.9800
260729_184130,healthy,-0.25233,0.9777
260729_184200,healthy,-0.25233,0.9747
260729_184230,healthy,-0.25233,0.9677
260729_184315,healthy,-0.25233,0.9849
260729_184345,healthy,-0.25233,0.9830
260729_184415,healthy,-0.25233,0.9842
260729_184500,healthy,-0.25233,0.9782
260729_184530,healthy,-0.25233,0.9791
260729_184615,healthy,-0.25233,0.9844
260729_184645,healthy,-0.25233,0.9844
260729_184715,healthy,-0.25233,0.9728
260729_184800,healthy,-0.29233,0.9818
260729_184830,healthy,-0.29233,0.9736
260729_184915,healthy,-0.29233,0.9852
260729_184945,healthy,-0.29233,0.9903
260729_185015,healthy,-0.29233,0.9856
260729_185100,healthy,-0.29233,0.9583
260729_185130,healthy,-0.29233,0.9720
260729_185200,healthy,-0.29233,0.9737
260729_185245,healthy,-0.29233,0.9696
260729_185315,healthy,-0.29233,0.9835
260729_185400,healthy,-0.29233,0.9720
260729_185430,healthy,-0.29233,0.9746
260729_185500,healthy,-0.29233,0.9625
260729_185545,healthy,-0.29233,0.9769
260729_185615,healthy,-0.29233,0.9678
260729_185700,healthy,-0.29233,0.9818
260729_185730,healthy,-0.29233,0.9648
260729_185800,healthy,-0.29233,0.9636
260729_185845,healthy,-0.29233,0.9679
260729_185915,healthy,-0.29233,0.9680
260729_190000,healthy,-0.29233,0.9625
260729_190030,healthy,-0.29233,0.9598
260729_190100,healthy,-0.29233,0.9724
260729_190145,healthy,-0.33233,0.9659
260729_190215,healthy,-0.33233,0.9795
260729_190245,healthy,-0.33233,0.9790
260729_190330,healthy,-0.33233,0.9736
260729_190400,healthy,-0.33233,0.9482
260729_190445,healthy,-0.33233,0.9842
260729_190515,healthy,-0.33233,0.9891
260729_190545,healthy,-0.33233,0.9885
260729_190630,healthy,-0.33233,0.9872
260729_190700,healthy,-0.33233,0.9811
260729_190745,healthy,-0.33233,0.9868
260729_190815,healthy,-0.33233,0.9781
260729_190845,healthy,-0.33233,0.9851
260729_190930,healthy,-0.33233,0.9822
260729_191000,healthy,-0.33233,0.9831
260729_191030,healthy,-0.33233,0.9870
260729_191115,healthy,-0.33233,0.9839
260729_191145,healthy,-0.33233,0.9757
260729_191230,healthy,-0.33233,0.9864
260729_191300,healthy,-0.33233,0.9847
260729_191330,healthy,-0.33233,0.9757
260729_191415,healthy,-0.33233,0.9789
260729_191445,healthy,-0.33233,0.9786
260729_191530,healthy,-0.37233,0.9645
260729_191600,healthy,-0.37233,0.9796
260729_191630,healthy,-0.37233,0.9766
260729_191715,healthy,-0.37233,0.9767
260729_191745,healthy,-0.37233,0.9793
260729_191830,healthy,-0.37233,0.9741
260729_191900,healthy,-0.37233,0.9722
260729_191930,healthy,-0.37233,0.9732
260729_192015,healthy,-0.37233,0.9853
260729_192045,healthy,-0.37233,0.9819
260729_192115,healthy,-0.37233,0.9852
260729_192200,healthy,-0.37233,0.9757
260729_192230,healthy,-0.37233,0.9745
260729_192315,healthy,-0.37233,0.9791
260729_192345,healthy,-0.37233,0.9783
260729_192415,healthy,-0.37233,0.9807
260729_192500,healthy,-0.37233,0.9772
260729_192530,healthy,-0.37233,0.9695
260729_192615,healthy,-0.37233,0.9717
260729_192645,healthy,-0.37233,0.9786
260729_192715,healthy,-0.37233,0.9801
260729_192800,healthy,-0.37233,0.9859
260729_192830,healthy,-0.37233,0.9870
260729_192900,healthy,-0.41233,0.9882
260729_192945,healthy,-0.41233,0.9800
260729_193015,healthy,-0.41233,0.9780
260729_193100,healthy,-0.41233,0.9910
260729_193130,healthy,-0.41233,0.9801
260729_193200,healthy,-0.41233,0.9818
260729_193245,healthy,-0.41233,0.9823
260729_193315,healthy,-0.41233,0.9802
260729_193400,healthy,-0.41233,0.9837
260729_193430,healthy,-0.41233,0.9729
260729_193500,healthy,-0.41233,0.9818
260729_193545,healthy,-0.41233,0.9834
260729_193615,healthy,-0.41233,0.9793
260729_193645,healthy,-0.41233,0.9834
260729_193730,healthy,-0.41233,0.9594
260729_193800,healthy,-0.41233,0.9817
260729_193845,healthy,-0.41233,0.9721
260729_193915,healthy,-0.41233,0.9834
260729_193945,healthy,-0.41233,0.9815
260729_194030,healthy,-0.41233,0.9723
260729_194100,healthy,-0.41233,0.9705
260729_194145,healthy,-0.41233,0.9749
260729_194215,healthy,-0.41233,0.9738
260729_194245,healthy,-0.45233,0.9762
260729_194330,healthy,-0.45233,0.9846
260729_194400,healthy,-0.45233,0.9827
260729_194445,healthy,-0.45233,0.9748
260729_194515,healthy,-0.45233,0.9739
260729_194545,healthy,-0.45233,0.9691
260729_194630,healthy,-0.45233,0.9796
260729_194700,healthy,-0.45233,0.9742
260729_194730,healthy,-0.45233,0.9612
260729_194815,healthy,-0.45233,0.9797
260729_194845,healthy,-0.45233,0.9779
260729_194930,healthy,-0.45233,0.9848
260729_195000,healthy,-0.45233,0.9776
260729_195030,healthy,-0.45233,0.9681
260729_195115,healthy,-0.45233,0.9807
260729_195145,healthy,-0.45233,0.9800
260729_195230,healthy,-0.45233,0.9674
260729_195300,healthy,-0.45233,0.9722
260729_195330,healthy,-0.45233,0.9792
260729_195415,healthy,-0.45233,0.9824
260729_195445,healthy,-0.45233,0.9820
260729_195515,healthy,-0.45233,0.9799
260729_195600,healthy,-0.45233,0.9877
260729_195630,healthy,-0.49233,0.9693
260729_195715,healthy,-0.49233,0.9816
260729_195745,healthy,-0.49233,0.9673
260729_195815,healthy,-0.49233,0.9784
260729_195900,healthy,-0.49233,0.9781
260729_195930,healthy,-0.49233,0.9630
260729_200015,healthy,-0.49233,0.9780
260729_200045,healthy,-0.49233,0.9772
260729_200115,healthy,-0.49233,0.9804
260729_200200,healthy,-0.49233,0.9706
260729_200230,healthy,-0.49233,0.9689
260730_073115,collapsed,-2.48233,0.9828
260730_073530,collapsed,-2.52233,0.9805
260730_074000,collapsed,-2.52233,0.9797
260730_074430,collapsed,-2.52233,0.9827
260730_074900,collapsed,-2.56233,0.9865
260730_075330,collapsed,-2.56233,0.9873
260730_075745,collapsed,-2.56233,0.9950
260730_080230,collapsed,-2.59233,0.9837
260730_080700,collapsed,-2.59233,0.9900
260730_081130,collapsed,-2.63233,0.9828
260730_081600,collapsed,-2.63233,0.9871
260730_082015,collapsed,-2.63233,0.9932
260730_082445,collapsed,-2.63233,0.9894
260730_082915,collapsed,-2.67233,0.9878
260730_083345,collapsed,-2.67233,0.9751
260730_083815,collapsed,-2.67233,0.9877
260730_084230,collapsed,-2.71233,0.9840
260730_084700,collapsed,-2.71233,0.9769
260730_085130,collapsed,-2.71233,0.9765
260730_085615,collapsed,-2.73233,0.9823
260730_090045,collapsed,-2.77233,0.9862
260730_090500,collapsed,-2.77233,0.9812
260730_090930,collapsed,-2.77233,0.9881
260730_091430,collapsed,-2.80233,0.9806
260730_091900,collapsed,-2.80233,0.9769
260730_092330,collapsed,-2.84233,0.9947
260730_092745,collapsed,-2.84233,0.9875
260730_093215,collapsed,-2.84233,0.9832
260730_093645,collapsed,-2.88233,0.9809
260730_094115,collapsed,-2.88233,0.9873
260730_094545,collapsed,-2.88233,0.9840
260730_095015,collapsed,-2.92233,0.9846
260730_095430,collapsed,-2.92233,0.9883
260730_095900,collapsed,-2.92233,0.9978
260730_100330,collapsed,-2.96233,0.9792
260730_100800,collapsed,-2.96233,0.9773
260730_101230,collapsed,-2.96233,0.9821
260730_101645,collapsed,-3.00233,0.9923
260730_102115,collapsed,-3.00233,0.9802
260730_102545,collapsed,-3.00233,0.9916
260730_103015,collapsed,-3.00233,0.9587
260730_103445,collapsed,-3.04233,0.9940
260730_103900,collapsed,-3.04233,0.9844
260730_104330,collapsed,-3.04233,0.9938
260730_104800,collapsed,-3.08233,0.9965
260730_105230,collapsed,-3.08233,0.9971
260730_105700,collapsed,-3.08233,0.9887
260730_110115,collapsed,-3.12233,0.9973
260730_110545,collapsed,-3.12233,0.9732
260730_111015,collapsed,-3.12233,0.9637
260730_111445,collapsed,-3.16233,0.9903
260730_111915,collapsed,-3.16233,0.9432
260730_112330,collapsed,-3.16233,0.9860
260730_112800,collapsed,-3.20233,0.9968
260730_113230,collapsed,-3.20233,0.9907
260730_113700,collapsed,-3.20233,0.9872
260730_114130,collapsed,-3.24233,0.9887
260730_114545,collapsed,-3.24233,0.9805
260730_115015,collapsed,-3.24233,0.9923
260730_115445,collapsed,-3.28233,0.9596
260730_115915,collapsed,-3.28233,0.9616
260730_120345,collapsed,-3.28233,0.9504
260730_120815,collapsed,-3.32233,0.9838
260730_121230,collapsed,-3.32233,0.9755
260730_121700,collapsed,-3.32233,0.9938
260730_122130,collapsed,-3.36233,0.9972
260730_122600,collapsed,-3.36233,0.9916
260730_123030,collapsed,-3.36233,0.9900
260730_123445,collapsed,-3.36233,0.9665
260730_123915,collapsed,-3.40233,0.9908
260730_124345,collapsed,-3.40233,0.9986
260730_124815,collapsed,-3.40233,0.9969
260730_125245,collapsed,-3.44233,0.9965
260730_125700,collapsed,-3.44233,0.9941
260730_130130,collapsed,-3.44233,0.9959
260730_130600,collapsed,-3.48233,0.9951
260730_131030,collapsed,-3.48233,0.9899
260730_131500,collapsed,-3.48233,0.9947
260730_131915,collapsed,-3.52233,0.9744
260730_132345,collapsed,-3.52233,0.9967
260730_132815,collapsed,-3.52233,0.9836
260730_133245,collapsed,-3.56233,0.9890
260730_133715,collapsed,-3.56233,0.9983
260730_134130,collapsed,-3.56233,0.9844
260730_134600,collapsed,-3.60233,0.9838
260730_135030,collapsed,-3.60233,0.9667
260730_135500,collapsed,-3.60233,0.9875
260730_135930,collapsed,-3.64233,0.9898
260730_140345,collapsed,-3.64233,0.9816
260730_140815,collapsed,-3.64233,0.9742
260730_141245,collapsed,-3.68233,0.9763
260730_141715,collapsed,-3.68233,0.9873
260730_142145,collapsed,-3.68233,0.9894
260730_142615,collapsed,-3.72233,0.9892
260730_143030,collapsed,-3.72233,0.9962
260730_143500,collapsed,-3.72233,0.9896
260730_143930,collapsed,-3.76233,0.9960
260730_144400,collapsed,-3.76233,0.9786
260730_144830,collapsed,-3.76233,0.9897
260730_145245,collapsed,-3.80233,0.9788
260730_145715,collapsed,-3.80233,0.9852
260730_150145,collapsed,-3.80233,0.9900
260730_150615,collapsed,-3.84233,0.9877
260730_151045,collapsed,-3.84233,0.9773
260730_151500,collapsed,-3.84233,0.9889
260730_151930,collapsed,-3.88233,0.9838
260730_152400,collapsed,-3.88233,0.9811
260730_152830,collapsed,-3.88233,0.9844
260730_153300,collapsed,-3.92233,0.9884
260730_153715,collapsed,-3.92233,0.9858
260730_154145,collapsed,-3.92233,0.9931
260730_154615,collapsed,-3.92233,0.9958
260730_155045,collapsed,-3.96233,0.9846
260730_155515,collapsed,-3.96233,0.9783
260730_155930,collapsed,-3.96233,0.9795
260730_160400,collapsed,-4.00233,0.9952
260730_160830,collapsed,-4.00233,0.9941
260730_161300,collapsed,-4.00233,0.9922
260730_161730,collapsed,-4.04233,0.9821
260730_162145,collapsed,-4.04233,0.9950
260730_162615,collapsed,-4.04233,0.9871
260730_163045,collapsed,-4.08233,0.9801
260730_163515,collapsed,-4.08233,0.9957
260730_163945,collapsed,-4.08233,0.9914
260730_164415,collapsed,-4.12233,0.9981
260730_164830,collapsed,-4.12233,0.9985
260730_165300,collapsed,-4.12233,0.9814
260730_165730,collapsed,-4.16233,0.9804
260730_170200,collapsed,-4.16233,0.9764
260730_170630,collapsed,-4.16233,0.9758
260730_171045,collapsed,-4.16233,0.9799
260730_171515,collapsed,-4.20233,0.9758
260730_171945,collapsed,-4.20233,0.9680
260730_172415,collapsed,-4.20233,0.9790
260730_172845,collapsed,-4.24233,0.9716
260730_173300,collapsed,-4.24233,0.9799
260730_173730,collapsed,-4.24233,0.9915
260730_174200,collapsed,-4.28233,0.9789
260730_174630,collapsed,-4.28233,0.9691
260730_175100,collapsed,-4.28233,0.9798
260730_175515,collapsed,-4.32233,0.9713
260730_175945,collapsed,-4.32233,0.9721
260730_180415,collapsed,-4.32233,0.9791
260730_180845,collapsed,-4.36233,0.9819
260730_181315,collapsed,-4.36233,0.9774
260730_181730,collapsed,-4.36233,0.9715
260730_182200,collapsed,-4.40233,0.9795
260730_182630,collapsed,-4.40233,0.9817
260730_183100,collapsed,-4.40233,0.9802
260730_183530,collapsed,-4.44233,0.9796
