cycle_index,boundary_utc,planted,play_started_utc
0,2026-10-03T01:06:00Z,1,2026-10-03T01:05:59.499965Z
1,2026-10-03T01:06:15Z,1,2026-10-03T01:05:59.499965Z
2,2026-10-03T01:06:30Z,1,2026-10-03T01:05:59.499965Z
3,2026-10-03T01:06:45Z,1,2026-10-03T01:05:59.499965Z
4,2026-10-03T01:07:00Z,0,
5,2026-10-03T01:07:15Z,1,2026-10-03T01:07:11.500180Z
6,2026-10-03T01:07:30Z,0,
7,2026-10-03T01:07:45Z,1,2026-10-03T01:07:41.500369Z
8,2026-10-03T01:08:00Z,0,
9,2026-10-03T01:08:15Z,1,2026-10-03T01:08:11.500354Z
10,2026-10-03T01:08:30Z,0,
11,2026-10-03T01:08:45Z,1,2026-10-03T01:08:41.500303Z
