side,filename,sha256,class
owsfz,260929_153715.wav,b7204df82fcd3c8aa5d3e0c1213d2cc62f7dcb447990c9e63a17079ab51e336c,UNPLANNED
owsfz,260929_154230.wav,d10ce50785a4e3558179342d9e47acd8f431825a541b0e9035de0c261fdbe27d,UNPLANNED
owsfz,260929_154515.wav,86ab3c96dc544fc7ce65298ce1ad446d682048018c4653d8f81669e7a57321ee,UNPLANNED
owsfz,260929_154830.wav,69fc4543d8782123d19205ac1a0ade4db17e61b42b6fa585738f388c13425f24,UNPLANNED
owsfz,260929_155345.wav,bc34ee0f2edeeff0518f7007021954c182e6c7fa241fd309c05ca4841c0488fc,UNPLANNED
owsfz,260929_155630.wav,34da780bab0636ad0d4b4796373866c1ed6865f37cf227622ba6a85aa9e3a9bb,UNPLANNED
owsfz,260929_164630.wav,3c3c53e399653710bb6b7f4f0eea7d7e6d45c5c017fe15c7a1b61bb0d1a36fae,UNPLANNED
owsfz,260929_165145.wav,dff7a139f0a427635f8676bfbf0c06bb1596b94d8f38e59d9ea6013eeac4bbd9,UNPLANNED
owsfz,260929_165700.wav,601eff8a26fc5671ab9bb1c5ccececb612e40b9adf6bae9909de044282507fd4,UNPLANNED
owsfz,260929_170215.wav,2a37d3f0bc775c72d22fa162fc65807c14f7712f6d7cc00a36cf8ca1149486b7,UNPLANNED
owsfz,260929_170730.wav,2a34b16af0abc9d99cf63c2e0be7a1df786d8d6bb8cb21638173b4b638a68d29,UNPLANNED
owsfz,260929_171245.wav,698cb5fec45e8babf0f824c6fe114b6446ac510bd16283a6d5163bc294067478,UNPLANNED
owsfz,260929_171800.wav,83e3b2949f821a0b2a5cf4d07934eadaa0437d8d02d46750754642127c90e3e2,UNPLANNED
owsfz,260929_172315.wav,db9817383b99e35b2ab25fcc44c2895898cdfc533d0e5cec957db2900d7edd36,UNPLANNED
owsfz,260929_172445.wav,4086a5a5250db4826e813e2c1837cc374f9cab36134fb2ce279287d8171c2869,UNPLANNED
wsjt-x,260929_153700.wav,d79bea66acd1e30a6ccd4c4298d6aca94c032a635a6fc3aa31301452154e981d,UNPLANNED
wsjt-x,260929_153715.wav,22a3d8e930a8fbb3bc970a990807e438eab6d8a106fa40aa585e768992d9e4c3,UNPLANNED
wsjt-x,260929_154230.wav,0229749f73d8e5b51ca948940455fdd296b20d71a070224ccdbf157d36b84325,UNPLANNED
wsjt-x,260929_154515.wav,d4581c016101d79498e29d5fa952b912a1b9df8d5697ec5176181215f41b32a5,UNPLANNED
wsjt-x,260929_154830.wav,e9dbe640933713c479e757447e42952482e0ffc179c403e06ebbd9eaa86edb8a,UNPLANNED
wsjt-x,260929_155345.wav,6dc9f0ad53b86fe9e87a24d006aada54455f408a234d53ae6243523fcff29ad9,UNPLANNED
wsjt-x,260929_155630.wav,c70ef87ad8539c1de15bd72895a10eb8685cb717e07bc68c0175b4849a394a38,UNPLANNED
wsjt-x,260929_155800.wav,ce511c64cd065ae3c0ba0eff847ff3533991cfd3d37c6ffe8f1ad8e3a9e1643a,UNPAIRED
wsjt-x,260929_155815.wav,5c84137720601f9968117f3f76f904e4433151abff21e0795d8bba23af5746f2,UNPAIRED
wsjt-x,260929_155830.wav,e0104f8b778fcbf380e2faaa97270831b7e3c943b1fbb03fa450a192cd75dac9,UNPAIRED
wsjt-x,260929_155845.wav,4bc75da95436f0f6222f6cb05f0d75907980adb194469512a7be92099da73ce3,UNPAIRED
wsjt-x,260929_155900.wav,c701de51fb1c9cc3a9ab5702af96a4f31466ef7b6f9ebc9a4da1570596cac23c,UNPAIRED
wsjt-x,260929_155915.wav,e4af57ba3a04f79bfd8bf3b2b65e73ff79b46ffc33a802368ad2fe715d7d4c61,UNPAIRED
wsjt-x,260929_155930.wav,4df4c9a158c5532dc4311fbdb3fb04e0c72f59a44ed6f55113d92eb92f1c2c60,UNPAIRED
wsjt-x,260929_155945.wav,f2a8d3b40ee2b252b6af5621b5ba07100ba21d2071a9a50900cb1b2d4d660c5e,UNPAIRED
wsjt-x,260929_160000.wav,87a45859049343e5a67f7bb29a033d6868132546e572f80eec08104e9244be9e,UNPAIRED
wsjt-x,260929_160015.wav,11d13b13cc7c93de15f5e992a8743f8e1f5648a2134429b49ad68bad9b31cc16,UNPAIRED
wsjt-x,260929_160030.wav,60e08137f8b3e5d8e65df63c88c1e88c36609c241065f8503a5ca457ddd65a48,UNPAIRED
wsjt-x,260929_160045.wav,094c1f242476e3cf516a278c8adddcf1f15c5a5ce8008e9fb1f3b7994b01c899,UNPAIRED
wsjt-x,260929_160100.wav,b68ec338cd79923d10daa713ec58c7e19edfdde2ba1921ffdf526ed3dfda8753,UNPAIRED
wsjt-x,260929_160115.wav,fec9b947df30952a0002f4e2c03388d2f36c79defee8a15ebb17a1bc1f941059,UNPAIRED
wsjt-x,260929_160130.wav,11bd7c8c953a8e4388dd1cb9e26e418551f760e06b29a4772431ee3a48b3b392,UNPAIRED
wsjt-x,260929_160145.wav,ecc152cae6b50095deffc9fb588ac52cae6c51a3a4b4992577426b5469e7591e,UNPLANNED
wsjt-x,260929_160200.wav,669f256f167511eb8d5502930daafd5ff1dd75b222dbb3b462a6b7005fa9c7ab,UNPAIRED
wsjt-x,260929_160215.wav,165048512a7759c34d02baa2b2a8f9808e3b84991d343578717e5faec210a22c,UNPAIRED
wsjt-x,260929_160230.wav,e533e05b96ef628affbb4ad975b347cf4c324cc82d4a0ade0a13cff367c14e2e,UNPAIRED
wsjt-x,260929_160245.wav,03b7e77d42bcd587bd17c46c10c0cea11cf3fef6f1d0a066598510cec008dfeb,UNPAIRED
wsjt-x,260929_160300.wav,ac5e5ebfe60aca5c94e62f199a77c5c8c253929717731fe2e9ea0f318d65323d,UNPAIRED
wsjt-x,260929_160315.wav,6b4a07e07bb95f2124ce375e6795b8ad67733213ef00bf32adefc9cced58ae6d,UNPLANNED
wsjt-x,260929_160330.wav,17b18a959024694f789b00d57146b72d2c1873dd5a27c29568ba780745137832,UNPAIRED
wsjt-x,260929_160345.wav,a55eab64bd89f7e3e79328c982e738d653da8c32cbb5d53001eeb2d8b404d5c0,UNPLANNED
wsjt-x,260929_160400.wav,54c1fe6029af60baca5602267ef25c28e45148e7f713e3631f81c9e1be4d8ff3,UNPAIRED
wsjt-x,260929_160415.wav,6f3829e550ea643bb39b395ab5f89a94f8c6609ff86d55b5c0d216432ffbb9c4,UNPLANNED
wsjt-x,260929_160430.wav,13223e922edeab0be09fe3ca9fb9db946a48dca8997fe9d2c97f9a935c0f57f7,UNPAIRED
wsjt-x,260929_160445.wav,b2f05aef5a45dff3ff8596443bdbbc92d64d6bd7bfd9045de4dde5880cf64cd5,UNPLANNED
wsjt-x,260929_160500.wav,ebfa8a2cbfab0bccdd5a2467792d4710895f3eae1ab992a44edb6a509f5bab9c,UNPAIRED
wsjt-x,260929_160515.wav,a6216892a648d836b1b2a0ed78c71d231346f7ca3cbf3a952809883d5d6dcf94,UNPLANNED
wsjt-x,260929_160530.wav,db42b9a36e5aa804d52bcccfd64ccb9f54dba3c5a4ff090d5cdb43c695d34a1a,UNPAIRED
wsjt-x,260929_160545.wav,e670cce908e2ca4e66c76830d2cf4f6d7f1a71373ca98c9d43b8a0870b70927a,UNPLANNED
wsjt-x,260929_160600.wav,ff9419b3b8cc0ee3b69d17738bbc825d0bffe06e26e19cdf0d0a06da0a0d7366,UNPAIRED
wsjt-x,260929_160615.wav,5ef7e6da2f5b55de3c246cd2648454a26e674ebb35ca877ce018af2f86808c34,UNPAIRED
wsjt-x,260929_160630.wav,b24322604dd160a6cfa7e14a09d328b60d4d99c3bd7d7122312b50e3dac4ff87,UNPAIRED
wsjt-x,260929_160645.wav,5359eb28e7e67caf6dccf56f15d7829b03141b12d3aa5d66f475c2afc7233b56,UNPAIRED
wsjt-x,260929_160700.wav,9bc035371c7755a799ea3b87bc5e8a6b6ded393e2a970db22b7969ec9611fb00,UNPAIRED
wsjt-x,260929_160715.wav,6771bb7ff87c1be841441fe6467fa72ca1de07b7c773d37a5da3e8813fe9ca71,UNPAIRED
wsjt-x,260929_160730.wav,07b483e6fce78ace3d376c7967c6e533c2555aa1b9b6d10194e3ff0416412f02,UNPAIRED
wsjt-x,260929_160745.wav,50dffc9bf611818a4ce9c50fa72be6f55247d46f2565351fdfe0e51ac63a576a,UNPAIRED
wsjt-x,260929_160800.wav,9007b3e78c067ba7d48d833ab4cb86d0ec4384d9d533e42748545a6e99af95b0,UNPAIRED
wsjt-x,260929_160815.wav,78c01e886b80ff25bc0f3d3a4731726ebd6816e7cd1ba9794734fd860aa60bce,UNPAIRED
wsjt-x,260929_160830.wav,c2cfc008a1a0a59648b7c9f4e764ee45a1f7e2498e03f1ffd750c2493cc59c5e,UNPAIRED
wsjt-x,260929_160845.wav,68e6dfa449d196e1237eade9929875663a0b61c25b9c04ddab2c5d98ab672319,UNPAIRED
wsjt-x,260929_160900.wav,4b41d6efcad5e6ef7b2c72272040adbb676f5badb59916916cc4b6c5cc699c99,UNPAIRED
wsjt-x,260929_160915.wav,66913866b579e9f4582b3f87dc06a5a054fdd6de076d66b02d6ac10926aaaeb9,UNPAIRED
wsjt-x,260929_160930.wav,5bda8d0de861a079d4d07b0a810a9cf8fe4ace9a2cc4aeb10e4fba606e34d603,UNPAIRED
wsjt-x,260929_160945.wav,80833f4b68cfe8d7c448e233642e47299e05a11f1d99276dcb2e37628737eedc,UNPLANNED
wsjt-x,260929_161000.wav,85bab22399e18fb3c109d1deef28063169e375dd820d30e43af5e52c8fb3264e,UNPAIRED
wsjt-x,260929_161015.wav,2be1fcf773790d0dbfa04a8f6b63a1f5a47d020f463ac7559db9020aed7b259e,UNPAIRED
wsjt-x,260929_161030.wav,1703caa88aefccfba64e3c2a366a2a60ce46e73c3308cfcd0155ac49238de194,UNPAIRED
wsjt-x,260929_161045.wav,a4935a36ee5a74301d0d08f40f9e2da9e32060dd323209194a14a28903a37183,UNPAIRED
wsjt-x,260929_161100.wav,dc35235872c027e280afbeb348df16fd123b18a81d24f6d42e432ce97b04be77,UNPAIRED
wsjt-x,260929_161115.wav,340e8193eb271e669b22f5734e3fd193ef23298066dfb60fbf8c666349828883,UNPAIRED
wsjt-x,260929_161130.wav,d3224d317d17a8b70786c5d47b59c695311ae13a5379cb36132e8e6a42fe6376,UNPAIRED
wsjt-x,260929_161145.wav,55a837a89875f09a114a269cf134e659aa7338843669cfcd52e4f011a1e5aceb,UNPAIRED
wsjt-x,260929_161200.wav,3f88da67b90b6e5aaf000de34f233167e74cb2b35ff3388c0c0f97842e654565,UNPAIRED
wsjt-x,260929_161215.wav,4a93c2d1909d73834086ce4de8478b8481b1d5267d46dfb31da399caef2d97c2,UNPAIRED
wsjt-x,260929_161230.wav,d77abe0ca4a11be81a2ab75ba557bccfeddde1ccc41da1fd82428c74f9649ed0,UNPAIRED
wsjt-x,260929_161245.wav,18d658d544ae4b3e602d1a527f35a130965e80a7ea02897e2385440b90a1c690,UNPAIRED
wsjt-x,260929_161300.wav,cac4d471cb1a263c6b4a7003634dcc94c4dabbe95d6dac8ab44dc1c25f3d3693,UNPAIRED
wsjt-x,260929_161315.wav,60a24232c8e57809f96734d11a6c548b0856f1f65b6c10a7f5809ce3bd224824,UNPAIRED
wsjt-x,260929_161330.wav,fa3a5a6c41c5a05d9f0f726ce3f5bef50dfa8a03ce5e647e37a1bb61884e2a75,UNPAIRED
wsjt-x,260929_161345.wav,f794dfe2a161799db1bc78e12fa64b05bcf61a447aa4b58012226903f83492da,UNPAIRED
wsjt-x,260929_161400.wav,962c2464778f2f5482c3965be7fb848f1a8d5277bb77acbd445c7e070d1a058c,UNPAIRED
wsjt-x,260929_161415.wav,0c82e757aa35024cae7afbf8b7f4655bdb19b7919d8b9685b98c301c45ded78d,UNPAIRED
wsjt-x,260929_161430.wav,332a307d3691d5959279bd43749fa23071221d7c912accafcb040945d71c324f,UNPAIRED
wsjt-x,260929_161445.wav,57cf79914564f73a86b37f880cef22dc2d4555e4c0139f0c4ca9602b9fcbe634,UNPAIRED
wsjt-x,260929_161500.wav,b7dad20e26a03d813ef5d353bb6a8a3685203e971e543c6fe2fc28c37ccc11ac,UNPLANNED
wsjt-x,260929_161515.wav,2fb8d96198daf879c459ff4d13be8dd6f73f2a112179ac7f234152aab075832f,UNPAIRED
wsjt-x,260929_161530.wav,ec6e415b2990ff7e42ecafc945e28808be00f32c33d89bd4ff3a850426ad1197,UNPAIRED
wsjt-x,260929_161545.wav,45b3c472cb0e26ac86d8d2b4c6a78e8ef2bc28711d822e598ad0d84f6d28e2da,UNPAIRED
wsjt-x,260929_161600.wav,d675467509d4e382307f06c7912afb7943219b4bda88d0e9916c6baf2b5a2500,UNPAIRED
wsjt-x,260929_161615.wav,05fb4a05c212faeb777b1161de564486237cfd6dcb309c3708b78c8384a16bf4,UNPAIRED
wsjt-x,260929_161630.wav,3fa8af50d61f4942197baa32c13ff5bc2bb2970988610b522dc743b3bfcaf6f4,UNPAIRED
wsjt-x,260929_161645.wav,c68f20d5469df56e3f997a4283de2efd2db8be552c404e6d41486a65f95be5de,UNPAIRED
wsjt-x,260929_161700.wav,50b1f2bad358f8edd3d2a661990f1583e3c8a2c3a6a0b9d473fcd1b8875a3f2b,UNPAIRED
wsjt-x,260929_161715.wav,fa74ef441efaf18da5a894d938f59f295899a88dfc191f829d3f4c41e694ef32,UNPAIRED
wsjt-x,260929_161730.wav,0419302a627cfa7577b2fc6a62ac40632c11b3d678cba880eb85c44030d86da3,UNPAIRED
wsjt-x,260929_161745.wav,324ff8d46297a1ff084f41fea484ee355d930016467b2d1e5577c40a62157703,UNPAIRED
wsjt-x,260929_161800.wav,ceec876eec0b63e5d7b195ab6b75bb210f068b0bf9bf088f73ff81801d8219dc,UNPAIRED
wsjt-x,260929_161815.wav,9f84d135db7fe00a7a16d72067403e81ad6999ef5d6cb4661fb3eb5420b53b84,UNPAIRED
wsjt-x,260929_161830.wav,2dbe1cf5f959a9f13ede41f1c31f620d0d08f4d24e27e9a2bf22c244a5c4a590,UNPAIRED
wsjt-x,260929_161845.wav,cca46e08174ba0126351baf4fb8ede70bb005f7338bd66b3f7455dc803a253bd,UNPAIRED
wsjt-x,260929_161900.wav,7592e0ee415c2cc05488d60b85043bd3bf33160d99229d917c651ed685762a2d,UNPAIRED
wsjt-x,260929_161915.wav,9462b17ce97573fa7dd59433d547e8f5d5f1445046f5d9199cb32351c2c6b835,UNPAIRED
wsjt-x,260929_161930.wav,e7986de25fd87009e02539905eee06a94e4ee735489e7103c583ab8a17039b41,UNPAIRED
wsjt-x,260929_161945.wav,9efd3a581f28a8fc0e9f1b14be10140a3fce432940672c8f1e6792626f80c334,UNPAIRED
wsjt-x,260929_162000.wav,5d069d6d7258f5f72301d0a838643606566fc6c37d8d9720055ec50aacf1379b,UNPAIRED
wsjt-x,260929_162015.wav,46d88e71699f7054921a68486edd42fec2d0c6c5bf09b92e18ba42f8e5b71f74,UNPLANNED
wsjt-x,260929_162030.wav,f857d16f4de8abdf70d47cf342e86833f5032755c0f21e79802b321078da6719,UNPAIRED
wsjt-x,260929_162045.wav,e38403d124087c62f8035d5d4d9f3a0ef2ff308e3cf0220306f9e024f4dab3e1,UNPAIRED
wsjt-x,260929_162100.wav,21340f293c0b66c9cf1571edd29ec499e94feb182377c19e7e9731fdac06845b,UNPAIRED
wsjt-x,260929_162115.wav,7ac644ceea796472148bff89fb2140c8dfb017d827a3b39ecdda6063642180c1,UNPAIRED
wsjt-x,260929_162130.wav,ac436a2038cc5255fda51084620b66781aa796c538d39410d17f07c9a52fae76,UNPAIRED
wsjt-x,260929_162145.wav,39fc59227a78d01ea858f00978f600e9e4f195c4f2918b1f2db064484906d0d3,UNPAIRED
wsjt-x,260929_162200.wav,ac2ba3db99cc5e01ac825861cf3d657456c458fde79a96352a02382c56598817,UNPAIRED
wsjt-x,260929_162215.wav,5b64939b9b623a481d843e50af049dc62d793250e4d75184c35a5bca49ea8e35,UNPAIRED
wsjt-x,260929_162230.wav,e5e66eac92d771990de35c2bce5148082bec34e173e7242ab7b7e4068e19ce47,UNPAIRED
wsjt-x,260929_162245.wav,07ab3d080361db0d0885707dddcf0dee5b9ea11e90ef8081b644fce48afbb7f6,UNPAIRED
wsjt-x,260929_162300.wav,8e3c405d3a372c312b19c84bc6c64415547f859335d23a4817d07e70bf5e525d,UNPAIRED
wsjt-x,260929_162315.wav,8a517d7ad5a841e872d69018819bca480380e7c8af4fa4dc1d566b11e5e5097b,UNPAIRED
wsjt-x,260929_162330.wav,0e7cd9604459a3ba8860c57ac24ee935e1629f00e020154dc34cfec259a4e36f,UNPAIRED
wsjt-x,260929_162345.wav,7b19e570c386687f40d07d72d1ebd1bb4050aec267b8b30aff7c75cc80cda89d,UNPAIRED
wsjt-x,260929_162400.wav,ea1958e06255350a4340eff9e1851189657ea87da161a5f3d7e5c610fadadee9,UNPAIRED
wsjt-x,260929_162415.wav,73cd5434eac2f6c05ce6855654e149e3bdc6a7a5307cb154f55f21d6130c5b12,UNPAIRED
wsjt-x,260929_162430.wav,f47d6a32dada22822db867b23b7810965560f2a0b9000f9b32e1e4e3289c382d,UNPAIRED
wsjt-x,260929_162445.wav,2f64bc03745cdd75f882facb30ed4f9856942a0d90a7d00f4ff2659c3c580cab,UNPAIRED
wsjt-x,260929_162500.wav,e45d83953de8d5ad2895ae736ad0a8536861fa5d635e0c8e4896a8faa75659db,UNPAIRED
wsjt-x,260929_162515.wav,f1961bc7fc58a4747319e540e08cfece46dd6c6bbe831177374946ee1f56eb77,UNPAIRED
wsjt-x,260929_162530.wav,e7fd6cea8ab9de529b2582f72b242708462c68bb3c910e6f4c47d19a3a5b8b0f,UNPLANNED
wsjt-x,260929_162545.wav,c335c2238e9f1e3f9a033ff2b4fbaa7f1f7df9bf7e3e3943146811920d813f4e,UNPAIRED
wsjt-x,260929_162600.wav,70d3e5a7d4ea4dca5af7cfd7e96a39e917ace6e3037a4489a723642d9cf1e491,UNPAIRED
wsjt-x,260929_162615.wav,60d5d7e7db8ea105a6f1421e2814826530a9273513b2dfda86b89dd16c14bab0,UNPAIRED
wsjt-x,260929_162630.wav,a5a5a659f6fb0627ced9d9d2179680d71cc027cc9c97c3ee76eac41fa93bb8d0,UNPAIRED
wsjt-x,260929_162645.wav,b975dcaf3ba78d70fe464d6469ff7462d347a721656b8a5695bf281cce8ccb41,UNPAIRED
wsjt-x,260929_162700.wav,1c033798b4106a023a1fdc89af4a09e64d1ee1f022a55ebee7cc4866450c03f6,UNPAIRED
wsjt-x,260929_162715.wav,0a2bc9ab0849065ad1f0a9df428481f48618bbf8cd67d154aa852cf2bd59b18a,UNPAIRED
wsjt-x,260929_162730.wav,6c3f947f61e4c5a926b7799bbbe6cdb97e1eaf35a6ef171c02d7870e5944baf4,UNPAIRED
wsjt-x,260929_162745.wav,3f1a2323cf24d0e1c81741f4e47b94d32e8a0a438a203de346b637ecdec7c247,UNPAIRED
wsjt-x,260929_162800.wav,a533db94cc913698d766e8b93adc9231de512d252590102b7bf6770a05eb8df4,UNPAIRED
wsjt-x,260929_162815.wav,9cfdd57f20f024d43e84a75c9c4be34de7d16f2838d1b69426d92e508694de18,UNPAIRED
wsjt-x,260929_162830.wav,0dc3e12d4b44fb1fc65026b4058f8b09f65590936976f5184d0361f24c5ad63c,UNPAIRED
wsjt-x,260929_162845.wav,ccbe2dbbb3ebd798efecaf05a89d817e889ce66834ffad12798a33c682adcccc,UNPAIRED
wsjt-x,260929_162900.wav,6e9aef2279de54119f4e99f94e2200c9c301b7a1dccc5a3110a152d62ba52f26,UNPAIRED
wsjt-x,260929_162915.wav,14b3c4e695124f1c877fdbda964c2f569921facdd450102912c2791dae4dbac6,UNPAIRED
wsjt-x,260929_162930.wav,bfad33d880f4b3332f496e62b974ca8d47c65b01f2e24e7addc90f18edb34343,UNPAIRED
wsjt-x,260929_162945.wav,6f572a99b0ec9c5a6160723b654925590a4a22b4d2b389d21af8a849242d2ca9,UNPAIRED
wsjt-x,260929_163000.wav,448f0bf8786fd0d933c90c1a88c609a00b4f943411f360645d5bc86efbd9c052,UNPAIRED
wsjt-x,260929_163015.wav,6b4a8597318cc573b9ecca550721c9881c977502ba3e9839e76753e21fdd317b,UNPAIRED
wsjt-x,260929_163030.wav,96cb7fa36ffd5da27b33934b089f2f65f628972b33e9e8728c2a999274bc47d2,UNPAIRED
wsjt-x,260929_163045.wav,e52ede6adb128a06c9b825d0f47da667e0d3f2fe86b83d5937b1a499d527a657,UNPLANNED
wsjt-x,260929_163100.wav,dc0e5b5b8a8587af87ce0c06d077a38e910caebf4dc530a5a1c2fdb269e20340,UNPAIRED
wsjt-x,260929_163115.wav,903e77dac6bcd472313da85daa4933cc772191ab1f28085cd383badb4ef829a6,UNPAIRED
wsjt-x,260929_163130.wav,c636a68783473782761de454b800e4daaf8baa36d56dcee99f7537158378df6d,UNPAIRED
wsjt-x,260929_163145.wav,391bb66c29c75042aef395d490fec353356d4cee19c6eb493c89011eedd37cbd,UNPAIRED
wsjt-x,260929_163200.wav,a1373c5e46adbe92f2f9506e675b70e175780d2be437e1773be4c778410819e0,UNPAIRED
wsjt-x,260929_163215.wav,8968a28e8682f69fe0174b6a6fb9d700d3cbcfcc80446228612444ed3bc525b5,UNPAIRED
wsjt-x,260929_163230.wav,6c6acca17648ca98959d5b94685d8b7796de276f9e35822bf3cca5c890edb383,UNPAIRED
wsjt-x,260929_163245.wav,99e61e6ef6ffe4dab604b642fd988aac899cf809668bbd9eafe3237c8599e66b,UNPAIRED
wsjt-x,260929_163300.wav,ebe9bb1fc7e6341215e3188efebe25b9de0c8f3fd7f47d273dbd0b12a5d9db86,UNPAIRED
wsjt-x,260929_163315.wav,d20a16c10945f11a9738f5f5e65a10fe7df6d32b6fe929f460a08f145f843cf4,UNPAIRED
wsjt-x,260929_163330.wav,7a207fce9c67f83379d8a6620d99a345a09c3a38f9db84a3567f7199584cfdd2,UNPAIRED
wsjt-x,260929_163345.wav,9edf5c372d36734b36fe54d6f6af4fb7411dfcd80368468551504421bdfc385d,UNPAIRED
wsjt-x,260929_163400.wav,ba526f147a1caeed1640403fb42c4ea9720b0161666fd6de7fcc890e6ce540d1,UNPAIRED
wsjt-x,260929_163415.wav,d4d8523a16ef451e0a69db46a29288cf65af4fd9f53b577178e976a154dd9f7e,UNPAIRED
wsjt-x,260929_163430.wav,a233b1301f8ca317a10a930c862dd723d5ff10ba3cbfdb297a09df3a54def48b,UNPAIRED
wsjt-x,260929_163445.wav,47496e770a46838886de7020109441bd01110d63530e4cf4d6aecdc67da36fcd,UNPAIRED
wsjt-x,260929_163500.wav,0a278c6ddfee34e56206382a13247b403cf95ed688899ef0f1b33f6c96001a1e,UNPAIRED
wsjt-x,260929_163515.wav,d8a7b470432cc87dbb958af297eaaf052c012750c3b119e10726b4bacff07d04,UNPAIRED
wsjt-x,260929_163530.wav,5a2fa537c107ec9ad502162831391f21fc89ba43b167f32a0966503bf737e1b5,UNPAIRED
wsjt-x,260929_163545.wav,80286de5ee7f515b898bec24e51c729d1fe2ef4efa07203a556ff1c263b0836e,UNPAIRED
wsjt-x,260929_163600.wav,66510d686d898e91b39ca62fe1b4c9d4349497977ccde9af8f0ca5694fd794de,UNPLANNED
wsjt-x,260929_163615.wav,759cbdb24e7d115ed5a5f0b2859e6290c2439bea085888ec41db4246adaa426a,UNPAIRED
wsjt-x,260929_163630.wav,6fcfb9be76c6230068c3474da83baf938fa9a463a63b2e25510e5a20f76404e9,UNPAIRED
wsjt-x,260929_163645.wav,9c40b046e90361539fb95255aa59988bdfc960d1cf4caec3560f9226f61c4d22,UNPAIRED
wsjt-x,260929_163700.wav,bfe65fe7bf72548011fbff4601d226d24b87b2b9921e250209c51b5a495a41f2,UNPAIRED
wsjt-x,260929_163715.wav,cd5e7e256d2f18643219dacdb08eb6963a2ff01f639f942cfdaa48c7822442aa,UNPAIRED
wsjt-x,260929_163730.wav,28fc8390c876704dedab9983a95e5f5be5307d058a10e4a31f06c07173d011da,UNPAIRED
wsjt-x,260929_163745.wav,470c3959e6bc1200e5b4376af61fa29e58ccdb6aa1897bf79bf509840dd4049f,UNPAIRED
wsjt-x,260929_163800.wav,566ada31f377fa5730105f301c9ce9e9e00a4702aa43751fb59bc07058742f18,UNPAIRED
wsjt-x,260929_163815.wav,465f14cc617b6749c181d5a833eba4842f06eb79ee1c35945cc14517fdd930d6,UNPAIRED
wsjt-x,260929_163830.wav,79ccc7eb8b2bac1a6b8e149943e1c246bea6925d1fca25e72e1b5b64cf4fbe9c,UNPAIRED
wsjt-x,260929_163845.wav,00be101d7fe5db3b3637f1e233e66f95a9501fb26e5a1ef80c00f08206e752d7,UNPAIRED
wsjt-x,260929_163900.wav,a4cd301fc02cc23229f64de16845de3576ffa4c183da4140c5f96af0781a983c,UNPAIRED
wsjt-x,260929_163915.wav,2423f6016f5d46613b748bbf3f3191387fa6a492d24a95568ccbf9341077e69b,UNPAIRED
wsjt-x,260929_163930.wav,22646d9a1e892b25959f089b34731bf32d9155e6730d07453fb5ae39515bcbef,UNPAIRED
wsjt-x,260929_163945.wav,aeb54c6f554300f845d106b50140e984fb4c5f36a4bfb3ee6b794e9570c6f972,UNPAIRED
wsjt-x,260929_164000.wav,1fa27a71e86bac5f45df86d673abace6f7a4bc46fc43a036d7476c186f525373,UNPAIRED
wsjt-x,260929_164015.wav,ae99163902510a431b97364c99c800915481e9990bd24ac0a35fbec7f2b643aa,UNPAIRED
wsjt-x,260929_164030.wav,3b0320380c8ca21c4817cfaa888540ff8b6c6dd464bbec4e4a7a1542c0a63ce8,UNPAIRED
wsjt-x,260929_164045.wav,5ab7df6ec60ff1e557eb90667ccbe91e5668cec6a24a4a68221eecada0c9ddb8,UNPAIRED
wsjt-x,260929_164100.wav,f6726765daef3800125947392ce1a6e66ceed93fdbcf28422d2515fb0c47ecda,UNPAIRED
wsjt-x,260929_164115.wav,2ecda3ebc8ecc8181c1030d00a1422d0b86ba126958f3c5aab211b7dd67b7ed5,UNPLANNED
wsjt-x,260929_164130.wav,d1451c21f7adfde61d5860232374e014533c9c9c165ea103eb66874bde562653,UNPAIRED
wsjt-x,260929_164145.wav,d0a9c9812f39f27499d664ac2aeae4c1fd25cfbc5b032132eee05a8f505b6a89,UNPAIRED
wsjt-x,260929_164200.wav,c67ff1de1938829bd899c9d021aac77e1718293f39dfe85e90d30a1aa24d6ce0,UNPAIRED
wsjt-x,260929_164630.wav,87c10748f0c46e0c43a6face36fd113df29da9ce14611bc0b3268341d2753730,UNPLANNED
wsjt-x,260929_165145.wav,39006024588ad9cba57eb2a86dc97e573f5f22235db451a9434cd9f80e3fefc7,UNPLANNED
wsjt-x,260929_165700.wav,20579d42e98bc8ea14c33b0f328118d6f88ba08aae61a4146ad7eb1b6f01c9a0,UNPLANNED
wsjt-x,260929_170215.wav,4b9c33e04bfc4d7639dd4b2d0cb6bfaaf8988108892c37707a0de55c6418aa62,UNPLANNED
wsjt-x,260929_170730.wav,a42a83c14fb9c39b3c9f313f7fffacdcd2923fb42f44bb45a78356e65aaf8740,UNPLANNED
wsjt-x,260929_171245.wav,134ebc57a3e4ccbc59aa844102b105edc6f5512468aeac4b9230bd4303596225,UNPLANNED
wsjt-x,260929_171800.wav,db0bf36d0515a89cc38c246c74fa3ef9a13a24cb72809c44fa1496b8bbc051ab,UNPLANNED
wsjt-x,260929_172315.wav,b89e7b1bdb815b25b856de8fd8d171e4ccb4a14a669dc4976a226caf086db297,UNPLANNED
wsjt-x,260929_172445.wav,bea609860cc69d821d37fc308560b579b7d8a1d2e230eaf8f67af53d581faeff,UNPLANNED
owsfz,260929_153730.wav,4af0e496f612aaeca127f4256a8854a8156146fc0023472ca10b278457ee6d98,SCANNED
owsfz,260929_153745.wav,863cc93176f65bffbb2c6cadb3f49b6a4ef5264ee9a876a531bb767268e6738c,SCANNED
owsfz,260929_153800.wav,195de3a00e8aaff901dc1f535995a5fe0c6001154a5667938f44e6979239f782,SCANNED
owsfz,260929_153815.wav,8aab79027cddc2fb8fb14bf69ad6db417fed929409e72318baa85e609b03a4e6,SCANNED
owsfz,260929_153830.wav,1a912e935407b762f23ad6d75c5eb0f28741e8647bf735879fac0db2bc23de85,SCANNED
owsfz,260929_153845.wav,966985ffa71d832e216642397c63a76d1b7228a316be9f67e5698210c45fb781,SCANNED
owsfz,260929_153900.wav,4651403359f9028cfb3d4b35012db1bd756d32a787bc9fd31ef38583aaac56e2,SCANNED
owsfz,260929_153915.wav,852de80837cf370f18950eb748a5d45f13d655015176cd039c1bb81eaac8746e,SCANNED
owsfz,260929_153930.wav,c5d7a34eebbf60211a44c67a08041224946f4788e6b51da83540010daa40ae95,SCANNED
owsfz,260929_153945.wav,f4801149a25b2d69004f1e29ed30a6275affb2028e173e57d08b2a19ce62e832,SCANNED
owsfz,260929_154000.wav,dbcfe9b0937ca8f4efcaaa4e3266bca9ce3fc58d9a6601259726c6506673bd22,SCANNED
owsfz,260929_154015.wav,7dad697a429523405f2587887df7863f1192fb013977a0e67d3aa9dff229d81a,SCANNED
owsfz,260929_154030.wav,60e3202f13edc91cddf31716ec89186ddd094e688d7417fddc11a7adee57e6ba,SCANNED
owsfz,260929_154045.wav,3372d8cd0ba6b1eaf901dd12566d2b01eacffc12f2c79789bc1cf30e78c1292d,SCANNED
owsfz,260929_154100.wav,e4171255edc18941b130506c06aae6386e1cba523e1bf63b087a27c6d511e318,SCANNED
owsfz,260929_154115.wav,45079e911d3e9d2274e14dba6260acf67150a1ca8e17631c800290224bf47ad9,SCANNED
owsfz,260929_154130.wav,843e2ea0a3204d4c83feb56e79a8970e37a2c20d39f6709cfcb97ddcf558e553,SCANNED
owsfz,260929_154145.wav,49e7c2847c1c4440fd096164a0d8352009ec2b41c3a6d1c475213ffcb212526f,SCANNED
owsfz,260929_154200.wav,467613ea3570e31faecc7f23a87abdf6edf6afdf048a59c5f5d2f870399258e1,SCANNED
owsfz,260929_154215.wav,420f45de31238c08139df2a075d9c869d5d5c36b4828dfbcbb420a10755d1b0c,SCANNED
owsfz,260929_154245.wav,0b057950a7b9c949b5db62c784d037cf849ecc99ebc1cf74e0bee35e93d421a1,SCANNED
owsfz,260929_154300.wav,e352ffda054c20f3f81f76cf19a7ab2e6e81b654505e2ad24d09b11e94afc0f3,SCANNED
owsfz,260929_154315.wav,cd7c833c2f54835a5b08a188846cfc70572a79b27940a9899f44bed34fb5ea96,SCANNED
owsfz,260929_154330.wav,2bbb9a466a4e1e20d248702b71e0645e71c4bd0bdcf5f1dee614e49725ba688d,SCANNED
owsfz,260929_154345.wav,5041f151a012230bd2ece00ac9c39d5db44ed4809e475b5cc126a076639f02c3,SCANNED
owsfz,260929_154400.wav,f4643daeb3b766b6a9d6c27882a8783539aa6ab56bf38e387617f6f1f409136f,SCANNED
owsfz,260929_154415.wav,6cef4e31acd66da639e8bc90c28e70dae1ccf7d69da7bf69cf69782ddf0d28d0,SCANNED
owsfz,260929_154430.wav,60e5af2049ab3ed631a9bc82940f19fb36fcce0d709010536f959fea3bac7b75,SCANNED
owsfz,260929_154445.wav,f5f85a9be8f70963533bb63a481be39ad08745c573dc46226294a1821f67b87e,SCANNED
owsfz,260929_154500.wav,f3bf97bb342a57cfef7cf6a43be205a8dd847419b285953f58e849531b52397d,SCANNED
owsfz,260929_154530.wav,80c3ef268bb7731c3dd01b6f50e7c1f7441bf4010b750846b0159454c92294a7,SCANNED
owsfz,260929_154545.wav,b649abfc55dae6c33dbfe321a7980e544e22291ccbc5b2e5638442caff2521e0,SCANNED
owsfz,260929_154600.wav,fd1bd0cca702196b98744d82de86260da0619acaa31f3b0846899c92214da4c3,SCANNED
owsfz,260929_154615.wav,8f259bd4b80710e1bbf6d0789ae4f38cb0fb599aab6ad7af4ec249f38a339543,SCANNED
owsfz,260929_154630.wav,cb1fb50e838bac08de299f3824e822ad4266bde48daa2a289b5047390c3b6a20,SCANNED
owsfz,260929_154645.wav,719f3c0fd18f91a46eed2e3dddd700b9be2386763c557b66c0541978eb1ce9cf,SCANNED
owsfz,260929_154700.wav,71307e17cfb81f1cde9d21e71d60bf0fe3280bf097ce11857e53a9d65fa69a0b,SCANNED
owsfz,260929_154715.wav,38c3f907d8c45df98c6ef1e6ac68918c012aa8f89ddf9efe3cae78d399d852fc,SCANNED
owsfz,260929_154730.wav,c494563ba55093e015a893c211dbffea1c85a8761c3fa902c6bab4e76f4d10f4,SCANNED
owsfz,260929_154745.wav,7e4099a641c7888f37bb71d2e5b06168842bac27dcc81e2c1573eef1f08db348,SCANNED
owsfz,260929_154800.wav,23384172d165f0cd8bcc7459b6daa3a26b562644bf01cad81744b375c1db596d,SCANNED
owsfz,260929_154815.wav,3121e057949d177e827c6a3f3bc58564805eb89ee8818c70e94f500f838f197f,SCANNED
owsfz,260929_154845.wav,973fb234b341b132f61872d33251400daf9c962532f7fb0bd2035efa08a8a094,SCANNED
owsfz,260929_154900.wav,305cd93a94fa7479bfbc8400cf3738f7794c7c2b9675f229014a725d1e44c4bc,SCANNED
owsfz,260929_154915.wav,82e1d60fd3e1b5fbcc908290274a862dab8b676f1ea17ce916d9a3339c657982,SCANNED
owsfz,260929_154930.wav,be0defbefdbbf547e985474e0fa8ebdb58214cea21e6dc290a95ba08c6346a19,SCANNED
owsfz,260929_154945.wav,a436c736b21db7eb53ba5a49f135faf1259596fb163d80e70455c2e0655daf0b,SCANNED
owsfz,260929_155000.wav,f455663dfa0f6525b4223c4d02920b0587065c6438073e5d79c8ced3ea729a33,SCANNED
owsfz,260929_155015.wav,ca665df5584b78388f38c76a2ef1551e7815eaefcc41d49f3b226e33044d6e8f,SCANNED
owsfz,260929_155030.wav,852b4059f33109c7359e2e3a3e4947336e8e3a1f72ada22a01472e73070a7df1,SCANNED
owsfz,260929_155045.wav,6e7ea1077a86dd9182fd1e6f9153f5bcd062c5dd1fe1388033b89b2b0a911237,SCANNED
owsfz,260929_155100.wav,c59ffdf4c09a51b5e73ab0e0c391765e0be90844d8794448f12328534b334cde,SCANNED
owsfz,260929_155115.wav,9d314ae857bf2f50ce65f1eace1f53e7a151093b2becd950de6590cd5f91eb28,SCANNED
owsfz,260929_155130.wav,9b95795497dc7adb7552694bf11977ef18b9345f6205946cd758fc35da98acde,SCANNED
owsfz,260929_155145.wav,947ea96e188040c450b8df40b977426d384bf998a0bbb57f3c57d03e42e7d32f,SCANNED
owsfz,260929_155200.wav,9c6995cdfe94866df979713e92e9ea60be5781e47c7baea5d892e9a82d875a4e,SCANNED
owsfz,260929_155215.wav,da402d82c8f02c6233e89563f83fa030627499235113fdd7c578b2382f92d438,SCANNED
owsfz,260929_155230.wav,c00b8cfa4aea4f0cab7c10bec4ec4bf95728a23586f2e96c861c7e5da620b920,SCANNED
owsfz,260929_155245.wav,8829c0cc359c04e19691bd5d021d3d698b33eeda86321afd3d1bb39019babaa1,SCANNED
owsfz,260929_155300.wav,11d7349605ee25b8496ffc776a3d7dfa3d9d0784d4fdb0902218b7c6f46664fd,SCANNED
owsfz,260929_155315.wav,31d068d7271dd303339d9abf48b21a88ec2b4247121e607e0a84515573b42cca,SCANNED
owsfz,260929_155330.wav,12bccf3b5e7511cc7904e729eeeb68a9c36a28298a52accb75e4bb645831f733,SCANNED
owsfz,260929_155400.wav,322d7025b7256727d2aec3fbaaaebd70a5ddb81191e5626e1e9eb78dca8d6251,SCANNED
owsfz,260929_155415.wav,e3703657b6f275b65cc2af62e562c9e39c095e0b6a3646cef7dfca06f17e97cb,SCANNED
owsfz,260929_155430.wav,3b6d01ecc81ab315fee5ec2c68da131129abdf0046e83c19101129084564bbae,SCANNED
owsfz,260929_155445.wav,a0f7e9eac7de855065e15de563678b1450c0ed2fcb71dd743cfeb0f52d81bc33,SCANNED
owsfz,260929_155500.wav,091d44c6b8dcc6b615849153a88801668b8588036bbf7937422defa08b9d44c0,SCANNED
owsfz,260929_155515.wav,34e07f78abb324d10c37950cc5f4d6b22c342bd3eef0fca81c0e37d615b74b46,SCANNED
owsfz,260929_155530.wav,0518b9856dcec72da80fc566668d61403f3aef128974e008f69cf59043c671d4,SCANNED
owsfz,260929_155545.wav,17cd100fcdd15d381cd9668cd2049f2c11e7172cc6a3d8a6948c0f3cd84e2184,SCANNED
owsfz,260929_155600.wav,79748d047b166c2e0e9a7554964edae76e1da696f6cb5e17a0f3f785b33eded7,SCANNED
owsfz,260929_155615.wav,e6db121d71d439af6b8cf00f02fcb858bfa8611bc524ca1404fc67babee3a83d,SCANNED
owsfz,260929_155645.wav,3db812d4584c5db0aca70ac5822692d166a5ed3995c5dbc96b226e076dfcac12,SCANNED
owsfz,260929_155700.wav,c30114d4c15dbc9e90845b799db94448b5921bb9cdb81b1f35e60217b1b5fc97,SCANNED
owsfz,260929_155715.wav,537dc4a36a6cd22fd67b6947aaa91cab8b9cde84307da6d3b7b54133b701cc79,SCANNED
owsfz,260929_155730.wav,eb846a9b4bc7360c15509fc7d4edbbbcdc63474924cba5e9d714662beb595059,SCANNED
owsfz,260929_155745.wav,59f9df8cf375db998fa7e2cf4a0231a5948510715368eab4d84e20383e60320b,SCANNED
owsfz,260929_164215.wav,0d49a024a71844842e3842e4a43729caf4c427af3cc129333178d67d2678a0e7,SCANNED
owsfz,260929_164230.wav,e188fa9b2e6fdfa1cb918691785e3f7b6e55f27f3164573e6dbc2c4e6bea617d,SCANNED
owsfz,260929_164245.wav,1469745bfe3a9bc964d806c6876a7a074bf806206128d3d0d2b707ac4a29e713,SCANNED
owsfz,260929_164300.wav,7ebdb43fc148581cea872da3d92c3b2cf416bfc8f794fe7f0f99151840793719,SCANNED
owsfz,260929_164315.wav,4c16346591e547815e5c7918489ef3cb80a537508b71a03cb653f280825bf9a2,SCANNED
owsfz,260929_164330.wav,31d521f52f1b13717fb7ebbda0c14a2296a1f499cbdbf7f3e1fdfe4dfde2b9a4,SCANNED
owsfz,260929_164345.wav,0ca752b83941a520f52d01aabd1bca5cb50a7153bca92246cbf98996b88a2c69,SCANNED
owsfz,260929_164400.wav,7f498453e9117513a6a48d77a1eab60b8314903284999bb4a9c33c4c554bbace,SCANNED
owsfz,260929_164415.wav,176d9b833098d5352ad518d18c28bcbbf60cf53a973d133efc8fb74195b680a9,SCANNED
owsfz,260929_164430.wav,3be2f7877ec75f9d3ccc276eb4f8c54f1d6685c374dc56e2fb2057bbb6686351,SCANNED
owsfz,260929_164445.wav,b54c3e4233c5cb679c7030fd69e63a4c576cf51e70778f43149628c4b4875828,SCANNED
owsfz,260929_164500.wav,2fe211c43e83bb862a5d8b2c235c668fcc205717a009a2ac5400df673b6bb5cd,SCANNED
owsfz,260929_164515.wav,07a7310ec2825d3171980e43a1dd8c10bed4a5f2f61e69f355e864edece7e5a2,SCANNED
owsfz,260929_164530.wav,7dc299703699d3a65b3e53de070fd99b0085f5feffe89b172f7908ae2019855e,SCANNED
owsfz,260929_164545.wav,c67ec017616a2dd28376d416fc0c9a47915e2883ca08613ca8a66c860218e06a,SCANNED
owsfz,260929_164600.wav,70db6ec31569cd47ef7134eab413dcc893d0f3379becbf1c1801c07d78476816,SCANNED
owsfz,260929_164615.wav,e605a192aabdb387cd249ba8164217e393076e56231dfc13cdc38218f2dc3979,SCANNED
owsfz,260929_164645.wav,853e872cb4979641fb4b192fa80684ac2c3fdaac268431655f8668967b2e7976,SCANNED
owsfz,260929_164700.wav,2151eeaa8308497a6bc0d8c803e0a243668032183de38f70f9ea177da7b20560,SCANNED
owsfz,260929_164715.wav,10f516881304e7de11c869692c6fa3599840907aeda3decfd37ff81e897446f4,SCANNED
owsfz,260929_164730.wav,fa49a4cbc64bd4ad15a09a65aaedeb6a2993c4fd4da2e5c6b13bfdd3b325ad34,SCANNED
owsfz,260929_164745.wav,d5e3cf6255e758f5eab77d6f6b494261cdcf793889e00bbc411459ce5fecebd4,SCANNED
owsfz,260929_164800.wav,0ffcc2c3f65bb61e401d3f2530ed3cfa851c381cdb3f160e782a7c5965ab8d1d,SCANNED
owsfz,260929_164815.wav,fb9273b7088a21b9059a4f69696f238520094d2ee91909dce9edbd2e3d8e6400,SCANNED
owsfz,260929_164830.wav,94c4bfadbf1e26902dca33ad9376cd7fdc4cababbf380380a2cb1d260be3377a,SCANNED
owsfz,260929_164845.wav,290f22cb05dfa2e181edfd21651608c0c0fa1bdbb22675b4f4b41a351704cce6,SCANNED
owsfz,260929_164900.wav,81035a9cfaaffad7dd81299dbac05ac1a65707579e935c2edc420252ee016619,SCANNED
owsfz,260929_164915.wav,a82fc3e3507bdbbdf140bb72459a4f85f8fd046b674dcc4fd2a38a412689e7d0,SCANNED
owsfz,260929_164930.wav,9c7b99301c6076f3c5795d86d6e2056aad86770f8c6936ad8f8e1c52f1a8a943,SCANNED
owsfz,260929_164945.wav,11bb7986f8e7d83f4a9af5f37aff66dfba8c8380c24606a5cce6e7ef9dfe0fd7,SCANNED
owsfz,260929_165000.wav,7579fb5d80f38f8303173c487bf46bab9bd323256462d5ebb75059f3aa5df347,SCANNED
owsfz,260929_165015.wav,4f93a6d4c24455dc7321b964dd77f85a70e26c00adae2d0bb4993fbb24cb0828,SCANNED
owsfz,260929_165030.wav,c175d1e8a5b4620568f5fbbc0cab44d919350977517a81514ce28d10c84517f4,SCANNED
owsfz,260929_165045.wav,d186563959e85828f8ced3cbe4774fc5288cdbc3b525022c23d48eb3853da78e,SCANNED
owsfz,260929_165100.wav,0a12687bf82adae50fb87fe4491dcbc51a3155bb3ea80baa940aa16b37a74a42,SCANNED
owsfz,260929_165115.wav,0a12687bf82adae50fb87fe4491dcbc51a3155bb3ea80baa940aa16b37a74a42,SCANNED
owsfz,260929_165130.wav,0911344bd38398a59be775c05a2bc66a1f3f6e8c3eacdc92411d780ef832f74f,SCANNED
owsfz,260929_165200.wav,e77f540183cfe5986f6dc2fbc7b6b2304471262b214e66b573eeff72e0e52842,SCANNED
owsfz,260929_165215.wav,6093123a07d43404f9c8204e22e6e099cc1faacbf67b139e03a1bf4d7fcbfb47,SCANNED
owsfz,260929_165230.wav,d6f88963c4af8ec2b90c54a239c1ac95cfa9e9eed886b93c877048fcbc97af13,SCANNED
owsfz,260929_165245.wav,650a11149c530a792793da89173ab1cc1aa2071f582444c710a3f1a944c531b9,SCANNED
owsfz,260929_165300.wav,3c4f16ea49db60c453ab37a95469b02773bf52f35592a7a486b181a7d0d15a3f,SCANNED
owsfz,260929_165315.wav,98d55ccdb54c44a125ee82883422115e9ed06866fc9e6782ae155640876bb418,SCANNED
owsfz,260929_165330.wav,f31a6a54300503fb63d3a94d9f6dd1cb21e47fcddb0cfe1f320b3424f830fad8,SCANNED
owsfz,260929_165345.wav,cac94b578a7785f75069bbdd05851402651e389ce4e3a282a1de110d1fe4121c,SCANNED
owsfz,260929_165400.wav,057948fe43124dcbb451ce05d3b9155a32f3a1423b8fe7d0535c5bc42e03bc98,SCANNED
owsfz,260929_165415.wav,2f0c1e7fc339cec539bf404f4b620ddd2fd62a88b6a1fe8bbc83c98b77cc435e,SCANNED
owsfz,260929_165430.wav,51ced7d0204a1913a726c185efda53caedc33ec107d502512efd376f27781784,SCANNED
owsfz,260929_165445.wav,03736d4c564293c743d5860ae9bfe7fbf781f98d65ec5783070ace71baa346e3,SCANNED
owsfz,260929_165500.wav,e5855928234f0d1b26adc670970779134e26f3cf59a6a07696ea2b6c173a8c4a,SCANNED
owsfz,260929_165515.wav,8faff2b0552a27c5fb9282ade87be31e9cfa79806f729f13591d09083687559f,SCANNED
owsfz,260929_165530.wav,2a2461b3ff24d34c8e25c030fdf89cf8882a72a15567d3d267c02305fc0a1280,SCANNED
owsfz,260929_165545.wav,8b97bb53475a746769344e248438a7c66318f927afe326348fc236c092516e1b,SCANNED
owsfz,260929_165600.wav,3182b8ffef099637d40cea10b9fb4298c1cf44fa311691639498d6c3d9701ac7,SCANNED
owsfz,260929_165615.wav,4ac84ce7b9ec7b2104403047439f3877b30c5066b7eb5bc96fdd6ababd67377a,SCANNED
owsfz,260929_165630.wav,1e56a7f2fadcfffdd2391070bcb8c8c5d5fa53a76814d8755409a376ce5130eb,SCANNED
owsfz,260929_165645.wav,d76e2cd3e6d2b205bbaca87e4718f9a04acff23f7f47efb49ba4f075f9e31fd3,SCANNED
owsfz,260929_165715.wav,e941149c75fb0d338d253a6519dd1dcf94b12b46a2d78e5efebfed24d2290c63,SCANNED
owsfz,260929_165730.wav,7b1fce3f84f0f5c8137a9fcd6a30585f7cdbfa3bb9ed46745be48bbef7510b41,SCANNED
owsfz,260929_165745.wav,cf887bc670ab3d824d32ea4ad41baadcda9d98f7e942dbaaf145f0f5db37169c,SCANNED
owsfz,260929_165800.wav,796fabfb3dac1660dbbcdd6a061ce001b042b5c0306766b7743d67cb81ae1bb2,SCANNED
owsfz,260929_165815.wav,2200302aa475074e9f1abe8d590627ee83b79ff902d9f4e928eb0385438be44b,SCANNED
owsfz,260929_165830.wav,b6512fd21230de1bd708e1d6fda9df3d3a89f4f34beb0b6669e8525c3cd5d73d,SCANNED
owsfz,260929_165845.wav,318377c54c531ac7bde14d9d717bbd2feb0f8c546e85b15bb5f18460d37a45c3,SCANNED
owsfz,260929_165900.wav,95981eab95c5bea34d6ba96e8c1e1e47ebf10728632435da92dd143db5d3c507,SCANNED
owsfz,260929_165915.wav,f58f1fc8e197ffb06a394210381658fa86de73b9d680fe6170ba6ef2954101a5,SCANNED
owsfz,260929_165930.wav,562e461b4a27e9d51a2b28a83a2515009a9a006da52ab20ce9aba773e843f2da,SCANNED
owsfz,260929_165945.wav,1bf501e40c7ff9b9ea642d718418e9e002790011d5f1c863739cc64314701f5c,SCANNED
owsfz,260929_170000.wav,9ef47786c87e16d68b60526605a12ab3af9457afd4e414f28743130bbe2fdd67,SCANNED
owsfz,260929_170015.wav,b3164f0f53277db13e34441950b7f498e019c7e0dd91acbd76aedc2679526aab,SCANNED
owsfz,260929_170030.wav,2004e887f4cfa0d748a963b17029f3792ca638e8cb240d98bce3849c6195df7f,SCANNED
owsfz,260929_170045.wav,c7214eda2c5c04478f50b2e08081c167b65abf6a0c1836292e646dffc4739fd2,SCANNED
owsfz,260929_170100.wav,ce234c68827eaf596c935b941c317c1079df703f0d0302d22ba7e97420730d14,SCANNED
owsfz,260929_170115.wav,d673ce040d34b0d97c0d042d2da4ea19f00c8c83a86992e244210c15ff4a60fa,SCANNED
owsfz,260929_170130.wav,ba0a975b0c0640ddf54ea71bc2a0db9ab8d1c1abfa993fc92cac7e372781bf97,SCANNED
owsfz,260929_170145.wav,6c7e2e265d96e5cab14c0cd8c394fe0a18a0b2fa724d60fd010f9204b914911a,SCANNED
owsfz,260929_170200.wav,20ba510d15665bcd3bb89d23409879916eb9eb597ff13592bb99cb379e3a79b4,SCANNED
owsfz,260929_170230.wav,641ec6df82c869240ceabd2850bdebd5e0439e3597304654f8bbbf418c036405,SCANNED
owsfz,260929_170245.wav,fd40afe856bdef6b081f926487441c50ab8b7a3df62be93a364f56acc68d571f,SCANNED
owsfz,260929_170300.wav,df5d306fdc8a5b6788fef0f94c8b73e7317309915c2594927572cfc9d72ea4e5,SCANNED
owsfz,260929_170315.wav,b4152683c9c23013f24098c41adb266ea10f3a2eee850ad83cd0f9a652102fa0,SCANNED
owsfz,260929_170330.wav,adeff15cd3a5c02d0b078f95e2640f919776662db08a9915a94359ea8099830a,SCANNED
owsfz,260929_170345.wav,2862c7253eac93acebb4c2bdfdbdf35a3d62033f80f6e18f6d482c33b8d8d293,SCANNED
owsfz,260929_170400.wav,ea8f8807b002bb762956c0c01577c3e53016e75afa58b2f7b1a14a762fd7d01c,SCANNED
owsfz,260929_170415.wav,debada70041faa972b5e27b7c413e14395bf1ed8ff2e5a65cc02168692f20126,SCANNED
owsfz,260929_170430.wav,d476472ca3b9203802cc6e1de85d15c8cda28b1f4e8025122e2e9fdfc47c979b,SCANNED
owsfz,260929_170445.wav,2d04b62e5a4b3ff7f7b44ab14bc1ca62bdb512f199622885bc2fc57fe8861dfb,SCANNED
owsfz,260929_170500.wav,c83440c77947a58b007f17428af679d98d715191a2dce93967b086b763545529,SCANNED
owsfz,260929_170515.wav,f7679cd8886d2e1f3bc8f744b8636ee7f5a5d7ec1748e91c169bf782de9fd12d,SCANNED
owsfz,260929_170530.wav,793681ab111130479f6ec36012a144e528dc702ccb16caa4d4b8dcd591f1e055,SCANNED
owsfz,260929_170545.wav,78e7f3d9a12a6cb8a8494833e52a8c92fd8da3bfe378816bedb5403a535bf39d,SCANNED
owsfz,260929_170600.wav,fb70ea6bf5f79f2666042d336ca0536628de16d44722402c343529185f64c946,SCANNED
owsfz,260929_170615.wav,2257f4df2a3a144f944f88e25fc168e6073d60956d713c1c5e199e53b864c651,SCANNED
owsfz,260929_170630.wav,17dc672b907fce08f92be847a336166ea4b1e68e6bd51e0f42c6fee0af7cb7c2,SCANNED
owsfz,260929_170645.wav,e5f6a725a109118c4b1c9ead2908585fc73fcdd514aabf04befdf467d0af7546,SCANNED
owsfz,260929_170700.wav,3403ec9bd7770cd8f966fb37c2646b330f24cb45c2401535b8d543991f36690c,SCANNED
owsfz,260929_170715.wav,36382302ccbda2d6c92ac2410004e7694d104986561fd250c3394e16d92e38cd,SCANNED
owsfz,260929_170745.wav,d429f930850357cdd791cd3b365d9bf49b1670b9a453d9f45e4e00b8cdd1aab2,SCANNED
owsfz,260929_170800.wav,087cf3acddc7eed27d2713fb6b07a44af5d00de28b93c0af8c4d9780b9d4d2eb,SCANNED
owsfz,260929_170815.wav,b05a8545c66e151a493ab8fad6f6520e729b80f5b01e18201123aa4805311b3d,SCANNED
owsfz,260929_170830.wav,8bf35a6fd9aaa1b98d7f329c66bb2b323f93d35c68f8e988ea2dd788c9117447,SCANNED
owsfz,260929_170845.wav,67cc1c5e0f1efdd0973d5c91ef22b55d2f7871400f92e916b9506c8f427e1bdc,SCANNED
owsfz,260929_170900.wav,afbab1e5cefa3073a2935ba554c7bfa7cdc83d033e4f131812d203ff2af4ea01,SCANNED
owsfz,260929_170915.wav,542c1763fdca843921b505a174bec201398bf4061b14b7397879abfab89a7eff,SCANNED
owsfz,260929_170930.wav,85b5e86f68cb82a0a17153436bf518e28cb7ad283434161c7c50a5074a080a0e,SCANNED
owsfz,260929_170945.wav,05fee71e45c93c1dd6e47d704044c0c3f2c9365b56110753be6122fe5ab53a80,SCANNED
owsfz,260929_171000.wav,04362e5f257064f565726c2068367bba578d81c32e97b3e41c4ff0d7ff5160e0,SCANNED
owsfz,260929_171015.wav,bd80a8ec032d1e006a820873fb342179f8316cca50a95f4c64e137ad7664cf94,SCANNED
owsfz,260929_171030.wav,1be23e152490959faee277140620ebc336957afec019c276fe565b466d2c6138,SCANNED
owsfz,260929_171045.wav,22a8035f0e765de6552b354844dc92d6d5bc6211ebe1815b38ae39c11cb0187e,SCANNED
owsfz,260929_171100.wav,bf247dddf6b26ff91133a054c745d752bdef106212b5b16c48894aec3d9d13cd,SCANNED
owsfz,260929_171115.wav,d0e83e2de335e609f8e57d16f08a2e636d9a5c731188137086fa0a1227703fcd,SCANNED
owsfz,260929_171130.wav,fa5221ec2224a45195ce9a02a52c97a7ea393afcaa6bea90620691efac9e59f7,SCANNED
owsfz,260929_171145.wav,7fc551d53058fdedac2e85bf31f2542ca6efe62f1ac99458b23a2761171ac504,SCANNED
owsfz,260929_171200.wav,89f58836ae944fb2250b2252f84f5d5e68e3f1475a0e823c56a88c7c817a8b66,SCANNED
owsfz,260929_171215.wav,d44e7db2e66481bfb2b9b2fe78aa0d308190611b8014dc5eeb72cce5767d1672,SCANNED
owsfz,260929_171230.wav,b3e8246d9892fe64a0ccabafcd53db1728160a550616625efd8fbe54f09dd310,SCANNED
owsfz,260929_171300.wav,24bc490c210c7b5b4b5e469172e3ac0ea0cd8b388865fa612ff2b37b11fb7463,SCANNED
owsfz,260929_171315.wav,0fff3c132c7d4e6a533708d0188b66980115425c2e948e79df52ae7bd7f894fa,SCANNED
owsfz,260929_171330.wav,7a17966eb006c45edf81fc8e39466e6cd395c2a76660a64d215c9a4b8eb5e2d0,SCANNED
owsfz,260929_171345.wav,46c159e2012c793f6e3356cb79fd1495ea997cf10907986040f57c5c416f74e6,SCANNED
owsfz,260929_171400.wav,9d76e2f83d2e7410e22cee47336e4cd1306a91dbd4c69a6bdc86ebbb8c2fb0b0,SCANNED
owsfz,260929_171415.wav,4ece56f57c3f93e4fa87ab3db39425b8567f76578e788f5b0f51362d63110004,SCANNED
owsfz,260929_171430.wav,dbcb7b842bf32637852cbcf483f68bfdb06174af6afe509e795ec37ff69c9837,SCANNED
owsfz,260929_171445.wav,85a7d5b04c156daa95ec1c18c42c22eb3ca56bce757d31c9b1e9df27ec0f38fc,SCANNED
owsfz,260929_171500.wav,c2b2a1876d389d7c931eef079936f087077d88369c373bfe4a32862c63a81f69,SCANNED
owsfz,260929_171515.wav,044a6bed9df778a689655d67dc113b7e5c0239e3d8f1699d593243983bda2896,SCANNED
owsfz,260929_171530.wav,be63719eadda5e4a9ff0189203f404f08c75e2a6c23e11e599fb4347734b2c8f,SCANNED
owsfz,260929_171545.wav,fde845b54905cb2786acc79c5198fbf6d4ed6da67ab44b0a6b21f07f0058d5dd,SCANNED
owsfz,260929_171600.wav,48b98208bf259833732eb3709162b8b8ccfa8fc6d80e41f0941dff0fce8b5ce9,SCANNED
owsfz,260929_171615.wav,d4c02c387b7c5cba346c2cb236a34c583797927b5dcb86432b7732ee94ddfa9c,SCANNED
owsfz,260929_171630.wav,f697c32fb5132a80aa17f46511a571d05be74fba56a98aa81dfb1afbad2c2595,SCANNED
owsfz,260929_171645.wav,3df7d9fda35cc642511308a65819d6de67aa80b4601f765e6e8115713e3a04a5,SCANNED
owsfz,260929_171700.wav,195b0e85987656415cb2b72812de7f5c6ba2cc8efb4a7a6edcb0c02f4a89ac64,SCANNED
owsfz,260929_171715.wav,05a7969cb3a2ceea9f8e0cf14675e1f647ae5fc2234ecc9b08bbfe486af1b18d,SCANNED
owsfz,260929_171730.wav,9a415b96cc210ba3813e2531f5ccf58c453689e1269c637b39d714b05bcb4b14,SCANNED
owsfz,260929_171745.wav,bdd4fb604d288ca3f04a776212c57fab3c4fb9c1dbad9a737a431a5dc69ab0ab,SCANNED
owsfz,260929_171815.wav,5315bab4a8c0c5ea4a524b8b505bb34de5eb2a7e7d9e3acadc384bd9a3b076f9,SCANNED
owsfz,260929_171830.wav,7992a98c94ee1a883b1bb0fea09b2254e09f4392a2d172a3607fa50c0cf940a2,SCANNED
owsfz,260929_171845.wav,2b38c3e1eb6ad77a75593d9a3ea53e81cf2ea70e61e43d2e0446915a52ed3307,SCANNED
owsfz,260929_171900.wav,ca34195d6e57434a446fc4948eed55f814bb00d98666340f5aaf760da5bd24cc,SCANNED
owsfz,260929_171915.wav,44db29f09a72022687f77369a72f886a9b3b2b7a57377f71462f98fd7f5652ac,SCANNED
owsfz,260929_171930.wav,c8f04f6e3904cbcd118916006168749ee81a68b4c0a9053487660b0af22e16db,SCANNED
owsfz,260929_171945.wav,2c07f8682d568397b10ee29b6b5eb54c95b05f9710f348b51b68c228d6a39950,SCANNED
owsfz,260929_172000.wav,d705bf2b83b83a3413b7eb8d4c295f362897854779c01a3dd4083459dddc5511,SCANNED
owsfz,260929_172015.wav,dfca8efc0f1331d521578da9ecdbc7e8fa20e8914d9d0f42555c09e68a8f5a7f,SCANNED
owsfz,260929_172030.wav,e8de3641b6d3845e8d91260c0567a7f43eb8219fb935fd42a7e132a2d8f00103,SCANNED
owsfz,260929_172045.wav,c8a28d602722a42a1fd88e6c9a1c7ea0f58e8beb019762d83d2c3bb16ebc3043,SCANNED
owsfz,260929_172100.wav,3331a29841008e2608f93352d892b15a4145b9dcbca68a179636973931849249,SCANNED
owsfz,260929_172115.wav,c3950a153c620bbb586fed96c4a01c2daa7595433e3d90b4a544ff2ca17fe061,SCANNED
owsfz,260929_172130.wav,9c31a180a934e643a3161eaad8843ee9d02e2822e8e895045aa2d5e77580356c,SCANNED
owsfz,260929_172145.wav,e3c28aa3578a797f38c6e1f22725fe901012869a16cbeae5b2ef715dc4559563,SCANNED
owsfz,260929_172200.wav,b4c28994f730917ae4aa57ac9d61fb1d3eedbfe1030ee12ab28c70398b459e27,SCANNED
owsfz,260929_172215.wav,e5bc543d40b74deb4e0123cd89a0248ac09fe93be76b4e411b2f03376ab6d655,SCANNED
owsfz,260929_172230.wav,81667b3b0966bfd2c5ed686aa9d0fbf9a939b59d86b5d31289c0c1b16e32a064,SCANNED
owsfz,260929_172245.wav,7b2721754cdbd1b09dc904738efa48476b10fa0a09ee4dfe98cba17927610999,SCANNED
owsfz,260929_172300.wav,ddb2ddca0b0a512d3ca8ae4563f4df0fb4d7fec6f5af11e624ca80b54b89f849,SCANNED
owsfz,260929_172330.wav,5406f7132f5fcf4c4a5ef67d120142894d32a257131eb5bd53fee9f3f67908ac,SCANNED
owsfz,260929_172345.wav,b6cba42df0b3d0eeb6394fab5e969b27d805419fe206687a85cf3ca06d3c2248,SCANNED
owsfz,260929_172400.wav,4e4c363830297c4ee84d74706d1764a3c1ced90ffe86bb9bc9f144cc636231c2,SCANNED
owsfz,260929_172415.wav,64dd928446da6ab10be3180a23d55bb0896432f5db354819adb8256787b5c4c9,SCANNED
owsfz,260929_172430.wav,8efd6e86d625054e0b9d3a2c0763794dff431dee58be013da6ccf5b3beadbf2f,SCANNED
owsfz,260929_172500.wav,5dae1a02da44d4720c45103c607fb8f680db8963645667e98e794cd907179c8e,SCANNED
owsfz,260929_172515.wav,f1fb1971e21be59772a894741e386165768312a14c9c217c7db8385a18f068e7,SCANNED
owsfz,260929_172530.wav,d205706c623611cc60a78689adde8dab6ef32f847f28de521ca6890602c8af35,SCANNED
owsfz,260929_172545.wav,fe4bb80e7a88ef27bf16009e0b1dc2fc94d050fae9502b0528f9df2bdb632459,SCANNED
owsfz,260929_172600.wav,78c044480a6069fa76f2b83b0bc75da7a9a48ccab1ccd0e041e999e3f3ae36bf,SCANNED
wsjt-x,260929_153730.wav,066c88bf5c7bed3289d201797a55b2b2f4a29e46a142106cb8c1162f59a52407,SCANNED
wsjt-x,260929_153745.wav,08c4ac82e1eef89f04743fac343d4e57921908e2cb7b7911f5381a3da508ac93,SCANNED
wsjt-x,260929_153800.wav,cd5c0adb8e3eab0adc7c4b4c21b8b30fb68dc6825e245d9e2699d1991bc9933d,SCANNED
wsjt-x,260929_153815.wav,3ee924900a9ffc24df6d1206e1568e06ae323b0f437f630cebd7d8e2a8ffb415,SCANNED
wsjt-x,260929_153830.wav,1c485f75c838b8e3394742f5689bc8a2e814dda1f72befe4f0afef2239b894ac,SCANNED
wsjt-x,260929_153845.wav,d5db84a2366c2d4394de9ac3529afc5611c0c0687f88cdbd14cd9f47b2ab570b,SCANNED
wsjt-x,260929_153900.wav,00ee04567821663c1b8e08ac6828ab7f093f4eb550e591a6683bb51aaafe7035,SCANNED
wsjt-x,260929_153915.wav,c4481d1f1184cbbb1f928357842fec988e1c34ee354478ffc192f6adc18d0ca8,SCANNED
wsjt-x,260929_153930.wav,a5a5b3e20fdf590063921b51e416585fbe3e5621ace9c90d0471efbaecfebcc1,SCANNED
wsjt-x,260929_153945.wav,ab37b07a8b1838e69e9b57a8601d9d93516643759778276fd2a5b8b4075e2396,SCANNED
wsjt-x,260929_154000.wav,f781e5fa0153470189594d9c12c1518aed4ff1547fbfa807d36224f447a380e2,SCANNED
wsjt-x,260929_154015.wav,76388f5bbd1bafcfef80dfc5b63a1249b3d96b244e8443b215999e1e4ef2c8ba,SCANNED
wsjt-x,260929_154030.wav,570b5139c06cd926441ca297059d88e1516081b0dfb0fd755faa511adf740964,SCANNED
wsjt-x,260929_154045.wav,136f48ac7262c1144371974ad75c421f6c9cf806069af88d44e7a82444414342,SCANNED
wsjt-x,260929_154100.wav,afd6d118b9021ce9559a5653e8c6ad03d90324d5fe8140f3d59e99f56207f797,SCANNED
wsjt-x,260929_154115.wav,2e8044fab0e9f1b881bb49179ec9a522a566d9effd2991eba7ad8febfc686832,SCANNED
wsjt-x,260929_154130.wav,bd0a58e9471f7ef4e4e9b312ba27c2bf9ab422a3e6affa7fbeffd56d967b0293,SCANNED
wsjt-x,260929_154145.wav,39b502080cee46c9cf5e1ff89bccfebedc2c82befaad92102da019541b960c70,SCANNED
wsjt-x,260929_154200.wav,ea394c2121afa867e74852c609aef6313d2ba82590d9aeb858993cabed99e99b,SCANNED
wsjt-x,260929_154215.wav,8ae83fd4d2613842a9ffb9a2ecccf7740ca165dc4d881e66b2bf36ec54e4a285,SCANNED
wsjt-x,260929_154245.wav,51273ecf2091d9a8f383e67fe4dfe3c2d38b53bb7106d2d6307bad19d4639586,SCANNED
wsjt-x,260929_154300.wav,81c656285c37755146d5b0ccaa69d0ef5d4991f070ee49fadbc31d7a7ed59343,SCANNED
wsjt-x,260929_154315.wav,e020750ce68f83d0e2b043d23f68c2fdfb29a4920bc9a1d7ade85f104a1442e3,SCANNED
wsjt-x,260929_154330.wav,f1c0029caf6d3ee9207fedc586359bdeedd876df05439a685bdf300dbdd55000,SCANNED
wsjt-x,260929_154345.wav,57306d8d2b2ccb2eaabd1c9ca9a161ca23c16ef54c6770cae5fa023759758521,SCANNED
wsjt-x,260929_154400.wav,5e72aebe6dac517f16ea0e18c07907ecc873af79f87d44b854822340cf3d90bd,SCANNED
wsjt-x,260929_154415.wav,c731c6e8636fdd538c6f8ccaca7a955b83a1802a588cca7ebeca7f0f043054e3,SCANNED
wsjt-x,260929_154430.wav,df1a1684498aaf9e365d38892e6e9f8fa18c0ec62989a4358ef065a842ba7a6b,SCANNED
wsjt-x,260929_154445.wav,304664967a6629ebe450d772a3c881851ef5c730345482223bea093738245f76,SCANNED
wsjt-x,260929_154500.wav,aee521af3f3d6df5194ce6a88ec9f269d5748471fff8b8e844a532571128208a,SCANNED
wsjt-x,260929_154530.wav,d4bf95f7487786b6a838cbabc3dc475a470db656785658001233aeb669edc803,SCANNED
wsjt-x,260929_154545.wav,21ce0ce6fe1c8449ee16dd745c6c05440b91e2468b6a4d53f58fd6282fe93d5a,SCANNED
wsjt-x,260929_154600.wav,56de57b03a462a66a9d35a158ed47d6b1f32c8b5c9ceb10b98f7189b3185224e,SCANNED
wsjt-x,260929_154615.wav,849650e92224a9c3c9b239cc8246375a5f1337eddc42f3ed356a2760f547a66d,SCANNED
wsjt-x,260929_154630.wav,951993e947e8254d6430a02972517d64c87ad78b1e60511df0471515d1f791a2,SCANNED
wsjt-x,260929_154645.wav,a4f76b7a241c064c4ebe0c3d3d883c69f3228ba9466c40f4f07acf1eb767bf9b,SCANNED
wsjt-x,260929_154700.wav,e4be0b259e24cbc77c19b576e63dfcbf34bd6404453fab4171c94132d775f4ae,SCANNED
wsjt-x,260929_154715.wav,87ebe895278b280de712758d4bda6f88b63019cf6d2cf6b1f6a0951645a02715,SCANNED
wsjt-x,260929_154730.wav,40adfb1712a9a0c7f200d9f0c836cf023b57816cf867a2b524c7ef62612ff6e1,SCANNED
wsjt-x,260929_154745.wav,fd3fd949951157e2cb8b5053d0e8667d68d225bbf129af62864b63ef4450c03e,SCANNED
wsjt-x,260929_154800.wav,c681fde30e41a89c17d70d876d112ad20d5d82e02660c8f0b17e906e7e7477f6,SCANNED
wsjt-x,260929_154815.wav,af074b3974f30894523b7d5cdc2a649faf31e5321cd928e93940eb53ae934ae5,SCANNED
wsjt-x,260929_154845.wav,ec9e0ef60a8657cd1bafe7b3dc550d072ca74d78daebb69e16616b44b96db5d4,SCANNED
wsjt-x,260929_154900.wav,36c6be038f674aa6b6f95d296c6de8e6a25a0ad94771380fde4db108eff15d8f,SCANNED
wsjt-x,260929_154915.wav,a0843ff20dfe15de0d59b572fe71f37cc601fc3b80e396cd4c8aa7eb4ea1c113,SCANNED
wsjt-x,260929_154930.wav,6335ad8fab5095c899c14718dcaee33c179b59c260454d31cc8763dd248b5aa7,SCANNED
wsjt-x,260929_154945.wav,aa1f459bb0cfd23afca985faf440f61e3ae76b7f335703a1c6dd0d904eebdb51,SCANNED
wsjt-x,260929_155000.wav,6ce4e7a267553ae165cec510d9e59e8bb79c0f69437ba56cf21de67ab434d3f5,SCANNED
wsjt-x,260929_155015.wav,8ad7f4f378f10b4ea7914348c33d56afbe24bcbbf5a6eb4f74ee6b61b124f9fb,SCANNED
wsjt-x,260929_155030.wav,a41061a45b514b64ed111330268956ee8cc49ab35cd6d101becaec563d8d78e6,SCANNED
wsjt-x,260929_155045.wav,7299b355aaeed3669f49760763f3cae5a5551bf80029b86459a5e04698b415c5,SCANNED
wsjt-x,260929_155100.wav,bc5a8425f81eb55bac5845f3f8cb3bd0da1050d0680ad18c199ab173cf9f1e85,SCANNED
wsjt-x,260929_155115.wav,f2a782f9e741745ad5500f6c46e3a1fd458ac2c62bdc6744e68607d34a43a462,SCANNED
wsjt-x,260929_155130.wav,441e07ac4e5cb06e5a0ea14a698f677c40f10e71ff62b290d80edd545382b176,SCANNED
wsjt-x,260929_155145.wav,0c1826346f41787a82f0159b53dc38ec3657e86cde9e8c1923e737ce74189407,SCANNED
wsjt-x,260929_155200.wav,783e064650b1a90c121af79501d6a29331b3eac0a261b5594b67ba6957df1c4e,SCANNED
wsjt-x,260929_155215.wav,ca935b3cb944817378741153101aa1e7f7955f67586b6d5256cafdbdb76f5deb,SCANNED
wsjt-x,260929_155230.wav,646f8b9785e387053b9b2649b433b336fa873d6c549b00e1a78a4b1d484d0840,SCANNED
wsjt-x,260929_155245.wav,90d5e256a22b0430f034f8048dcda2b37e10fd85628c933f1d23b9a40d513e54,SCANNED
wsjt-x,260929_155300.wav,d67ac836c3cc3d16856b4efb2cb3e788f1f3eaa53dd3872b454132a1e81424bd,SCANNED
wsjt-x,260929_155315.wav,e18786ec924834afebbf0a3f7864c231b5fac62f075fc7c53160e7be285cb2b1,SCANNED
wsjt-x,260929_155330.wav,d6d8329b70c2a4ab8dc679841888999ccae97f852140027cacc8a62ea5705ca5,SCANNED
wsjt-x,260929_155400.wav,3053ff1fc446fce63437625e9ea484d5a45fcd941a5f95a2ffd3964c8229c2bb,SCANNED
wsjt-x,260929_155415.wav,4f4fb5e822c46e55615b5978097573b2592c199f38215c402cf216bc8d307b0e,SCANNED
wsjt-x,260929_155430.wav,bbae6acbdffc6b1f84456a835ad853c9ed6a823544d1467f7b9e84ef4e7da982,SCANNED
wsjt-x,260929_155445.wav,a010b1700a28f706b8fb1df27d024c8a8932240b6712f0f0e3d3e2374d05dcde,SCANNED
wsjt-x,260929_155500.wav,45f71af4989340f363a60f9f07aef42f087919f30ea5c985452d26718b304f01,SCANNED
wsjt-x,260929_155515.wav,d1a47aebd718c19bec83a91e0482d7ef58e574fdf8d4b0e7b1f4018548c24f1f,SCANNED
wsjt-x,260929_155530.wav,1a50f8fb573fcf8d5e8d3c36172aadcec49f10cabc9a9f701c5e576350df78a5,SCANNED
wsjt-x,260929_155545.wav,2ac47a8766f542f7b397ac7d948fb743a0c14f78119792426058ba9344b8bee1,SCANNED
wsjt-x,260929_155600.wav,11e16942495dfbae970c1b197587423fc54c59205d2ce9fdc57f0929b83bf640,SCANNED
wsjt-x,260929_155615.wav,96d6b5e79d6fa5df0db84ddbfc3ae4bcde38b31c90451492e3195c3d7e8f9930,SCANNED
wsjt-x,260929_155645.wav,999d6ca8c2033bcc4305db56b4edaf70d800f32daab971941e9a2f6b357af8ee,SCANNED
wsjt-x,260929_155700.wav,e20d208fd56fc8effea64d345872c9610ceb705ce0131074bd0a23531bf54c13,SCANNED
wsjt-x,260929_155715.wav,63e8f46fc27d63f3400afdbd7dbe119b74b4881b50ec20ab14408244f404c934,SCANNED
wsjt-x,260929_155730.wav,5488f3dbe9649b10bb850adb40de06beb70e5c83369b8ce732de571279fc2204,SCANNED
wsjt-x,260929_155745.wav,607c1d303c7f645131e7121a4f15f9662a6460fc6f63bbe79bf9d4b70b395c82,SCANNED
wsjt-x,260929_164215.wav,1ac136228c3b2ea5713cc66d30d6591e896dc99ee6dd6af4b0cce8f63a7737a3,SCANNED
wsjt-x,260929_164230.wav,e19cffdca00e3522461b1dc314b8f31d61192ae905ffdfec29a99bed31d4a32e,SCANNED
wsjt-x,260929_164245.wav,670bbe6650be87cbc76d8bdf5fcf321968915d5590ace4aa7aeddcc8b4027ede,SCANNED
wsjt-x,260929_164300.wav,7c3c9096ce5d9ba8e389c02fd17795e0c2836b3222923d758b142c2a73a02d11,SCANNED
wsjt-x,260929_164315.wav,6e3fbfbb5f778df0af5773d9cd677b89bd1d7438bfad17830dfcce599dcfb9ea,SCANNED
wsjt-x,260929_164330.wav,5ae642e5181e4211dcdd131387061f88a83754a5452a571b46a78be27938551d,SCANNED
wsjt-x,260929_164345.wav,c82cfc73081b0fa5c758d7080a9aa8fe222ef42006c0cfe0bd688715b484e3ae,SCANNED
wsjt-x,260929_164400.wav,edec4df3e27d4efa9bb147ef16e2219621649ed17b732d3a207e758099e78aa8,SCANNED
wsjt-x,260929_164415.wav,e01df3649eb45e90ada8ae44aa6e68a8acc52888376d290cbbde64ffeb460909,SCANNED
wsjt-x,260929_164430.wav,43f2f56d2da015013e07d30cf1bf22c75ccb76ff596dac3e037a078d64e028b0,SCANNED
wsjt-x,260929_164445.wav,26bc548e74249bf52e3f1e02a3766bc8356df99228b69d4404a313ccddf127a1,SCANNED
wsjt-x,260929_164500.wav,cc3466ce83868af3c1b2964fe4761261710c7f151946c86d79b6bd2d8099fb74,SCANNED
wsjt-x,260929_164515.wav,88fefcb9d8124bf20ee6d10c46157fba59a22b4bea1bf6988f09dab470ce40df,SCANNED
wsjt-x,260929_164530.wav,95ea65ab7704cbabb22d29cb8bb6678754f195f5f17b981fa5981a7c88082709,SCANNED
wsjt-x,260929_164545.wav,3e4d6ea2c61553cfd6d1e468a2e6db0d3d8e89c7332d54b92b5347a21d739dac,SCANNED
wsjt-x,260929_164600.wav,0213a1f6f1d680a88cf5f7686037b1b8d33a178b3f829916ea8c0b46503dd39b,SCANNED
wsjt-x,260929_164615.wav,7c02182b890ce80b58697863b13d458121a0968ee54df679ffdcb6a47e9892d8,SCANNED
wsjt-x,260929_164645.wav,19644bb26445ed38cb889310fa0f4ba391cfe1fa793db9459f6e5e9ed35c26b9,SCANNED
wsjt-x,260929_164700.wav,55a39d6dcf39d862600f2ac2c09b95573b1321318f4786d6bd43f6889b650709,SCANNED
wsjt-x,260929_164715.wav,448fa123f854d10dd913cdb00eeb860d1c96ec9fc0469ec2d36ea3152ec64c00,SCANNED
wsjt-x,260929_164730.wav,38a1633497445ebd43d22c63d210918faeb4c8f26d1ba693e13fb0d36a84b479,SCANNED
wsjt-x,260929_164745.wav,4d63437790942900ceeb3a8a06d5e3513298c26366856e52322738eb6b69774b,SCANNED
wsjt-x,260929_164800.wav,a798acf95bbeabc9313e51beadd653399e614a407dfcd057fa121517674f3239,SCANNED
wsjt-x,260929_164815.wav,3fb4728778d968d2b5e40e58faf210dabb0c93db2903c16fbaea52504e53f3c2,SCANNED
wsjt-x,260929_164830.wav,9de7550cafd14cb01f96d84bade7673aee3db4c98f1c4ce4aac3fe0e1a2c4e2c,SCANNED
wsjt-x,260929_164845.wav,626cc7b75c783870fcd9851f2163a3d6d53484297e8cebe2018280624ae75c10,SCANNED
wsjt-x,260929_164900.wav,2a2de4c723847623b60d273970700c84a5bfe1726c8161f2ff22374ba27082f4,SCANNED
wsjt-x,260929_164915.wav,b44dd6fda89b7b4f7ae1669699e4a265d8f44c101cc739b3dc712e7f71469d09,SCANNED
wsjt-x,260929_164930.wav,7f0350289790e52fe4591905711a109595c1c563b2a0704e34a75fa845bcb1fb,SCANNED
wsjt-x,260929_164945.wav,b1d04c353ad18f8109b3b49d0bda7cc7274e35336ca35d7f42db21cd9f1cb122,SCANNED
wsjt-x,260929_165000.wav,f216ae306bde4ce5d47bfb090d73e8e145f02aefe90f1a1afc392adafefb6678,SCANNED
wsjt-x,260929_165015.wav,201e4ad53098a2e71950043a7dfc4a575afbc2f6201dc8abf6c298d2277e3097,SCANNED
wsjt-x,260929_165030.wav,7642325710bc2a46faf5c9d833243053485c8fb1f1ecc12c75ab2aec997e6ba2,SCANNED
wsjt-x,260929_165045.wav,563f5170da3e52babe19e6a69c85a8a9dd354537c62d67c33032d8118833b2a4,SCANNED
wsjt-x,260929_165100.wav,6e408557e4f4d9c6f325a878698caf843d375ec2e34771d7e058086502e9a1ab,SCANNED
wsjt-x,260929_165115.wav,612b4dd52f1375767b2e9cafe912ece54d395ca5e27485d8d53c341a016dfc36,SCANNED
wsjt-x,260929_165130.wav,8a7b4411065a7d35549eabde06025f7b04b1e2568f60559ad4e1a90b61768cdd,SCANNED
wsjt-x,260929_165200.wav,0a0e67dbe5c73078bbc2a1b986c16513942e68df356087b3bdc9d6a6da5d38d9,SCANNED
wsjt-x,260929_165215.wav,a53cdb5e79abb13bed05858141559d207df65a676ea616f918f9545c224b6984,SCANNED
wsjt-x,260929_165230.wav,0335ddcb90bf0b24229380a66e5a0f9657f5d586aa7101e1d6c954748de711e3,SCANNED
wsjt-x,260929_165245.wav,f6ac6df27f57f41cd11274ab35a9ba7ff183b81bc6e2817ee75c7645a404f930,SCANNED
wsjt-x,260929_165300.wav,3986c81db9f900aed2f719d19f355ac5f8a3c60613709f626e0e779617ad82cd,SCANNED
wsjt-x,260929_165315.wav,1df4cb1dca75024c52ca27783dc8dc85dc43362fca5609f85dc0f394d442465c,SCANNED
wsjt-x,260929_165330.wav,5d1edaa7f444849d303238b060cfa0b8f34de59cebf642de07546823034743ac,SCANNED
wsjt-x,260929_165345.wav,a5c9a2d22bb9deb5cd5f686f44d41bf3ac7542d149e9754376c560a5735953eb,SCANNED
wsjt-x,260929_165400.wav,b9090f92fa6a474ff90e25276b1c57c05b404ca8b785fb8dacbbd89c18633182,SCANNED
wsjt-x,260929_165415.wav,40a3cf223ea86fd879fd01970fa31c8e050a852b7eb362024f10c936098f556e,SCANNED
wsjt-x,260929_165430.wav,7f4565368836b857a656fe43bb4e1371da9d7dfea8506abbe8653e0af2e8d173,SCANNED
wsjt-x,260929_165445.wav,41ac900830364aea03c097b7798b13daa9e1ec853a3d9d71a7d2865f532a1278,SCANNED
wsjt-x,260929_165500.wav,e6649024579dd9c799558ca25b12f9690d6a18dfb1520a12d47e149fac6387e8,SCANNED
wsjt-x,260929_165515.wav,5b9d37b136d170cbd3b945ee54c1f827e5cff8233d1952c205d94f4627652698,SCANNED
wsjt-x,260929_165530.wav,0d11273d8da4e478abed4f419365eac8c9d2afbfb3d8d0e54184b406ba256dae,SCANNED
wsjt-x,260929_165545.wav,2e998beb32c243e579c35024c938dc72b43ad129d436eb5869cfa2a19daa81e0,SCANNED
wsjt-x,260929_165600.wav,e91069aecae8b9e64c8b3f081202e2c4bc4ca9fec4df19dfa5b44beac78100b3,SCANNED
wsjt-x,260929_165615.wav,079d8463e0c723d2354a2e8e7f33ec5eff5f8331764c33f0770f591362f9a96b,SCANNED
wsjt-x,260929_165630.wav,71cca86c38e402f21ab7f638f8d5ebbb1c65e47a00ccb25b53c83c31f4839c76,SCANNED
wsjt-x,260929_165645.wav,d113cf947ac2133013766d10eb57c5b5d184ee4e812c4de82eacc30bdafa0b77,SCANNED
wsjt-x,260929_165715.wav,84ed5ea6621a8e812a58a256d67e8290bbd4abd2eada1514fb0a8ca3641e69ea,SCANNED
wsjt-x,260929_165730.wav,1ec8b130218aef4bcb45ddf31d7473a26c313ec1baddb27d9e475e30dc9d35fe,SCANNED
wsjt-x,260929_165745.wav,b4561cfaac1f6f9b3bf41a5d66531a7061aa96b38cad128386b167d339afb528,SCANNED
wsjt-x,260929_165800.wav,61798ab7d66e14979a0cde817b1300f837c9bc37da6a8c141dd356cb731963d8,SCANNED
wsjt-x,260929_165815.wav,6cf6d51b9c527d95e55584818fa2ee56a83e4c7a8007be79a000a58044d9969c,SCANNED
wsjt-x,260929_165830.wav,c63f7c2b78a96053b644969ff8acc83a4d0f76ba8c928f3f9a709dd5f3f08a11,SCANNED
wsjt-x,260929_165845.wav,bffa58766aca25bb9da0cce10f02a099d8be025d30872e2f657a2379067382b7,SCANNED
wsjt-x,260929_165900.wav,05663a9f0069edc2e4a15aa335a82a56e2a53b5d65a22d4637b5daca8b947092,SCANNED
wsjt-x,260929_165915.wav,c349724c849392495a01a86935639505776a5a5bfdda7ec1997c7d5a39997be1,SCANNED
wsjt-x,260929_165930.wav,2c3d585057d9660c0b4de054c3386636971ea803848abdefdf3c499dbceefd36,SCANNED
wsjt-x,260929_165945.wav,21dee5153989eaa985cc7842619d470e015dc6efc39943757d49f01c47e26eb3,SCANNED
wsjt-x,260929_170000.wav,1575ff7aeb620b714657acdc631c1a3ff578e8f32de7a81ad63bde04ebeccafd,SCANNED
wsjt-x,260929_170015.wav,bb49c65d6457c800cca00817b8bf99eb1f9c428d8e611dc2a258612c2e959e85,SCANNED
wsjt-x,260929_170030.wav,332978651c884e8408a529853dd73fd3f36ecb381df6ad3400dd3e7468498372,SCANNED
wsjt-x,260929_170045.wav,10f93a9db0a5bbb2c06ff27da539e0c546a1614ea10c401728f29147fb659581,SCANNED
wsjt-x,260929_170100.wav,5d95080eeb49076cbd386346106b9a58e5f14e07034799af8e506c07cbb291a9,SCANNED
wsjt-x,260929_170115.wav,d76d3cecade6e1ca45b59ba8e7c830d0558ef785503d96ad30e68b6afa1acaa7,SCANNED
wsjt-x,260929_170130.wav,28ef549d3ba041b13e51c4b42be5336afdfad6b78d09fca5e706fe83552fee35,SCANNED
wsjt-x,260929_170145.wav,d7626922523b33a4269c4843861497ae8bae8a17571ce12e1088e4d423b54f7a,SCANNED
wsjt-x,260929_170200.wav,7f187fce950468efb526d60e5737133fc7afea8c991cfa05d85859bccf8b465e,SCANNED
wsjt-x,260929_170230.wav,740826b44524830fbd63193e04a4fda24c266dd0180f5f633409e475efe07515,SCANNED
wsjt-x,260929_170245.wav,1645df4a0c7b32ac972989ad42e810d0d1657bc06b894d85f2460c746e6030aa,SCANNED
wsjt-x,260929_170300.wav,8b374cdb6e48bb4a63251f51e1568ceb101c00086bdd2e86c79804544d447f12,SCANNED
wsjt-x,260929_170315.wav,58a9662009f659869e3273f0fcca5bd398299758b94082a1f1c69cd4b79f57bb,SCANNED
wsjt-x,260929_170330.wav,c2d32fcb39e5dbf234d0944d32b8b0c51dc1dc55a3553c13b3d4be235fa85192,SCANNED
wsjt-x,260929_170345.wav,9f7df93970e4dbcc1bb86985e169dc13a944c0a6936a03f767858a655b298d8b,SCANNED
wsjt-x,260929_170400.wav,1f2fe042e88299a04aa8ae9757d1d892d7de2105aa820883dc8069d10608fb96,SCANNED
wsjt-x,260929_170415.wav,dd3d3b1bb429c3d0b275e5fb2b1871a779a05702004970ec04c2a4c2485481d5,SCANNED
wsjt-x,260929_170430.wav,3aa91fce9a109d7d11905330e7425b9aedb1082528c7042742b38bdf55db1c23,SCANNED
wsjt-x,260929_170445.wav,4abe2b7e8d1c4423e9c2017409fc0c38ea4241d31400eee6e24adecdb3a552d4,SCANNED
wsjt-x,260929_170500.wav,38eb32e407672388b6e08020dde3562fd2fc9bdfaa4795ebfe4a609ad43e243f,SCANNED
wsjt-x,260929_170515.wav,6caa4d000ea3df92efb833c73c3bafdb0b369f724a23356eba81bbc8bf3c21aa,SCANNED
wsjt-x,260929_170530.wav,23a0c8bb875837194cc78a91615aaf4c9a24e568cd553d65ed13ae6ff58562ad,SCANNED
wsjt-x,260929_170545.wav,6d28711a9b576d39ccfcc4cfc8b16738cc1afa1d9a6c00146e7b449fa974f137,SCANNED
wsjt-x,260929_170600.wav,65d23a8d79fbc4b32fadda10a5eebcb00c01befd8a0003416bd7dd871e970b9a,SCANNED
wsjt-x,260929_170615.wav,aebb0fbe73608f70413ad7079f5cf80624fbdb03444dada5780da85288fdc352,SCANNED
wsjt-x,260929_170630.wav,6f072a0c980316dd48576095f9fe7d9317cb97f2ce4f2b2932f1832b9a3a1117,SCANNED
wsjt-x,260929_170645.wav,791532cf9e00bc1ccc028943e1d786218cce758274c6561c39529cdacf578040,SCANNED
wsjt-x,260929_170700.wav,57e236654dcbf68a963b1072adb1938aef474f7d55e07cefc4d6d3648fa1d3b7,SCANNED
wsjt-x,260929_170715.wav,fab600f685fef66141ce8740e239ddfa268b9ec3de851575e13ab4641ec5350b,SCANNED
wsjt-x,260929_170745.wav,69282f5ca8df95cc5754fc1377f33057bd8fe39bc800e688cedd3d6703650851,SCANNED
wsjt-x,260929_170800.wav,c072d411e746a86c3fe20cdfed724ee6fc6e5ce42ea10a231e39874c35e1a495,SCANNED
wsjt-x,260929_170815.wav,ef3076e465ceb5cec7317f3f10ece4f0e25a67728ed622ac8f52dcedafd841d4,SCANNED
wsjt-x,260929_170830.wav,47e87a9a5e5068a12b6a04593c2eaea92209f292e68bc6f942ccd36988202786,SCANNED
wsjt-x,260929_170845.wav,b05dce71d0f1c816a31b88b4bcc60dbd3458f3f1beaea6778cfe493e056db411,SCANNED
wsjt-x,260929_170900.wav,f6d8258071f26bd1d2fdd40b279b0a3b3510520bd42498617b887572b992cb47,SCANNED
wsjt-x,260929_170915.wav,c83b227d03e8a2926d44bcf49d76f06a3a1d8daf10e1ce06cc49049589217d7f,SCANNED
wsjt-x,260929_170930.wav,d65786ac7d47f537dd63e1dbf684ff1520561178ec3fe948467014e38c72198a,SCANNED
wsjt-x,260929_170945.wav,0b42532c0eb12b84c54754036f34ca59b6ac14d15b4b161a072c70ad4da7dbed,SCANNED
wsjt-x,260929_171000.wav,54e6de4f3a6f7f4d8b758052ebb96666a2d4e2d57e15b643cdd25a4f71d9bf10,SCANNED
wsjt-x,260929_171015.wav,b3408f666be80ace316ee3940eefef64e8791474fab48b263d6685979a6146fd,SCANNED
wsjt-x,260929_171030.wav,9bf394ae92a1a449f9e1b38833a977e4481d1cc41acecdf117dd591ac36e13fb,SCANNED
wsjt-x,260929_171045.wav,a7a8d4f02bab2032cd799fa83b8cf61bc2a07753fe308c21addbc57923539cef,SCANNED
wsjt-x,260929_171100.wav,7cb3a618b0beb8b8e9ec48e13431fe13de82a8d966eccf552bad856cb3ecf90b,SCANNED
wsjt-x,260929_171115.wav,e40eedf39d6eef67a6678a24097b3907a25f9cfaf29d75015858fdc73b59b6d3,SCANNED
wsjt-x,260929_171130.wav,44ab07dd357e8e05e3bddb865e03e83bc94543ac1820bf4d1a142ab929009497,SCANNED
wsjt-x,260929_171145.wav,3cd7f8362eccf374f416c34f1a3adeedde520a597d1e0025bdb1207f4b2c099c,SCANNED
wsjt-x,260929_171200.wav,07ae09531a0dac0b086bd3727901a1779185b933a4b6f3516e8d30babc3cd955,SCANNED
wsjt-x,260929_171215.wav,5dd63dabc51550db551c2ea1fec16ead6d09c169dbc8424f75616cedbf67df74,SCANNED
wsjt-x,260929_171230.wav,c7d0c57ef1533133580e2bc0c865bef64415a1b38947ebeea31195a245865fec,SCANNED
wsjt-x,260929_171300.wav,7eb092f7f2ec8ae081b36a6b443344f18cb9a5792c7dd2b7fd0bee803da9652d,SCANNED
wsjt-x,260929_171315.wav,540c02c7f572b6bc7337ed372c1c5a4a232c25c286fe2d9e8e3c12f7f4442bad,SCANNED
wsjt-x,260929_171330.wav,33dd04c0f249a2a989cce180d94d6e0fa43e5b09a311063fdcf6a95b7199cf99,SCANNED
wsjt-x,260929_171345.wav,bfc73a9663a7a5120f8af162d815eaafec28946f49c295209aade84f13cf149a,SCANNED
wsjt-x,260929_171400.wav,dfcdb204f46169c172c8d12369c5e09f92f496afe208c4eeda8cb0792434908f,SCANNED
wsjt-x,260929_171415.wav,f0ca30abae0c6829e0abb57b8e20d19e512d7b83df1f1c092e789742a8880929,SCANNED
wsjt-x,260929_171430.wav,ab27fe72205d6da79bf6a09808038f91d73476ce7b3239228b48f25a0d051dfa,SCANNED
wsjt-x,260929_171445.wav,385cc9866e2f6877b9e650188cbe4bf8ada9162853c6b7ef41f8f54fac262d80,SCANNED
wsjt-x,260929_171500.wav,63b3ad84b8a78936758d1259289a4c6480ad205e218329c635bb080568942611,SCANNED
wsjt-x,260929_171515.wav,a33ab8f5755ded410d4c7884c4e48747e4f7f4bed5d40258aef1a8e111319974,SCANNED
wsjt-x,260929_171530.wav,8e11b9e7b345dd9392223314913dd808510332db61a5394c7ec3e4baad8b2941,SCANNED
wsjt-x,260929_171545.wav,70242560343d019f8a0348a69ad2138ba4a9ffb16e0ffb28bc396b839ff525fc,SCANNED
wsjt-x,260929_171600.wav,b71955f5ca0547a81ebdda2c7908064eba381781c5df851796aa71ae5639656f,SCANNED
wsjt-x,260929_171615.wav,521750cb32885b517c44437716564c839d20a63b54a1c2c3c290787606bf07e8,SCANNED
wsjt-x,260929_171630.wav,a78e9b5cc1fe6eb965f0e5753f9f6c5292056595af5ba0298e20957d15bdd783,SCANNED
wsjt-x,260929_171645.wav,e91d0de66913ce2ab6cba981c2fd19f5bcfacb6ccc4436104b77e574597f57f3,SCANNED
wsjt-x,260929_171700.wav,255d475978e45dffb9f36040230afe6c8f9ed165a99589a2d76d395015060b65,SCANNED
wsjt-x,260929_171715.wav,c882f8b411e163a4b69112fb369f34c73b050433b7ee7bd7a559c05d4492b9fb,SCANNED
wsjt-x,260929_171730.wav,78d18e953bb090c1d62eeb8f15564c9936fc8b41effe34de6ee413060f847727,SCANNED
wsjt-x,260929_171745.wav,221472530482292f03837706a8a526bd718fafa458149dbdb6532ba21a968a7b,SCANNED
wsjt-x,260929_171815.wav,21d02e70c692d3b6eb7ef26f2713426fc15fc6f412cc1e6edc26f566717c2b04,SCANNED
wsjt-x,260929_171830.wav,afca05acd7ae03b2d13ae7283d96d4bb5eeed4b823254b68c0a5f5490148512d,SCANNED
wsjt-x,260929_171845.wav,78db66ba8983c65d0f0580d59405b268c20c3717e1c6dda45992aae4f39ce0a9,SCANNED
wsjt-x,260929_171900.wav,9b55c8393a1701e504740d9f0639450a5832861ed382a86d5af33e92a9064f2a,SCANNED
wsjt-x,260929_171915.wav,808e99934863c900dd294e8cdc372097acb8b23054fabdcc3b69e8f4f75b185e,SCANNED
wsjt-x,260929_171930.wav,87214f1f2916282e3943c44c77a45b8dbd21c4153a449ec50576b11b042505e3,SCANNED
wsjt-x,260929_171945.wav,491ff6f200c3af788c9f948f5604afc65dd8d555b337ec7023771bd8be3889ef,SCANNED
wsjt-x,260929_172000.wav,538000cc6049dbcc3bcdc0fab32d4c5701ab2f20de006532db2757f1c274b749,SCANNED
wsjt-x,260929_172015.wav,a3e5dce50960cf6418694df4a0ed028b3424a755ff5bd92b249cd84dca974080,SCANNED
wsjt-x,260929_172030.wav,28e96a1ceef9d1bbf7cf55e0f761ecfceff7994268716ec375562ddc84d12043,SCANNED
wsjt-x,260929_172045.wav,de939fd761bc146a60d953efe5a44497bad4fae3cabba9f23bef0c14633ec187,SCANNED
wsjt-x,260929_172100.wav,cb85be2f15eaea165718f062a7d6738c27d58da77d3d50b893497b206f0e9fd2,SCANNED
wsjt-x,260929_172115.wav,70fc32d1b3970bdcf34fc54f241d92684b424399a652acc3c0ffb3bc8e6b5ca8,SCANNED
wsjt-x,260929_172130.wav,a3f7c57584c056729c063c53c072e192c506b328647a1925e203e727b4ce0f46,SCANNED
wsjt-x,260929_172145.wav,9798f09ee086e904c1c107a7ec27d133a04862f3a3bfe3e9ccc76311d48fa10f,SCANNED
wsjt-x,260929_172200.wav,fd29d1941c29b42c087b736e2f23d521a2fd97178db680d6311478c26aa40bdc,SCANNED
wsjt-x,260929_172215.wav,362a3761ac44a6eb3ec92242a3a42800194c7d56bf4e21ed4b2120978e5ef99c,SCANNED
wsjt-x,260929_172230.wav,9251bde6a39f3c2beaea40562ced7e3ec0824d3caaecc3045df4c32a2bf4343c,SCANNED
wsjt-x,260929_172245.wav,0fa5a3af031141ec059085645b3729de3aa3928c337a7a7079cfb70c621f3d6f,SCANNED
wsjt-x,260929_172300.wav,3f0af8de777a4f0653b5ea956287cd1ad29eb2328f7d79726909050f7f991606,SCANNED
wsjt-x,260929_172330.wav,b0b63fd57cb92e32f352a7c8d138a3a4c32f006547a554428c388d6920aedc4d,SCANNED
wsjt-x,260929_172345.wav,d16a3e198e2d5b0da8f3263b519e93fb4738db11632ad58d6fb23139c7af4242,SCANNED
wsjt-x,260929_172400.wav,59b414ef3863aaff2bb90af6f87532bdb5621f95591923d1eaadc4fc6c6ab7c0,SCANNED
wsjt-x,260929_172415.wav,f463f81d262e58b8ada0cff0257e940ff8aee078ebea2d90f5f7ea204a39cee3,SCANNED
wsjt-x,260929_172430.wav,c0aa231fb66da6814027ac5effe01134949852a6c0918d26f70ab21070af54d9,SCANNED
wsjt-x,260929_172500.wav,2ce009ae63579dc2f034a5e99b5a544cef1964facc2a8641a458ef74b17942f9,SCANNED
wsjt-x,260929_172515.wav,744ecb8fc7a8399eecf67916f06baaabb2e28f19d64974cd955d59a9a7eb31fc,SCANNED
wsjt-x,260929_172530.wav,f254e76825e623f9be22d26836d3737a9b9dabe1f08acabb333156985053c825,SCANNED
wsjt-x,260929_172545.wav,3c6257da0912f2affcf37eff7f5cfdc80da0f42509f11e52bf6808cb890381eb,SCANNED
wsjt-x,260929_172600.wav,6d046fdf21c04b590673d8e1c7a38f7e6098726874214d07847fb4a16648341c,SCANNED
