slot,cycle_utc,scenario,part,n_truth_rows,oversize,after_oversize,wav_sha256,fs,bits,channels,n_samples,rho_peak,rho_sign,rho_neighbour_max,ref_vs_neighbour_ref_rho,lag_ambiguous,g_sign,n_support,lag_lost,g_db,tau_ms,resid_db,step_db_max,drift_ppm,drift_dlag_samples,zero_run_ms,head_zero_ms,tail_zero_ms,click_max,tile_excess_db,clip_n,nondiscriminating,ref_mismatch
S1_p000_t000_s913544046,2026-09-29T15:37:30Z,S1,0,1,0,0,066c88bf5c7bed3289d201797a55b2b2f4a29e46a142106cb8c1162f59a52407,12000,16,1,180000,0.9529776160963512,1,0.03226729578644314,0.02956592747315697,0,1,172800,0.0,-1.0377960714526928,-227.3333335711935,-10.8133205453206,0.09245084659013947,5.240710760554579e-06,6.508857950393576e-07,0.08333333333333333,0.0,600.0,9.804832883999039,4.677527926620366,0,0,0
S1_p000_t001_s68344610,2026-09-29T15:37:45Z,S1,0,1,0,0,08c4ac82e1eef89f04743fac343d4e57921908e2cb7b7911f5381a3da508ac93,12000,16,1,180000,0.9530124339644042,1,0.03370294077877846,0.030887026653478054,0,1,172800,0.0,-1.0278747549643743,-227.33333491633917,-10.846273110971357,0.08476358222391706,-0.0003559592282618647,-4.420942423166707e-05,0.08333333333333333,0.0,600.0,12.80768802917437,4.180012351738586,0,0,0
S1_p000_t002_s205210819,2026-09-29T15:38:00Z,S1,0,1,0,0,cd5c0adb8e3eab0adc7c4b4c21b8b30fb68dc6825e245d9e2699d1991bc9933d,12000,16,1,180000,0.9534861434902835,1,0.0491836858147003,0.04584283300923298,0,1,172800,0.0,-1.0278257076223263,-227.3333327944256,-10.85541851863187,0.1094452673440615,0.00040426069936337817,5.020837033953285e-05,0.08333333333333333,0.0,600.0,4.690112581264162,4.464012550384686,0,0,0
S1_p001_t000_s1915168523,2026-09-29T15:38:15Z,S1,1,1,0,0,3ee924900a9ffc24df6d1206e1568e06ae323b0f437f630cebd7d8e2a8ffb415,12000,16,1,180000,0.9557112314486369,1,0.07297254556192463,0.06898944693947938,0,1,172800,0.0,-0.9777389935155291,-227.33333273840375,-11.114736654107286,0.08942813695229376,-0.00023615888766125812,-2.9330461529752938e-05,0.08333333333333333,0.0,600.0,9.34083125775249,7.157995812136555,0,0,0
S1_p001_t001_s1105300121,2026-09-29T15:38:30Z,S1,1,1,0,0,1c485f75c838b8e3394742f5689bc8a2e814dda1f72befe4f0afef2239b894ac,12000,16,1,180000,0.9556445530392689,1,0.07302196253933503,0.06898944693947938,0,1,172800,0.0,-0.9808847866150695,-227.3333333514614,-11.066686790520633,0.12113000547258884,-0.00032839086121698707,-4.0785488181427354e-05,0.08333333333333333,0.0,600.0,8.327935824882458,7.5239668290400195,0,0,0
S1_p001_t002_s1345625016,2026-09-29T15:38:45Z,S1,1,1,0,0,d5db84a2366c2d4394de9ac3529afc5611c0c0687f88cdbd14cd9f47b2ab570b,12000,16,1,180000,0.9555440026088668,1,0.09091154410765781,0.08369050839214716,0,1,172800,0.0,-0.9868676507609262,-227.33333147862322,-11.071140580795198,0.11910704237069114,-6.428763570430783e-05,-7.984395779203624e-06,0.08333333333333333,0.0,600.0,11.924566376889235,6.659418904168659,0,0,0
S1_p002_t000_s1491760006,2026-09-29T15:39:00Z,S1,2,1,0,0,00ee04567821663c1b8e08ac6828ab7f093f4eb550e591a6683bb51aaafe7035,12000,16,1,180000,0.9573438172639218,1,0.11496871985040369,0.10617227651817505,0,1,172800,0.0,-0.9389214771486692,-227.33333424217503,-11.283337624964467,0.15736591669739936,-6.260063133882542e-05,-7.77487321101944e-06,0.08333333333333333,0.0,600.0,9.224561862663403,8.474494752939515,0,0,0
S1_p002_t001_s546635023,2026-09-29T15:39:15Z,S1,2,1,0,0,c4481d1f1184cbbb1f928357842fec988e1c34ee354478ffc192f6adc18d0ca8,12000,16,1,180000,0.9572639548232551,1,0.11501229442066604,0.10617227651817505,0,1,172800,0.0,-0.9453478991601338,-227.33333424775387,-11.279014641289532,0.1736460075622251,-9.062868872017465e-05,-1.1255901881668251e-05,0.08333333333333333,0.0,600.0,14.39010732612082,8.700709754067462,0,0,0
S1_p002_t002_s714902369,2026-09-29T15:39:30Z,S1,2,1,0,0,a5a5b3e20fdf590063921b51e416585fbe3e5621ace9c90d0471efbaecfebcc1,12000,16,1,180000,0.9578964692502354,1,0.1579641819277044,0.14670016776381692,0,1,172800,0.0,-0.9328732196970193,-227.3333320997778,-11.355267963505772,0.08287800644887311,-0.00013994802307484025,-1.738126456984901e-05,0.08333333333333333,0.0,600.0,4.875320568483443,8.361652684591146,0,0,0
S1_p003_t000_s474144144,2026-09-29T15:39:45Z,S1,3,1,0,0,ab37b07a8b1838e69e9b57a8601d9d93516643759778276fd2a5b8b4075e2396,12000,16,1,180000,0.9621852766865098,1,0.22064307435008235,0.205272445875899,0,1,172800,0.0,-0.8462659128137501,-227.33333316249931,-11.824491701056434,0.21368738276547078,0.0007581097560945565,9.415571548743173e-05,0.08333333333333333,0.0,600.0,11.729249274486946,10.870362536350186,0,0,0
S1_p003_t001_s1226819330,2026-09-29T15:40:00Z,S1,3,1,0,0,f781e5fa0153470189594d9c12c1518aed4ff1547fbfa807d36224f447a380e2,12000,16,1,180000,0.9623694933135601,1,0.22081277442783942,0.2067914222664561,0,1,172800,0.0,-0.8451041519677873,-227.33333170572647,-11.836028577901745,0.26821947966792264,-0.0003480173040305378,-4.3223053125984734e-05,0.08333333333333333,0.0,600.0,11.650994029777864,11.55070480455813,0,0,0
S1_p003_t002_s1182452760,2026-09-29T15:40:15Z,S1,3,1,0,0,76388f5bbd1bafcfef80dfc5b63a1249b3d96b244e8443b215999e1e4ef2c8ba,12000,16,1,180000,0.9619950481660938,1,0.28060633175304034,0.2618170648542017,0,1,172800,0.0,-0.8450607752455092,-227.33333349239243,-11.825412304390703,0.2659420204772217,-0.0004954352511353911,-6.15320673205133e-05,0.08333333333333333,0.0,600.0,8.363898768033604,11.384650582675421,0,0,0
S1_p004_t000_s184630235,2026-09-29T15:40:30Z,S1,4,1,0,0,570b5139c06cd926441ca297059d88e1516081b0dfb0fd755faa511adf740964,12000,16,1,180000,0.967753609138459,1,0.34414539636387526,0.3240614133098152,0,1,172800,0.0,-0.7243490657288498,-227.3333318148173,-12.60748780899468,0.37088376688395547,-0.0009572682913057209,-0.00011889080724358791,0.08333333333333333,0.0,600.0,10.272900457922862,13.438809095359751,0,0,0
S1_p004_t001_s792672454,2026-09-29T15:40:45Z,S1,4,1,0,0,136f48ac7262c1144371974ad75c421f6c9cf806069af88d44e7a82444414342,12000,16,1,180000,0.968095535301295,1,0.34494688757600384,0.3244084884058915,0,1,172800,0.0,-0.7245592386610523,-227.33333402675453,-12.599816831268507,0.3454200779351748,-0.0004936141380787791,-6.13058887211082e-05,0.08333333333333333,0.0,600.0,4.799427788675894,13.46966616897969,0,0,0
S1_p004_t002_s2116022063,2026-09-29T15:41:00Z,S1,4,1,0,0,afd6d118b9021ce9559a5653e8c6ad03d90324d5fe8140f3d59e99f56207f797,12000,16,1,180000,0.9679136201114674,1,0.4252702542496238,0.40085981705685186,0,1,172800,0.0,-0.7246374143951149,-227.33333309533978,-12.592883455410249,0.3044244543308536,1.2671182442657044e-05,1.5737355170131195e-06,0.08333333333333333,0.0,600.0,11.403947474326078,13.324783265980374,0,0,0
S1_p005_t000_s528655056,2026-09-29T15:41:15Z,S1,5,1,0,0,2e8044fab0e9f1b881bb49179ec9a522a566d9effd2991eba7ad8febfc686832,12000,16,1,180000,0.9759869026776372,1,0.5180728447004788,0.49594440376218796,0,1,172800,0.0,-0.5655140795462151,-227.33333231661223,-13.913688316768493,0.626498353598926,-0.00046210677172761947,-5.739273683502688e-05,0.08333333333333333,0.0,600.0,10.272561956880336,15.88391767992328,0,0,0
S1_p005_t001_s108725431,2026-09-29T15:41:30Z,S1,5,1,0,0,bd0a58e9471f7ef4e4e9b312ba27c2bf9ab422a3e6affa7fbeffd56d967b0293,12000,16,1,180000,0.976190796005677,1,0.5180034338045231,0.49594440376218807,0,1,172800,0.0,-0.5649662404457153,-227.33333289500843,-13.92685041099157,0.45133459894070777,-3.613100943715506e-05,-4.487399110075785e-06,0.08333333333333333,0.0,600.0,7.729779145401103,15.83972547912747,0,0,0
S1_p005_t002_s2006277236,2026-09-29T15:41:45Z,S1,5,1,0,0,39b502080cee46c9cf5e1ff89bccfebedc2c82befaad92102da019541b960c70,12000,16,1,180000,0.9760680363298533,1,0.6003688728214519,0.575200827769748,0,1,172800,0.0,-0.5662578765253129,-227.3333339095922,-13.885793035984403,0.5050840865903337,-4.252440612879809e-05,-5.281446192384465e-06,0.08333333333333333,0.0,600.0,11.907816349254201,15.679092614338774,0,1,0
S1_p006_t000_s147152921,2026-09-29T15:42:00Z,S1,6,1,0,0,ea394c2121afa867e74852c609aef6313d2ba82590d9aeb858993cabed99e99b,12000,16,1,180000,0.984470643549326,1,0.6887243366181065,0.6695122953158428,0,1,172800,0.0,-0.4004352780655639,-227.33333173430339,-15.826650632058158,0.677696710791824,0.0006826637368551724,8.47854707899387e-05,0.08333333333333333,0.0,600.0,12.500562475869787,17.48420232859583,0,1,0
S1_p006_t001_s1953053430,2026-09-29T15:42:15Z,S1,6,1,0,0,8ae83fd4d2613842a9ffb9a2ecccf7740ca165dc4d881e66b2bf36ec54e4a285,12000,16,1,180000,0.9843203355244559,1,0.6889845210641532,0.6695122953158428,0,1,172800,0.0,-0.40468225665408275,-227.33333300790704,-15.783993039675144,0.6248873532565966,0.0003689234089211809,4.581954954119283e-05,0.08333333333333333,0.0,600.0,15.888227403152877,17.651704358976566,0,1,0
S1_p006_t002_s147567551,2026-09-29T15:42:45Z,S1,6,1,0,0,51273ecf2091d9a8f383e67fe4dfe3c2d38b53bb7106d2d6307bad19d4639586,12000,16,1,180000,0.9846008603946392,1,0.7439031341324481,0.7239516056757861,0,1,172800,0.0,-0.40477439028115264,-258.66666605644843,-15.773276487009348,0.7081511173036434,-0.00032089144403964963,-3.98540755668364e-05,0.08333333333333333,0.0,600.0,18.081824948658717,17.547406791179565,0,1,0
S1_p007_t000_s1402667823,2026-09-29T15:43:00Z,S1,7,1,0,0,81c656285c37755146d5b0ccaa69d0ef5d4991f070ee49fadbc31d7a7ed59343,12000,16,1,180000,0.9903425993101982,1,0.8029020125316748,0.7888016545704567,0,1,172800,0.0,-0.28932889426570724,-258.66666488858573,-17.86857148346354,0.745375992023322,-0.0005432097743432387,-6.746556755388156e-05,0.08333333333333333,0.0,600.0,17.48379419654581,18.655685322958714,0,1,0
S1_p007_t001_s1425587327,2026-09-29T15:43:15Z,S1,7,1,0,0,e020750ce68f83d0e2b043d23f68c2fdfb29a4920bc9a1d7ade85f104a1442e3,12000,16,1,180000,0.9902995047940369,1,0.8029995927402068,0.7888016545704567,0,1,172800,0.0,-0.29252177925216105,-258.66666562044645,-17.79038342701815,0.8159509800662944,-0.0004161140739946595,-5.168053576198872e-05,0.08333333333333333,0.0,600.0,20.801668505541528,18.639297057201883,0,1,0
S1_p007_t002_s718289455,2026-09-29T15:43:30Z,S1,7,1,0,0,f1c0029caf6d3ee9207fedc586359bdeedd876df05439a685bdf300dbdd55000,12000,16,1,180000,0.9902323479427507,1,0.8530762926287664,0.8385280478656059,0,1,172800,0.0,-0.29371146481796884,-258.6666646134539,-17.771526053470158,0.8205939653632495,-9.877011917265729e-05,-1.226705126100569e-05,0.08333333333333333,0.0,600.0,30.59036397438657,18.697945643104138,0,1,0
S1_p008_t000_s1206520285,2026-09-29T15:43:45Z,S1,8,1,0,0,57306d8d2b2ccb2eaabd1c9ca9a161ca23c16ef54c6770cae5fa023759758521,12000,16,1,180000,0.9950186120756834,1,0.9003355911341328,0.8922877015429264,0,1,172800,1.0,-0.19843146876183376,-258.6666638745276,-20.77094790805205,0.9180066862932916,-0.00021643983160519683,-2.6881394205702236e-05,0.08333333333333333,0.0,600.0,35.65123923017242,18.56702030041252,0,1,0
S1_p008_t001_s1462033172,2026-09-29T15:44:00Z,S1,8,1,0,0,5e72aebe6dac517f16ea0e18c07907ecc873af79f87d44b854822340cf3d90bd,12000,16,1,180000,0.9949571036290666,1,0.9004568117555656,0.8922877015429264,0,1,172800,1.0,-0.20015930712704313,-258.66666437830645,-20.706655422089533,0.8751911915210825,0.0002612076135725224,3.2441463190480135e-05,0.08333333333333333,0.0,600.0,42.38806023107888,18.634236200597034,0,1,0
S1_p008_t002_s1537966073,2026-09-29T15:44:15Z,S1,8,1,0,0,c731c6e8636fdd538c6f8ccaca7a955b83a1802a588cca7ebeca7f0f043054e3,12000,16,1,180000,0.9949489303788855,1,0.921219739173273,0.9131794267773907,0,1,172800,1.0,-0.2001314709609524,-258.6666662290845,-20.6781783839539,0.813766465838268,2.5622174484138092e-05,3.1822228265809827e-06,0.08333333333333333,0.0,600.0,32.530568636097854,18.712425093509538,0,1,0
S1_p009_t000_s758409719,2026-09-29T15:44:30Z,S1,9,1,0,0,df1a1684498aaf9e365d38892e6e9f8fa18c0ec62989a4358ef065a842ba7a6b,12000,16,1,180000,0.9969996072240048,1,0.9392596691130752,0.9343002500583387,1,1,172800,nan,-0.16092802001476175,nan,-22.946757986629333,0.9308501264147,nan,nan,0.08333333333333333,0.0,600.0,37.486476854445314,17.384867453432207,0,1,0
S1_p009_t001_s1723470335,2026-09-29T15:44:45Z,S1,9,1,0,0,304664967a6629ebe450d772a3c881851ef5c730345482223bea093738245f76,12000,16,1,180000,0.9969371384896407,1,0.9393596640007493,0.9343002500583387,1,1,172800,nan,-0.16188517631940796,nan,-22.87426814618746,0.8827630605678055,nan,nan,0.08333333333333333,0.0,600.0,39.402886159655054,17.601348385915234,0,1,0
S1_p009_t002_s1581091521,2026-09-29T15:45:00Z,S1,9,1,0,0,aee521af3f3d6df5194ce6a88ec9f269d5748471fff8b8e844a532571128208a,12000,16,1,180000,0.9969145459363008,1,0.9393300189593078,0.9342265314570748,1,1,172800,nan,-0.16256563954472739,nan,-22.80797580750088,0.9723528535821803,nan,nan,0.08333333333333333,0.0,600.0,43.55579167875251,17.438715161952256,0,1,0
S1b_p000_t000_s670279447,2026-09-29T15:45:30Z,S1b,0,1,0,0,d4bf95f7487786b6a838cbabc3dc475a470db656785658001233aeb669edc803,12000,16,1,180000,0.953619493032574,1,0.04684057314579331,0.04314353477945923,0,1,172800,0.0,-1.041882404023066,-257.9999991105493,-10.78502827662616,0.08843675143715311,-4.1251173594437174e-05,-5.123313258081907e-06,0.08333333333333333,0.0,600.0,9.458993701846993,4.885875432666335,0,0,0
S1b_p000_t001_s755619207,2026-09-29T15:45:45Z,S1b,0,1,0,0,21ce0ce6fe1c8449ee16dd745c6c05440b91e2468b6a4d53f58fd6282fe93d5a,12000,16,1,180000,0.9530245494275807,1,0.012456961292246937,0.011555912219765227,0,1,172800,0.0,-1.0472028042510693,-257.99999845202785,-10.770875284906495,0.09231250825989835,8.837577841167417e-05,1.0976094927173108e-05,0.08333333333333333,0.0,600.0,5.4634604418997075,5.00421928929148,0,0,0
S1b_p000_t002_s405040029,2026-09-29T15:46:00Z,S1b,0,1,0,0,56de57b03a462a66a9d35a158ed47d6b1f32c8b5c9ceb10b98f7189b3185224e,12000,16,1,180000,0.9531420132698458,1,0.011951010854814878,0.011555912219765223,0,1,172800,0.0,-1.0555087038082434,-257.9999998454526,-10.726542551810063,0.07836967586932936,-0.00010467235884774117,-1.3000097624171758e-05,0.08333333333333333,0.0,600.0,10.70970932033954,4.762346739936781,0,0,0
S1b_p001_t000_s421145395,2026-09-29T15:46:15Z,S1b,1,1,0,0,849650e92224a9c3c9b239cc8246375a5f1337eddc42f3ed356a2760f547a66d,12000,16,1,180000,0.9534775473585053,1,0.01150272498482555,0.011333582432054332,0,1,172800,0.0,-1.0445435875945588,-258.0000020339945,-10.763511607261101,0.07122721660218456,9.09323528012852e-05,1.129361635321402e-05,0.08333333333333333,0.0,600.0,6.539220794890788,5.000910082100506,0,0,0
S1b_p001_t001_s617056408,2026-09-29T15:46:30Z,S1b,1,1,0,0,951993e947e8254d6430a02972517d64c87ad78b1e60511df0471515d1f791a2,12000,16,1,180000,0.953189545251725,1,0.011403719805165864,0.011305349550454044,0,1,172800,0.0,-1.060588091484259,-258.0000013851453,-10.706843904511247,0.08565756055262581,-0.000484036499364989,-6.01163651481329e-05,0.08333333333333333,0.0,600.0,12.009235071893125,4.587891238234352,0,0,0
S1b_p001_t002_s1338794941,2026-09-29T15:46:45Z,S1b,1,1,0,0,a4f76b7a241c064c4ebe0c3d3d883c69f3228ba9466c40f4f07acf1eb767bf9b,12000,16,1,180000,0.9532908545039829,1,0.01256160781863956,0.012603220098951503,0,1,172800,0.0,-1.0534972965333598,-257.9999996556805,-10.753202591187678,0.11183272759926614,0.00015097241142438187,1.875047155408538e-05,0.08333333333333333,0.0,600.0,11.423946013144096,4.815484278989298,0,0,0
S1b_p002_t000_s265536591,2026-09-29T15:47:00Z,S1b,2,1,0,0,e4be0b259e24cbc77c19b576e63dfcbf34bd6404453fab4171c94132d775f4ae,12000,16,1,180000,0.9536392038458614,1,0.01253780775517523,0.0126032200989515,0,1,172800,0.0,-1.0450974424449802,-258.000002782137,-10.780889751578766,0.08446487800932732,4.1279996692604435e-05,5.126893029228086e-06,0.08333333333333333,0.0,600.0,7.2310682426321335,4.785274804725162,0,0,0
S1b_p002_t001_s984384874,2026-09-29T15:47:15Z,S1b,2,1,0,0,87ebe895278b280de712758d4bda6f88b63019cf6d2cf6b1f6a0951645a02715,12000,16,1,180000,0.953272584711837,1,0.012489220684659911,0.01298530339325719,0,1,172800,0.0,-1.0377045942184386,-257.9999987823103,-10.799369821884618,0.06669658061495365,0.00038757641310684175,4.813621535504353e-05,0.08333333333333333,0.0,600.0,7.073862061338575,4.567158932015341,0,0,0
S1b_p002_t002_s1445559193,2026-09-29T15:47:30Z,S1b,2,1,0,0,40adfb1712a9a0c7f200d9f0c836cf023b57816cf867a2b524c7ef62612ff6e1,12000,16,1,180000,0.9537063676292694,1,0.01699974767052232,0.015758898130045152,0,1,172800,0.0,-1.0393257314970954,-257.99999664411433,-10.787183349375379,0.14542226240164105,-0.00010862216315436505,-1.349065541944583e-05,0.08333333333333333,0.0,600.0,7.8073531446694195,4.151363781411234,0,0,0
S1b_p003_t000_s799072493,2026-09-29T15:47:45Z,S1b,3,1,0,0,fd3fd949951157e2cb8b5053d0e8667d68d225bbf129af62864b63ef4450c03e,12000,16,1,180000,0.9537667597442049,1,0.019631069205338893,0.018272154502737295,0,1,172800,0.0,-1.0351767313439915,-258.0000001974877,-10.810015371421983,0.08664323543876257,-2.6733687176038155e-05,-3.3202704798895866e-06,0.08333333333333333,0.0,600.0,6.715351587543758,4.400858438267244,0,0,0
S1b_p003_t001_s1267271188,2026-09-29T15:48:00Z,S1b,3,1,0,0,c681fde30e41a89c17d70d876d112ad20d5d82e02660c8f0b17e906e7e7477f6,12000,16,1,180000,0.9544119968422845,1,0.021790573589487036,0.020243011075190154,0,1,172800,0.0,-1.0275446411807536,-257.99999979578325,-10.860527144021203,0.10522316553939585,-0.00016758027546230208,-2.0813135051866993e-05,0.08333333333333333,0.0,600.0,12.841719414415344,4.452257731048912,0,0,0
S1b_p003_t002_s60044557,2026-09-29T15:48:15Z,S1b,3,1,0,0,af074b3974f30894523b7d5cdc2a649faf31e5321cd928e93940eb53ae934ae5,12000,16,1,180000,0.9540756100377193,1,0.02177620856131361,0.020243011075190158,0,1,172800,0.0,-1.029028171733168,-257.9999973759356,-10.850454047884245,0.10728371471402537,-8.054825683561102e-06,-1.0003932402469218e-06,0.08333333333333333,0.0,600.0,10.10966643418302,4.3753417643215915,0,0,0
S2_p000_t000_s1289144792,2026-09-29T15:48:45Z,S2,0,1,0,0,ec9e0ef60a8657cd1bafe7b3dc550d072ca74d78daebb69e16616b44b96db5d4,12000,16,1,180000,0.9674406283511819,1,0.3319743952268124,0.3034330082516182,0,1,172800,0.0,-0.6152732113064897,-247.33333374488151,-12.407009755313725,0.4812978331105983,1.2998657068404508e-05,1.6144072105817031e-06,0.08333333333333333,0.0,600.0,11.664136438179145,18.671638808089718,0,0,0
S2_p000_t001_s68113513,2026-09-29T15:49:00Z,S2,0,1,0,0,36c6be038f674aa6b6f95d296c6de8e6a25a0ad94771380fde4db108eff15d8f,12000,16,1,180000,0.9668435014462795,1,0.3366135905598221,0.30742776009651607,0,1,172800,0.0,-0.6223749230914755,-247.33333403627998,-12.346558860239822,0.48207529075482364,0.00012410765823945202,1.541392293802346e-05,0.08333333333333333,0.0,600.0,7.696309143995577,18.959739299658292,0,0,0
S2_p000_t002_s492170927,2026-09-29T15:49:15Z,S2,0,1,0,0,a0843ff20dfe15de0d59b572fe71f37cc601fc3b80e396cd4c8aa7eb4ea1c113,12000,16,1,180000,0.9669558595640335,1,0.3363807577070016,0.30742776009651607,0,1,172800,0.0,-0.6159816267453445,-247.33333149934998,-12.36880196260298,0.4504745508270054,-0.0001705222306384222,-2.117852000083076e-05,0.08333333333333333,0.0,600.0,9.559145762672099,18.77858635369976,0,0,0
S2_p001_t000_s2106742562,2026-09-29T15:49:30Z,S2,1,1,0,0,6335ad8fab5095c899c14718dcaee33c179b59c260454d31cc8763dd248b5aa7,12000,16,1,180000,0.9674304062681099,1,0.32529132898398483,0.30578272388914524,0,1,172800,0.0,-0.7460260907844556,-247.33333188760238,-12.431590936863849,0.35387944177309233,-0.0005375973657125686,-6.676851762676961e-05,0.08333333333333333,0.0,600.0,11.248330178592527,13.841979847994876,0,0,0
S2_p001_t001_s1155555599,2026-09-29T15:49:45Z,S2,1,1,0,0,aa1f459bb0cfd23afca985faf440f61e3ae76b7f335703a1c6dd0d904eebdb51,12000,16,1,180000,0.967369937611674,1,0.32622644765917724,0.30634906820550983,0,1,172800,0.0,-0.7424375938447534,-247.33333319307167,-12.436978925376076,0.32039984252091924,-4.645366592274201e-05,-5.769452400272712e-06,0.08333333333333333,0.0,600.0,8.47796788013355,13.502913670462624,0,0,0
S2_p001_t002_s1218472882,2026-09-29T15:50:00Z,S2,1,1,0,0,6ce4e7a267553ae165cec510d9e59e8bb79c0f69437ba56cf21de67ab434d3f5,12000,16,1,180000,0.9679263966550063,1,0.32595826987545495,0.30634906820550983,0,1,172800,0.0,-0.7354192394078419,-247.333331747713,-12.492395713001898,0.3106993347161519,-0.0002568656913731105,-3.190220513715758e-05,0.08333333333333333,0.0,600.0,10.009127191870084,13.288868520170503,0,0,0
S2_p002_t000_s1410889249,2026-09-29T15:50:15Z,S2,2,1,0,0,8ad7f4f378f10b4ea7914348c33d56afbe24bcbbf5a6eb4f74ee6b61b124f9fb,12000,16,1,180000,0.9670583281397969,1,0.31456838464693904,0.3033898382135205,0,1,172800,0.0,-0.8541050072092932,-247.33333179333812,-12.429292675081452,0.28383062057778013,-0.0005406261892835082,-6.714469145663315e-05,0.08333333333333333,0.0,600.0,9.534886368125818,9.186610744994631,0,0,0
S2_p002_t001_s1295536992,2026-09-29T15:50:30Z,S2,2,1,0,0,a41061a45b514b64ed111330268956ee8cc49ab35cd6d101becaec563d8d78e6,12000,16,1,180000,0.9675291064858419,1,0.3146768299988706,0.3043322498678894,0,1,172800,0.0,-0.8550525995182662,-247.33333408660474,-12.42051547216705,0.18212601442750265,0.00010608630536656172,1.3175706953916233e-05,0.08333333333333333,0.0,600.0,11.321589726604023,9.00117162650228,0,0,0
S2_p002_t002_s1338324977,2026-09-29T15:50:45Z,S2,2,1,0,0,7299b355aaeed3669f49760763f3cae5a5551bf80029b86459a5e04698b415c5,12000,16,1,180000,0.9677343645151255,1,0.3146558014657876,0.3043322498678894,0,1,172800,0.0,-0.8472793670518757,-247.33333280643393,-12.48017694823523,0.20095672025206276,0.0001315108519640664,1.633338479223312e-05,0.08333333333333333,0.0,600.0,7.868478096014327,9.154161989415918,0,0,0
S2_p003_t000_s1727962604,2026-09-29T15:51:00Z,S2,3,1,0,0,bc5a8425f81eb55bac5845f3f8cb3bd0da1050d0680ad18c199ab173cf9f1e85,12000,16,1,180000,0.9675745609719781,1,0.3147129291280889,0.3051709554492243,0,1,172800,0.0,-0.8752676288222343,-247.33333202507433,-12.489239942618855,0.16968334768129953,0.0003158158949041114,3.922370251530083e-05,0.08333333333333333,0.0,600.0,9.495113250897026,7.104939149634449,0,0,0
S2_p003_t001_s505940398,2026-09-29T15:51:15Z,S2,3,1,0,0,f2a782f9e741745ad5500f6c46e3a1fd458ac2c62bdc6744e68607d34a43a462,12000,16,1,180000,0.9679593418192028,1,0.3160151027829251,0.30689079226417026,0,1,172800,0.0,-0.8694426681549814,-247.3333343922277,-12.51192720357592,0.1921188934995014,-0.0002676234404343093,-3.3238296055060346e-05,0.08333333333333333,0.0,600.0,6.494222038408178,7.303344934440194,0,0,0
S2_p003_t002_s1702346768,2026-09-29T15:51:30Z,S2,3,1,0,0,441e07ac4e5cb06e5a0ea14a698f677c40f10e71ff62b290d80edd545382b176,12000,16,1,180000,0.9674178399599421,1,0.3162984896160781,0.30689079226417026,0,1,172800,0.0,-0.8797457885391555,-247.3333330949487,-12.445066598682429,0.21610581356938346,0.0001619978652619274,2.0119810869800858e-05,0.08333333333333333,0.0,600.0,12.230643348803063,7.413067327793817,0,0,0
S2_p004_t000_s1635038415,2026-09-29T15:51:45Z,S2,4,1,0,0,0c1826346f41787a82f0159b53dc38ec3657e86cde9e8c1923e737ce74189407,12000,16,1,180000,0.9673889749938319,1,0.32036493887896145,0.3040231133054214,0,1,172800,0.0,-0.8090791619588025,-247.33333381096296,-12.44316859303983,0.2837704563479424,2.8555027243840027e-05,3.546477273630444e-06,0.08333333333333333,0.0,600.0,7.042239667899163,10.232469533855271,0,0,0
S2_p004_t001_s1183238402,2026-09-29T15:52:00Z,S2,4,1,0,0,783e064650b1a90c121af79501d6a29331b3eac0a261b5594b67ba6957df1c4e,12000,16,1,180000,0.9678211861824885,1,0.3225774377700914,0.3069543546700123,0,1,172800,0.0,-0.8111574385714362,-247.3333322858428,-12.451010760591569,0.27352323603232076,-0.0005575689387640828,-6.924894705662155e-05,0.08333333333333333,0.0,600.0,16.24268177095612,10.399123023598431,0,0,0
S2_p004_t002_s333126784,2026-09-29T15:52:15Z,S2,4,1,0,0,ca935b3cb944817378741153101aa1e7f7955f67586b6d5256cafdbdb76f5deb,12000,16,1,180000,0.9669701434524091,1,0.32284699055403315,0.3069543546700123,0,1,172800,0.0,-0.8150607602537987,-247.3333305997506,-12.399185062319768,0.3175756212205211,-0.00025776118827200065,-3.2013424061005935e-05,0.08333333333333333,0.0,600.0,13.359080263346083,10.181684525743528,0,0,0
S2_p005_t000_s356586922,2026-09-29T15:52:30Z,S2,5,1,0,0,646f8b9785e387053b9b2649b433b336fa873d6c549b00e1a78a4b1d484d0840,12000,16,1,180000,0.9670342198954522,1,0.3254521240280782,0.3024432576008823,0,1,172800,0.0,-0.6903803013118675,-247.33333403060837,-12.374918813090206,0.3602605035623133,-0.0002036739415587295,-2.5295896193711087e-05,0.08333333333333333,0.0,600.0,13.79193785156821,16.535243507422432,0,0,0
S2_p005_t001_s1328624968,2026-09-29T15:52:45Z,S2,5,1,0,0,90d5e256a22b0430f034f8048dcda2b37e10fd85628c933f1d23b9a40d513e54,12000,16,1,180000,0.9671549092377937,1,0.3259717058396799,0.3024432576008823,0,1,172800,0.0,-0.6849695379409394,-247.33333139713977,-12.404060117809037,0.41858864246441446,-0.00011123764328626712,-1.3815492820867803e-05,0.08333333333333333,0.0,600.0,12.932580463139837,16.595809706881877,0,0,0
S2_p005_t002_s843406380,2026-09-29T15:53:00Z,S2,5,1,0,0,d67ac836c3cc3d16856b4efb2cb3e788f1f3eaa53dd3872b454132a1e81424bd,12000,16,1,180000,0.9672464067696963,1,0.32571281069418795,0.30237624104345756,0,1,172800,0.0,-0.6772435788759641,-247.33333485150314,-12.444584536704683,0.418204304917571,0.00034053979709449013,4.2294361719541484e-05,0.08333333333333333,0.0,600.0,7.211104479071528,16.458627498532323,0,0,0
S2_p006_t000_s1939969654,2026-09-29T15:53:15Z,S2,6,1,0,0,e18786ec924834afebbf0a3f7864c231b5fac62f075fc7c53160e7be285cb2b1,12000,16,1,180000,0.9667360955710926,1,0.3323234435290908,0.3007940954549315,0,1,172800,0.0,-0.5801510773646792,-247.3333360086417,-12.331721674242031,0.4974973989929864,0.00012891824870174626,1.6011388652259484e-05,0.08333333333333333,0.0,600.0,7.129969147337255,20.08969965996932,0,0,0
S2_p006_t001_s441937503,2026-09-29T15:53:30Z,S2,6,1,0,0,d6d8329b70c2a4ab8dc679841888999ccae97f852140027cacc8a62ea5705ca5,12000,16,1,180000,0.9670412533540176,1,0.332241030700088,0.30158918785722183,0,1,172800,0.0,-0.5769689008761243,-247.33333343151995,-12.35611248952145,0.44375804657792867,-0.00029480540880379445,-3.6614242162613664e-05,0.08333333333333333,0.0,600.0,6.737688880087048,20.1748303522361,0,0,0
S2_p006_t002_s781512667,2026-09-29T15:54:00Z,S2,6,1,0,0,3053ff1fc446fce63437625e9ea484d5a45fcd941a5f95a2ffd3964c8229c2bb,12000,16,1,180000,0.9678999209630098,1,0.3316628667142878,0.30158918785722183,0,1,172800,0.0,-0.5774753053622103,-289.3333299878159,-12.343338269280544,0.4760509285857717,0.00012647322102017205,1.5707721104263328e-05,0.08333333333333333,0.0,600.0,4.70845748315558,20.32005545497138,0,0,0
S2_p007_t000_s1531496940,2026-09-29T15:54:15Z,S2,7,1,0,0,4f4fb5e822c46e55615b5978097573b2592c199f38215c402cf216bc8d307b0e,12000,16,1,180000,0.9675521646570786,1,0.3375233590987734,0.30472990527153115,0,1,172800,0.0,-0.5525734868335698,-289.33333408507497,-12.318888759069962,0.5499816838335693,8.624126176161354e-05,1.0710992228268879e-05,0.08333333333333333,0.0,600.0,15.663313787194161,20.812477988087423,0,0,0
S2_p007_t001_s326924126,2026-09-29T15:54:30Z,S2,7,1,0,0,bbae6acbdffc6b1f84456a835ad853c9ed6a823544d1467f7b9e84ef4e7da982,12000,16,1,180000,0.9677205353505794,1,0.33765609902310517,0.30472990527153115,0,1,172800,0.0,-0.5573753598334087,-289.33333394649344,-12.315402941806173,0.4949600851349869,7.502013892431461e-05,9.317351214122027e-06,0.08333333333333333,0.0,600.0,14.202213409156712,21.0464771850982,0,0,0
S2_p007_t002_s199391290,2026-09-29T15:54:45Z,S2,7,1,0,0,a010b1700a28f706b8fb1df27d024c8a8932240b6712f0f0e3d3e2374d05dcde,12000,16,1,180000,0.9677476210815888,1,0.3364180053336653,0.30419482446468915,0,1,172800,0.0,-0.5590264430976464,-289.3333332066225,-12.305977354526975,0.5138773221775537,0.0003034980517169596,3.7693851027142955e-05,0.08333333333333333,0.0,600.0,8.102028707075442,20.726795541379598,0,0,0
S2_p008_t000_s2105928740,2026-09-29T15:55:00Z,S2,8,1,0,0,45f71af4989340f363a60f9f07aef42f087919f30ea5c985452d26718b304f01,12000,16,1,180000,0.967896720577918,1,0.33188149983676973,0.30489149280800537,0,1,172800,0.0,-0.6350243547856288,-289.33333531773377,-12.35217555098804,0.4500845082048905,0.00011999443882938513,1.4903069313731976e-05,0.08333333333333333,0.0,600.0,10.780752765805465,18.518422886287688,0,0,0
S2_p008_t001_s2122849215,2026-09-29T15:55:15Z,S2,8,1,0,0,d1a47aebd718c19bec83a91e0482d7ef58e574fdf8d4b0e7b1f4018548c24f1f,12000,16,1,180000,0.9676943118427065,1,0.33203085058512155,0.3048914928080054,0,1,172800,0.0,-0.6392107835435988,-289.3333342017013,-12.338572057387635,0.49429900846322583,-6.873112710381623e-05,-8.53626852403977e-06,0.08333333333333333,0.0,600.0,5.119640472655426,18.524458818806252,0,0,0
S2_p008_t002_s1792617518,2026-09-29T15:55:30Z,S2,8,1,0,0,1a50f8fb573fcf8d5e8d3c36172aadcec49f10cabc9a9f701c5e576350df78a5,12000,16,1,180000,0.9681978451583868,1,0.33119072633173646,0.3047006888356329,0,1,172800,0.0,-0.6298703110101279,-289.3333330707325,-12.40895220977934,0.4222758084963716,-0.00017050170809456707,-2.117597114192904e-05,0.08333333333333333,0.0,600.0,6.40646573621175,18.405842132618744,0,0,0
S2_p009_t000_s1083440476,2026-09-29T15:55:45Z,S2,9,1,0,0,2ac47a8766f542f7b397ac7d948fb743a0c14f78119792426058ba9344b8bee1,12000,16,1,180000,0.9685924691082825,1,0.31998875928548914,0.3026875971946869,0,1,172800,0.0,-0.7628281699616586,-289.3333331739408,-12.46815615428957,0.32939460230628537,0.0006377283583847459,7.920458665466867e-05,0.08333333333333333,0.0,600.0,11.684171068103826,12.246698379402766,0,0,0
S2_p009_t001_s406326303,2026-09-29T15:56:00Z,S2,9,1,0,0,11e16942495dfbae970c1b197587423fc54c59205d2ce9fdc57f0929b83bf640,12000,16,1,180000,0.9683742400165264,1,0.32072920461102994,0.30294233744614524,0,1,172800,0.0,-0.7621907798984694,-289.3333324914056,-12.44841412178318,0.3846809705996582,0.0001800673371841208,2.2364003143593436e-05,0.08333333333333333,0.0,600.0,13.327587297593235,12.400593020767142,0,0,0
S2_p009_t002_s2144757372,2026-09-29T15:56:15Z,S2,9,1,0,0,96d6b5e79d6fa5df0db84ddbfc3ae4bcde38b31c90451492e3195c3d7e8f9930,12000,16,1,180000,0.9685797862121698,1,0.32075964633944454,0.30294233744614524,0,1,172800,0.0,-0.7651696290778065,-289.33333342267235,-12.443884135914052,0.29521430586276975,0.0005068255156164702,6.294671538853436e-05,0.08333333333333333,0.0,600.0,8.320367643912912,12.930894348917654,0,0,0
S3_p000_t000_s1030001410,2026-09-29T15:56:45Z,S3,0,1,0,0,999d6ca8c2033bcc4305db56b4edaf70d800f32daab971941e9a2f6b357af8ee,12000,16,1,180000,0.9683351737695564,1,0.31897415188012557,0.3045154003390014,0,1,172800,0.0,-0.7504149342118838,-290.00000278908675,-12.417376597367856,0.3158589454787128,4.020051088582494e-05,4.992823050997686e-06,0.08333333333333333,0.0,600.0,8.743007340741112,13.336294414506932,0,0,0
S3_p000_t001_s59102629,2026-09-29T15:57:00Z,S3,0,1,0,0,e20d208fd56fc8effea64d345872c9610ceb705ce0131074bd0a23531bf54c13,12000,16,1,180000,0.9685892865011371,1,0.3212200782767077,0.306005539118961,0,1,172800,0.0,-0.7452395293663716,-290.0000010483448,-12.461402016055906,0.2992382958636063,-0.00019121090640832509,-2.374801215410116e-05,0.08333333333333333,0.0,600.0,7.413007624211993,13.501602073314851,0,0,0
S3_p000_t002_s917633151,2026-09-29T15:57:15Z,S3,0,1,0,0,63e8f46fc27d63f3400afdbd7dbe119b74b4881b50ec20ab14408244f404c934,12000,16,1,180000,0.9683063145450724,1,0.32578315787551065,0.3124925690856233,0,1,172800,0.0,-0.7488698498675046,-289.9999981022029,-12.445051138647027,0.35451892903019044,-0.00019780599155772293,-2.456710853948607e-05,0.08333333333333333,0.0,600.0,16.22374420234059,13.459061072520182,0,0,0
S3_p001_t000_s1727488921,2026-09-29T15:57:30Z,S3,1,1,0,0,5488f3dbe9649b10bb850adb40de06beb70e5c83369b8ce732de571279fc2204,12000,16,1,180000,0.9683104749819028,1,0.32654996473870945,0.31249256908562334,0,1,172800,0.0,-0.7484059051274103,-290.0000004923635,-12.43796126534787,0.31215878126561897,-0.00015351222726212407,-1.9065911601501284e-05,0.08333333333333333,0.0,600.0,7.127200253929673,13.02089161158029,0,0,0
S3_p001_t001_s1935099702,2026-09-29T15:57:45Z,S3,1,1,0,0,607c1d303c7f645131e7121a4f15f9662a6460fc6f63bbe79bf9d4b70b395c82,12000,16,1,180000,0.968692093058614,1,0.32377011741095757,0.3036466965444167,0,1,172800,0.0,-0.7388185070821081,-289.99999818494746,-12.481946948947835,0.30943845322180896,0.00019498578028582811,2.421684393993928e-05,0.08333333333333333,0.0,600.0,10.622252354256833,13.195044265567255,0,0,0
S5_p002_t003_s121880670,2026-09-29T16:42:15Z,S5,2,1,0,0,1ac136228c3b2ea5713cc66d30d6591e896dc99ee6dd6af4b0cce8f63a7737a3,12000,16,1,180000,0.9803998938470372,1,0.9803998938470372,0.9999999999995622,1,1,171599,nan,-0.1265958254042298,nan,-42.190292057479596,8.779526862207825e-07,nan,nan,0.0,0.0,600.0,0.9511177663369129,70.68166475362966,0,1,0
S5_p002_t004_s476275882,2026-09-29T16:42:30Z,S5,2,1,0,0,e19cffdca00e3522461b1dc314b8f31d61192ae905ffdfec29a99bed31d4a32e,12000,16,1,180000,0.9803998934496662,1,0.9803998934496662,0.9999999999995622,1,1,171599,nan,-0.12659581190560168,nan,-42.190293016755895,5.286917961307167e-07,nan,nan,0.0,0.0,600.0,0.9511527483522932,70.68166596216143,0,1,0
S5_p002_t005_s1101140010,2026-09-29T16:42:45Z,S5,2,1,0,0,670bbe6650be87cbc76d8bdf5fcf321968915d5590ace4aa7aeddcc8b4027ede,12000,16,1,180000,0.9803998926511561,1,0.9803998926511561,0.9999999999995622,1,1,171599,nan,-0.1265958306727413,nan,-42.1902929206999,8.831222504507585e-07,nan,nan,0.0,0.0,600.0,0.9511599469495244,70.68166663468638,0,1,0
S5_p002_t006_s993856876,2026-09-29T16:43:00Z,S5,2,1,0,0,7c3c9096ce5d9ba8e389c02fd17795e0c2836b3222923d758b142c2a73a02d11,12000,16,1,180000,0.9803998940745428,1,0.9803998940745428,0.9999999999995622,1,1,171599,nan,-0.12659582773514433,nan,-42.19029184621529,5.462737875719997e-07,nan,nan,0.0,0.0,600.0,0.9510803293534811,70.68166591630673,0,1,0
S5_p002_t007_s494561765,2026-09-29T16:43:15Z,S5,2,1,0,0,6e3fbfbb5f778df0af5773d9cd677b89bd1d7438bfad17830dfcce599dcfb9ea,12000,16,1,180000,0.9803998930348559,1,0.9803998930348559,0.9999999999995622,1,1,171599,nan,-0.12659583326726273,nan,-42.19029029985965,8.85845478151865e-07,nan,nan,0.0,0.0,600.0,0.9510966904719297,70.68166440627974,0,1,0
S5_p002_t008_s569656867,2026-09-29T16:43:30Z,S5,2,1,0,0,5ae642e5181e4211dcdd131387061f88a83754a5452a571b46a78be27938551d,12000,16,1,180000,0.9803998934110184,1,0.9803998934110184,0.9999999999995622,1,1,171599,nan,-0.12659582716252296,nan,-42.1902921050821,7.408250111696829e-07,nan,nan,0.0,0.0,600.0,0.951133044763355,70.68166462253964,0,1,0
S5_p002_t009_s1938674575,2026-09-29T16:43:45Z,S5,2,1,0,0,c82cfc73081b0fa5c758d7080a9aa8fe222ef42006c0cfe0bd688715b484e3ae,12000,16,1,180000,0.9803998933810651,1,0.9803998933810651,0.9999999999995622,1,1,171599,nan,-0.1265958142946617,nan,-42.19029385945424,8.667382011531591e-07,nan,nan,0.0,0.0,600.0,0.9511670472205301,70.68166666381417,0,1,0
S5_p002_t010_s1527196527,2026-09-29T16:44:00Z,S5,2,1,0,0,edec4df3e27d4efa9bb147ef16e2219621649ed17b732d3a207e758099e78aa8,12000,16,1,180000,0.9803998937508617,1,0.9803998937508617,0.9999999999995622,1,1,171599,nan,-0.1265958305844966,nan,-42.19029236584015,7.446211148469924e-07,nan,nan,0.0,0.0,600.0,0.951163509645439,70.68166726495492,0,1,0
S5_p002_t011_s1240012615,2026-09-29T16:44:15Z,S5,2,1,0,0,e01df3649eb45e90ada8ae44aa6e68a8acc52888376d290cbbde64ffeb460909,12000,16,1,180000,0.9803998931360562,1,0.9803998931360562,0.9999999999995622,1,1,171599,nan,-0.12659583968288687,nan,-42.19029184925532,8.922623496820612e-07,nan,nan,0.0,0.0,600.0,0.9510885704970372,70.68166404129772,0,1,0
S5_p002_t012_s1128565587,2026-09-29T16:44:30Z,S5,2,1,0,0,43f2f56d2da015013e07d30cf1bf22c75ccb76ff596dac3e037a078d64e028b0,12000,16,1,180000,0.9803998937133899,1,0.9803998937133899,0.9999999999995622,1,1,171599,nan,-0.12659581963695005,nan,-42.19029172512842,7.339254647415731e-07,nan,nan,0.0,0.0,600.0,0.9511125745160748,70.6816642736429,0,1,0
S5_p002_t013_s1398407335,2026-09-29T16:44:45Z,S5,2,1,0,0,26bc548e74249bf52e3f1e02a3766bc8356df99228b69d4404a313ccddf127a1,12000,16,1,180000,0.9784330754327222,-1,0.9784330754327222,0.9999999999995622,1,-1,162155,nan,-0.12659599711490646,nan,-42.18751947103017,7.73120267707108e-07,nan,nan,0.0,0.0,600.0,0.9528031895803519,70.68444301907837,0,1,0
S5_p002_t014_s1843803682,2026-09-29T16:45:00Z,S5,2,1,0,0,cc3466ce83868af3c1b2964fe4761261710c7f151946c86d79b6bd2d8099fb74,12000,16,1,180000,0.9235163874744116,-1,0.9235163874744116,0.9999999999995622,1,-1,171602,nan,-0.12633845771022412,nan,-93.13282336345344,8.139277297208077e-07,nan,nan,0.0,0.0,600.0,2.2812987069163895,7.059683350500142,0,1,0
S5_p002_t015_s1476197660,2026-09-29T16:45:15Z,S5,2,1,0,0,88fefcb9d8124bf20ee6d10c46157fba59a22b4bea1bf6988f09dab470ce40df,12000,16,1,180000,0.9235163868398121,-1,0.9235163868398121,0.9999999999995622,1,-1,171602,nan,-0.12633845284009754,nan,-93.13244954046556,4.685007433645001e-07,nan,nan,0.0,0.0,600.0,2.281203682191213,7.0598073405140385,0,1,0
S5_p002_t016_s1921035023,2026-09-29T16:45:30Z,S5,2,1,0,0,95ea65ab7704cbabb22d29cb8bb6678754f195f5f17b981fa5981a7c88082709,12000,16,1,180000,0.923516387436387,-1,0.923516387436387,0.9999999999995622,1,-1,171602,nan,-0.12633846358908737,nan,-93.13232060163418,8.080335292206422e-07,nan,nan,0.0,0.0,600.0,2.2814839615235463,7.057888015595543,0,1,0
S5_p002_t017_s1351552590,2026-09-29T16:45:45Z,S5,2,1,0,0,3e4d6ea2c61553cfd6d1e468a2e6db0d3d8e89c7332d54b92b5347a21d739dac,12000,16,1,180000,0.9235163867191949,-1,0.9235163867191949,0.9999999999995622,1,-1,171602,nan,-0.1263384711228178,nan,-93.13307391404851,6.173766811795843e-07,nan,nan,0.0,0.0,600.0,2.281475690702652,7.060214910682668,0,1,0
S5_p002_t018_s1167112926,2026-09-29T16:46:00Z,S5,2,1,0,0,0213a1f6f1d680a88cf5f7686037b1b8d33a178b3f829916ea8c0b46503dd39b,12000,16,1,180000,0.9235163866983301,-1,0.9235163866983301,0.9999999999995622,1,-1,171602,nan,-0.12633846147740244,nan,-93.13283500045003,8.101386244534102e-07,nan,nan,0.0,0.0,600.0,2.2812051389370738,7.062499740541085,0,1,0
S5_p002_t019_s1353429191,2026-09-29T16:46:15Z,S5,2,1,0,0,7c02182b890ce80b58697863b13d458121a0968ee54df679ffdcb6a47e9892d8,12000,16,1,180000,0.9235163874362086,-1,0.9235163874362086,0.9999999999995622,1,-1,171602,nan,-0.12633845127974436,nan,-93.13281071668449,6.365776864070863e-07,nan,nan,0.0,0.0,600.0,2.281264784098256,7.058308368513494,0,1,0
S5_p002_t020_s1002632261,2026-09-29T16:46:45Z,S5,2,1,0,0,19644bb26445ed38cb889310fa0f4ba391cfe1fa793db9459f6e5e9ed35c26b9,12000,16,1,180000,0.9235163551873704,1,0.9235163551873704,0.9999999999995622,1,1,171600,nan,-0.1263218420100955,nan,-93.75147200717173,6.589353418522159e-07,nan,nan,0.0,0.0,600.0,2.7763398896487583,2.356052931236464,0,1,0
S5_p002_t021_s1152143633,2026-09-29T16:47:00Z,S5,2,1,0,0,55a39d6dcf39d862600f2ac2c09b95573b1321318f4786d6bd43f6889b650709,12000,16,1,180000,0.9235163544286457,1,0.9235163544286457,0.9999999999995622,1,1,171600,nan,-0.12632183048083517,nan,-93.75173686698679,7.676152595741456e-07,nan,nan,0.0,0.0,600.0,2.7758238352210314,2.3560528300940256,0,1,0
S5_p002_t022_s1274144205,2026-09-29T16:47:15Z,S5,2,1,0,0,448fa123f854d10dd913cdb00eeb860d1c96ec9fc0469ec2d36ea3152ec64c00,12000,16,1,180000,0.923516354247191,1,0.923516354247191,0.9999999999995622,1,1,171600,nan,-0.12632179355267825,nan,-93.75246210196474,6.104795160548536e-07,nan,nan,0.0,0.0,600.0,2.7760400963579674,2.356053225481073,0,1,0
S5_p002_t023_s236274386,2026-09-29T16:47:30Z,S5,2,1,0,0,38a1633497445ebd43d22c63d210918faeb4c8f26d1ba693e13fb0d36a84b479,12000,16,1,180000,0.9235163538745575,1,0.9235163538745575,0.9999999999995622,1,1,171600,nan,-0.12632181794299963,nan,-93.75198156446712,7.575482305704731e-07,nan,nan,0.0,0.0,600.0,2.776285145821983,2.356052794040287,0,1,0
S5_p002_t024_s1250788590,2026-09-29T16:47:45Z,S5,2,1,0,0,4d63437790942900ceeb3a8a06d5e3513298c26366856e52322738eb6b69774b,12000,16,1,180000,0.9235163553349642,1,0.9235163553349642,0.9999999999995622,1,1,171600,nan,-0.12632185542281416,nan,-93.75135931227248,6.723499285611235e-07,nan,nan,0.0,0.0,600.0,2.776790221020642,2.356053211169219,0,1,0
S5_p002_t025_s1053143358,2026-09-29T16:48:00Z,S5,2,1,0,0,a798acf95bbeabc9313e51beadd653399e614a407dfcd057fa121517674f3239,12000,16,1,180000,0.9251179454249482,1,0.9251179454249482,0.9999999999995622,1,1,171656,nan,-0.14365277951657401,nan,-24.63850400090668,0.01686111660435441,nan,nan,3.1666666666666665,0.0,600.0,80.53666819896627,71.24059908046,0,1,0
S5_p002_t026_s1195050127,2026-09-29T16:48:15Z,S5,2,1,0,0,3fb4728778d968d2b5e40e58faf210dabb0c93db2903c16fbaea52504e53f3c2,12000,16,1,180000,0.999606396444773,1,0.999606396444773,0.9999999999995622,1,1,171599,nan,-0.12630215188794255,nan,-98.34661792900563,3.737851567334556e-07,nan,nan,0.08333333333333333,0.08333333333333333,600.0,11.280631036824945,2.1512640181518323,0,1,0
S5_p002_t027_s1857563192,2026-09-29T16:48:30Z,S5,2,1,0,0,9de7550cafd14cb01f96d84bade7673aee3db4c98f1c4ce4aac3fe0e1a2c4e2c,12000,16,1,180000,0.9996063958624946,1,0.9996063958624946,0.9999999999995622,1,1,171599,nan,-0.1263021766712873,nan,-98.34261377769054,4.3145651281879914e-07,nan,nan,0.08333333333333333,0.08333333333333333,600.0,11.281809934180549,2.150823101658126,0,1,0
S5_p002_t028_s926067461,2026-09-29T16:48:45Z,S5,2,1,0,0,626cc7b75c783870fcd9851f2163a3d6d53484297e8cebe2018280624ae75c10,12000,16,1,180000,0.9996063966032541,1,0.9996063966032541,0.9999999999995622,1,1,171600,nan,-0.12630218465095303,nan,-98.34166510442208,3.5309531238570725e-07,nan,nan,0.08333333333333333,0.0,600.0,11.279651399766678,2.1516203970724312,0,1,0
S5_p002_t029_s2039212308,2026-09-29T16:49:00Z,S5,2,1,0,0,2a2de4c723847623b60d273970700c84a5bfe1726c8161f2ff22374ba27082f4,12000,16,1,180000,0.999606396662346,1,0.999606396662346,0.9999999999995622,1,1,171599,nan,-0.12630216046474887,nan,-98.34485877880408,4.476656259413415e-07,nan,nan,0.08333333333333333,0.08333333333333333,600.0,11.277457164618053,2.152413959482296,0,1,0
S5_p003_t000_s1714205886,2026-09-29T16:49:15Z,S5,3,1,0,0,b44dd6fda89b7b4f7ae1669699e4a265d8f44c101cc739b3dc712e7f71469d09,12000,16,1,180000,0.9988042691143957,1,0.9988042691143957,1.0000000000009506,1,1,171602,nan,0.02282500288544197,nan,-27.93976639897245,0.036995699273119804,nan,nan,0.08333333333333333,0.0,600.0,123.86147198310279,72.0285938881533,0,1,0
S5_p003_t001_s1934708211,2026-09-29T16:49:30Z,S5,3,1,0,0,7f0350289790e52fe4591905711a109595c1c563b2a0704e34a75fa845bcb1fb,12000,16,1,180000,0.9988042688270744,1,0.9988042688270744,1.0000000000009506,1,1,171602,nan,0.022825090456979932,nan,-27.939759924397247,0.03699581837405744,nan,nan,0.08333333333333333,0.0,600.0,123.86170095829962,71.9991493823339,0,1,0
S5_p003_t002_s1951162110,2026-09-29T16:49:45Z,S5,3,1,0,0,b1d04c353ad18f8109b3b49d0bda7cc7274e35336ca35d7f42db21cd9f1cb122,12000,16,1,180000,0.942108808400517,1,0.942108808400517,1.0000000000009506,1,1,130810,nan,-0.06900226110723587,nan,-16.3750913683166,2.18517046121426,nan,nan,0.5833333333333334,0.0,600.0,122.2219380231765,73.93055160990065,0,1,0
S5_p003_t003_s1445156187,2026-09-29T16:50:00Z,S5,3,1,0,0,f216ae306bde4ce5d47bfb090d73e8e145f02aefe90f1a1afc392adafefb6678,12000,16,1,180000,0.9778429324203342,1,0.9778429324203342,1.0000000000009506,1,1,171590,nan,0.023186422113107,nan,-27.765483014577296,0.0009926027045494266,nan,nan,0.0,0.0,600.0,43.86326779665455,72.6895999904556,0,1,0
S5_p003_t004_s332708724,2026-09-29T16:50:15Z,S5,3,1,0,0,201e4ad53098a2e71950043a7dfc4a575afbc2f6201dc8abf6c298d2277e3097,12000,16,1,180000,0.9778429349362039,1,0.9778429349362039,1.0000000000009506,1,1,171590,nan,0.023186529974176744,nan,-27.76548230106998,0.0009883180292453093,nan,nan,0.0,0.0,600.0,43.861686012734644,72.69005531993882,0,1,0
S5_p003_t005_s1838982444,2026-09-29T16:50:30Z,S5,3,1,0,0,7642325710bc2a46faf5c9d833243053485c8fb1f1ecc12c75ab2aec997e6ba2,12000,16,1,180000,0.9778429325695631,1,0.9778429325695631,1.0000000000009506,1,1,171590,nan,0.023186383933418736,nan,-27.765483848164237,0.000992821532977926,nan,nan,0.0,0.0,600.0,43.85899687416558,72.68081911254258,0,1,0
S5_p003_t006_s1432963864,2026-09-29T16:50:45Z,S5,3,1,0,0,563f5170da3e52babe19e6a69c85a8a9dd354537c62d67c33032d8118833b2a4,12000,16,1,180000,0.9778429316213323,1,0.9778429316213323,1.0000000000009506,1,1,171590,nan,0.023186266050326792,nan,-27.765488576210817,0.0009921316868779972,nan,nan,0.0,0.0,600.0,43.85967841811341,72.68128312660723,0,1,0
S5_p003_t007_s1060432322,2026-09-29T16:51:00Z,S5,3,1,0,0,6e408557e4f4d9c6f325a878698caf843d375ec2e34771d7e058086502e9a1ab,12000,16,1,180000,0.9778429319690333,1,0.9778429319690333,1.0000000000009506,1,1,171590,nan,0.02318637090280426,nan,-27.765481685850023,0.000992789723414497,nan,nan,0.0,0.0,600.0,43.858265830111414,72.69167366977496,0,1,0
S5_p003_t008_s328444916,2026-09-29T16:51:15Z,S5,3,1,0,0,612b4dd52f1375767b2e9cafe912ece54d395ca5e27485d8d53c341a016dfc36,12000,16,1,180000,0.9778429281623153,1,0.9778429281623153,1.0000000000009506,1,1,171590,nan,0.02318627607757528,nan,-27.76548332208754,0.0009909907545201263,nan,nan,0.0,0.0,600.0,43.859411881800185,72.67881408572342,0,1,0
S5_p003_t009_s2116983884,2026-09-29T16:51:30Z,S5,3,1,0,0,8a7b4411065a7d35549eabde06025f7b04b1e2568f60559ad4e1a90b61768cdd,12000,16,1,180000,0.8968028941325427,1,0.8968028941325427,1.0000000000009506,1,1,161700,nan,0.02417352892905838,nan,-28.381664483462288,0.00011166526460502169,nan,nan,0.0,0.0,600.0,68.89088107683673,73.47169403543867,0,1,0
S5_p003_t010_s1100042289,2026-09-29T16:52:00Z,S5,3,1,0,0,0a0e67dbe5c73078bbc2a1b986c16513942e68df356087b3bdc9d6a6da5d38d9,12000,16,1,180000,0.916152019806762,1,0.916152019806762,1.0000000000009506,1,1,171600,nan,0.023347380472779268,nan,-28.10906764690868,0.022715936503133125,nan,nan,0.0,0.0,600.0,167.7963061144559,73.46237495832419,0,1,0
S5_p003_t011_s635744766,2026-09-29T16:52:15Z,S5,3,1,0,0,a53cdb5e79abb13bed05858141559d207df65a676ea616f918f9545c224b6984,12000,16,1,180000,0.9161520139304893,1,0.9161520139304893,1.0000000000009506,1,1,171600,nan,0.023347436311603156,nan,-28.10906604180377,0.022711848741995354,nan,nan,0.0,0.0,600.0,167.7955361666202,73.44030378510594,0,1,0
S5_p003_t012_s961338442,2026-09-29T16:52:30Z,S5,3,1,0,0,0335ddcb90bf0b24229380a66e5a0f9657f5d586aa7101e1d6c954748de711e3,12000,16,1,180000,0.9161520121685627,1,0.9161520121685627,1.0000000000009506,1,1,171600,nan,0.02334748595720354,nan,-28.109062705731436,0.02271044090817992,nan,nan,0.0,0.0,600.0,167.7957150274262,73.44644206417601,0,1,0
S5_p003_t013_s1294474057,2026-09-29T16:52:45Z,S5,3,1,0,0,f6ac6df27f57f41cd11274ab35a9ba7ff183b81bc6e2817ee75c7645a404f930,12000,16,1,180000,0.9161520120562988,1,0.9161520120562988,1.0000000000009506,1,1,171600,nan,0.02334729528360803,nan,-28.109069775094003,0.02271369836102443,nan,nan,0.0,0.0,600.0,167.7961884370946,73.4500064343803,0,1,0
S5_p003_t014_s1681705495,2026-09-29T16:53:00Z,S5,3,1,0,0,3986c81db9f900aed2f719d19f355ac5f8a3c60613709f626e0e779617ad82cd,12000,16,1,180000,0.9161520118564176,1,0.9161520118564176,1.0000000000009506,1,1,171600,nan,0.023347417386459665,nan,-28.109064889575848,0.022718866512415614,nan,nan,0.0,0.0,600.0,167.7959371578369,73.47151764299144,0,1,0
S5_p003_t015_s710608608,2026-09-29T16:53:15Z,S5,3,1,0,0,1df4cb1dca75024c52ca27783dc8dc85dc43362fca5609f85dc0f394d442465c,12000,16,1,180000,0.9161520068740303,1,0.9161520068740303,1.0000000000009506,1,1,171600,nan,0.023347427501363496,nan,-28.10907143393004,0.022710144261671308,nan,nan,0.0,0.0,600.0,167.7899780912834,73.45912749084611,0,1,0
S5_p003_t016_s384136078,2026-09-29T16:53:30Z,S5,3,1,0,0,5d1edaa7f444849d303238b060cfa0b8f34de59cebf642de07546823034743ac,12000,16,1,180000,0.9161520081883817,1,0.9161520081883817,1.0000000000009506,1,1,171600,nan,0.023347469347563786,nan,-28.10905984055414,0.02271004138255522,nan,nan,0.0,0.0,600.0,167.79555686990957,73.47150578020104,0,1,0
S5_p003_t017_s414741158,2026-09-29T16:53:45Z,S5,3,1,0,0,a5c9a2d22bb9deb5cd5f686f44d41bf3ac7542d149e9754376c560a5735953eb,12000,16,1,180000,0.9161520163920103,1,0.9161520163920103,1.0000000000009506,1,1,171600,nan,0.023347312440452527,nan,-28.109067155593657,0.02271554204320122,nan,nan,0.0,0.0,600.0,167.79642344391203,73.45914179102955,0,1,0
S5_p003_t018_s1550145401,2026-09-29T16:54:00Z,S5,3,1,0,0,b9090f92fa6a474ff90e25276b1c57c05b404ca8b785fb8dacbbd89c18633182,12000,16,1,180000,0.9161520152288065,1,0.9161520152288065,1.0000000000009506,1,1,171600,nan,0.0233475090320423,nan,-28.109064689634454,0.02271155661462793,nan,nan,0.0,0.0,600.0,167.79564414019023,73.41571842747706,0,1,0
S5_p003_t019_s247667753,2026-09-29T16:54:15Z,S5,3,1,0,0,40a3cf223ea86fd879fd01970fa31c8e050a852b7eb362024f10c936098f556e,12000,16,1,180000,0.9161520107155594,1,0.9161520107155594,1.0000000000009506,1,1,171600,nan,0.023347435823547615,nan,-28.10906550496083,0.022710800122931713,nan,nan,0.0,0.0,600.0,167.7956456147972,73.47082973047907,0,1,0
S5_p003_t020_s1583609065,2026-09-29T16:54:30Z,S5,3,1,0,0,7f4565368836b857a656fe43bb4e1371da9d7dfea8506abbe8653e0af2e8d173,12000,16,1,180000,0.9161520073532877,1,0.9161520073532877,1.0000000000009506,1,1,171600,nan,0.02334733917020914,nan,-28.109069531159538,0.02271365301716926,nan,nan,0.0,0.0,600.0,167.7954983809089,73.47201909859666,0,1,0
S5_p003_t021_s796570551,2026-09-29T16:54:45Z,S5,3,1,0,0,41ac900830364aea03c097b7798b13daa9e1ec853a3d9d71a7d2865f532a1278,12000,16,1,180000,0.9781779446915951,1,0.9781779446915951,1.0000000000009506,1,1,165096,nan,0.024156364717987086,nan,-28.405725305886417,1.8787768794653357e-05,nan,nan,0.08333333333333333,0.0,600.0,11.005150848344899,72.01773698083534,0,1,0
S5_p003_t022_s1559731172,2026-09-29T16:55:00Z,S5,3,1,0,0,e6649024579dd9c799558ca25b12f9690d6a18dfb1520a12d47e149fac6387e8,12000,16,1,180000,0.9988779622611352,1,0.9988779622611352,1.0000000000009506,1,1,171594,nan,0.02407758327234962,nan,-28.358898967877664,0.002457718887855687,nan,nan,0.08333333333333333,0.0,600.0,48.29570529843299,71.98977419378869,0,1,0
S5_p003_t023_s844389843,2026-09-29T16:55:15Z,S5,3,1,0,0,5b9d37b136d170cbd3b945ee54c1f827e5cff8233d1952c205d94f4627652698,12000,16,1,180000,0.9988779646747971,1,0.9988779646747971,1.0000000000009506,1,1,171594,nan,0.02407761610314855,nan,-28.358897599892018,0.0024596093858518194,nan,nan,0.08333333333333333,0.0,600.0,48.29970798503818,72.03447533456531,0,1,0
S5_p003_t024_s1173993624,2026-09-29T16:55:30Z,S5,3,1,0,0,0d11273d8da4e478abed4f419365eac8c9d2afbfb3d8d0e54184b406ba256dae,12000,16,1,180000,0.9988779630404467,1,0.9988779630404467,1.0000000000009506,1,1,171594,nan,0.024077581808938833,nan,-28.35889485653248,0.0024583011681621907,nan,nan,0.08333333333333333,0.0,600.0,48.29576120158276,71.99750145677177,0,1,0
S5_p003_t025_s412349045,2026-09-29T16:55:45Z,S5,3,1,0,0,2e998beb32c243e579c35024c938dc72b43ad129d436eb5869cfa2a19daa81e0,12000,16,1,180000,0.9988779660543515,1,0.9988779660543515,1.0000000000009506,1,1,171594,nan,0.024077618048926986,nan,-28.358898713777325,0.0024577510780892315,nan,nan,0.08333333333333333,0.0,600.0,48.29576677819386,72.0345095192272,0,1,0
S5_p003_t026_s1487682954,2026-09-29T16:56:00Z,S5,3,1,0,0,e91069aecae8b9e64c8b3f081202e2c4bc4ca9fec4df19dfa5b44beac78100b3,12000,16,1,180000,0.9988779629704387,1,0.9988779629704387,1.0000000000009506,1,1,171594,nan,0.024077524309089982,nan,-28.358892929026723,0.0024593541650123614,nan,nan,0.08333333333333333,0.0,600.0,48.29962246195296,72.0052906842597,0,1,0
S5_p003_t027_s1191930151,2026-09-29T16:56:15Z,S5,3,1,0,0,079d8463e0c723d2354a2e8e7f33ec5eff5f8331764c33f0770f591362f9a96b,12000,16,1,180000,0.9988779627878455,1,0.9988779627878455,1.0000000000009506,1,1,171594,nan,0.024077599928685783,nan,-28.35889441061849,0.002458405663606326,nan,nan,0.08333333333333333,0.0,600.0,48.29974442883411,72.03823054006574,0,1,0
S5_p003_t028_s66415985,2026-09-29T16:56:30Z,S5,3,1,0,0,71cca86c38e402f21ab7f638f8d5ebbb1c65e47a00ccb25b53c83c31f4839c76,12000,16,1,180000,0.9988779614728099,1,0.9988779614728099,1.0000000000009506,1,1,171594,nan,0.024077538719250835,nan,-28.35889271074737,0.002457541136945794,nan,nan,0.08333333333333333,0.0,600.0,48.29967060569731,72.00530649823139,0,1,0
S5_p003_t029_s1759722470,2026-09-29T16:56:45Z,S5,3,1,0,0,d113cf947ac2133013766d10eb57c5b5d184ee4e812c4de82eacc30bdafa0b77,12000,16,1,180000,0.9988779628558527,1,0.9988779628558527,1.0000000000009506,1,1,171594,nan,0.024077617285185884,nan,-28.358890799770382,0.0024581440397663597,nan,nan,0.08333333333333333,0.0,600.0,48.2996938413192,72.04426782756555,0,1,0
S7_p000_t000_s1928618341,2026-09-29T16:57:15Z,S7,0,2,0,0,84ed5ea6621a8e812a58a256d67e8290bbd4abd2eada1514fb0a8ca3641e69ea,12000,16,1,180000,0.9970770739351845,1,0.5149683966327047,0.5173745417804761,0,1,172800,0.0,-0.060014675117167765,-336.08333236217607,-29.309696713555475,0.05513915349915566,-0.0003563456855207901,-4.4257421450311085e-05,0.08333333333333333,0.0,600.0,111.01285477786355,5.9076283250439054,0,1,0
S7_p000_t001_s1519748887,2026-09-29T16:57:30Z,S7,0,2,0,0,1ec8b130218aef4bcb45ddf31d7473a26c313ec1baddb27d9e475e30dc9d35fe,12000,16,1,180000,0.9971732295504895,1,0.5173021394955176,0.519610581061896,0,1,172800,0.0,-0.06206267608760266,-336.0833346104779,-29.704373226234644,0.04664481547598569,8.326942532226388e-06,1.034189608617453e-06,0.08333333333333333,0.0,600.0,90.95874629938295,6.081620909946091,0,1,0
S7_p000_t002_s1888808097,2026-09-29T16:57:45Z,S7,0,2,0,0,b4561cfaac1f6f9b3bf41a5d66531a7061aa96b38cad128386b167d339afb528,12000,16,1,180000,0.997047180953302,1,0.5172707594654046,0.519610581061896,0,1,172800,0.0,-0.060203031754838834,-336.08333262909156,-29.87277243447145,0.05037935783071541,-9.595481061016875e-06,-1.1917395568161737e-06,0.08333333333333333,0.0,600.0,63.08039598580188,5.542240964332663,0,1,0
S7_p000_t003_s1567484507,2026-09-29T16:58:00Z,S7,0,2,0,0,61798ab7d66e14979a0cde817b1300f837c9bc37da6a8c141dd356cb731963d8,12000,16,1,180000,0.8414676686675957,1,0.46956668675383545,0.5195043430058967,0,1,172800,0.0,-1.5329522191610154,-336.08565753273007,-3.9283332762657652,51.58532944591502,999.0716700139409,124.08270327239143,3.25,0.0,600.0,30.734244123617152,35.66613569390438,0,1,0
S7_p000_t004_s1587104087,2026-09-29T16:58:15Z,S7,0,2,0,0,6cf6d51b9c527d95e55584818fa2ee56a83e4c7a8007be79a000a58044d9969c,12000,16,1,180000,0.9968679299061538,1,0.5171709110031543,0.5194035063955749,0,1,172800,0.0,-0.060220588054056313,-325.7499970089217,-29.14829340544291,0.04499973354620906,-0.00020273750575478244,-2.517959273973247e-05,0.08333333333333333,0.0,600.0,158.5231212254446,5.628064684602339,0,1,0
S7_p001_t000_s1163046826,2026-09-29T16:58:30Z,S7,1,2,0,0,c63f7c2b78a96053b644969ff8acc83a4d0f76ba8c928f3f9a709dd5f3f08a11,12000,16,1,180000,0.9952981699281089,1,0.2531692814982211,0.2551217701044732,0,1,172800,0.0,-0.03777248389017869,-325.7500018837982,-27.88413263730814,0.031659174945331256,-0.00014111596635476797,-1.7526320789329475e-05,0.08333333333333333,0.0,600.0,91.385329586809,6.312523444015124,0,0,0
S7_p001_t001_s641673168,2026-09-29T16:58:45Z,S7,1,2,0,0,bffa58766aca25bb9da0cce10f02a099d8be025d30872e2f657a2379067382b7,12000,16,1,180000,0.9952458829908609,1,0.25319714471790783,0.2551217701044732,0,1,172800,0.0,-0.03782566161713999,-325.7499996393386,-27.943773805302712,0.023628553336321124,-0.0003044052726453634,-3.780652605200885e-05,0.08333333333333333,0.0,600.0,72.97414996438208,5.559566942881434,0,0,0
S7_p001_t002_s1425528308,2026-09-29T16:59:00Z,S7,1,2,0,0,05663a9f0069edc2e4a15aa335a82a56e2a53b5d65a22d4637b5daca8b947092,12000,16,1,180000,0.995024966849715,1,0.2533284962686018,0.25459545097861797,0,1,172800,0.0,-0.03989633297770256,-325.75000023177745,-28.093622797730852,0.026883337286189055,-0.00013839819205155023,-1.7188778656418435e-05,0.08333333333333333,0.0,600.0,57.823389658431516,6.445674334275981,0,0,0
S7_p001_t003_s961284984,2026-09-29T16:59:15Z,S7,1,2,0,0,c349724c849392495a01a86935639505776a5a5bfdda7ec1997c7d5a39997be1,12000,16,1,180000,0.9954836439926845,1,0.25316807162580734,0.2545954509786179,0,1,172800,0.0,-0.03730041787246328,-325.7500006021388,-28.15773133201203,0.023840963034780525,-0.00013303930732080403,-1.6523215890629217e-05,0.08333333333333333,0.0,600.0,32.17963381425006,5.898349128671899,0,0,0
S7_p001_t004_s990723452,2026-09-29T16:59:30Z,S7,1,2,0,0,2c3d585057d9660c0b4de054c3386636971ea803848abdefdf3c499dbceefd36,12000,16,1,180000,0.9954741575057421,1,0.2526820774797031,0.2538033491403863,0,1,172800,0.0,-0.039356815621537686,-325.74999911190025,-27.712620053230616,0.025732111584075675,-0.00010094914100033772,-1.2537681413959945e-05,0.08333333333333333,0.0,600.0,130.75397131638093,6.20996886705224,0,0,0
S7_p002_t000_s98455044,2026-09-29T16:59:45Z,S7,2,3,0,0,21dee5153989eaa985cc7842619d470e015dc6efc39943757d49f01c47e26eb3,12000,16,1,180000,0.9975830479608125,1,0.6193421882402748,0.6209508036808066,0,1,172800,0.0,-0.06912825652589018,-325.7500000530375,-30.771211599798775,0.06709332034426407,1.6262385960230611e-06,2.0197558114887215e-07,0.08333333333333333,0.0,600.0,75.14997194855223,5.671180631800155,0,1,0
S7_p002_t001_s1384128433,2026-09-29T17:00:00Z,S7,2,3,0,0,1575ff7aeb620b714657acdc631c1a3ff578e8f32de7a81ad63bde04ebeccafd,12000,16,1,180000,0.9975848395920447,1,0.6193110704538975,0.6209508036808066,0,1,172800,0.0,-0.068439609096852,-325.7499999145124,-30.901800119835777,0.05928578042941901,1.1165307376366272e-05,1.3867088455299381e-06,0.08333333333333333,0.0,600.0,54.814652114823865,5.90535035043102,0,1,0
S7_p002_t002_s1361330484,2026-09-29T17:00:15Z,S7,2,3,0,0,bb49c65d6457c800cca00817b8bf99eb1f9c428d8e611dc2a258612c2e959e85,12000,16,1,180000,0.9976425575422959,1,0.6178694922769523,0.6197701897798836,0,1,172800,0.0,-0.06889545560570567,-325.74999963954053,-30.790980864611107,0.05224484634258147,-0.00022536903848552271,-2.799038384182495e-05,0.08333333333333333,0.0,600.0,73.08686282927229,5.90703858790306,0,1,0
S7_p002_t003_s1078092554,2026-09-29T17:00:30Z,S7,2,3,0,0,332978651c884e8408a529853dd73fd3f36ecb381df6ad3400dd3e7468498372,12000,16,1,180000,0.9976979902327809,1,0.6183850372566819,0.6200506262983498,0,1,172800,0.0,-0.06833917152199759,-325.7500001206445,-30.919268888682105,0.05410417976443405,5.8922277493180556e-05,7.318029020098038e-06,0.08333333333333333,0.0,600.0,51.90981377702735,6.069251657963772,0,1,0
S7_p002_t004_s924921264,2026-09-29T17:00:45Z,S7,2,3,0,0,10f93a9db0a5bbb2c06ff27da539e0c546a1614ea10c401728f29147fb659581,12000,16,1,180000,0.997618058799292,1,0.6184832833657657,0.6200506262983498,0,1,172800,0.0,-0.06876310425751087,-325.7500003213615,-30.920477542548447,0.047062987815282224,-8.14263214720044e-05,-1.0112986274180003e-05,0.08333333333333333,0.0,600.0,43.85175864580386,5.514750841519848,0,1,0
S7_p003_t000_s763598906,2026-09-29T17:01:00Z,S7,3,2,0,0,5d95080eeb49076cbd386346106b9a58e5f14e07034799af8e506c07cbb291a9,12000,16,1,180000,0.997036956569073,1,0.5188956038974911,0.5209269121406312,0,1,172800,0.0,-0.06143172840313398,-325.7499984475926,-29.673537828305104,0.04724587802840719,-9.09735516707692e-05,-1.1298733170406194e-05,0.08333333333333333,0.0,600.0,82.08303127402337,6.267503143231146,0,1,0
S7_p003_t001_s1480126732,2026-09-29T17:01:15Z,S7,3,2,0,0,d76d3cecade6e1ca45b59ba8e7c830d0558ef785503d96ad30e68b6afa1acaa7,12000,16,1,180000,0.9970024664909515,1,0.5190503686189373,0.5209269121406312,0,1,172800,0.0,-0.062096105841162944,-325.7499986803129,-29.32751210986766,0.0483298642468116,-0.0005880563621466738,-7.303542406589258e-05,0.08333333333333333,0.0,600.0,121.16482690765316,5.858135783580307,0,1,0
S7_p003_t002_s348040279,2026-09-29T17:01:30Z,S7,3,2,0,0,28ef549d3ba041b13e51c4b42be5336afdfad6b78d09fca5e706fe83552fee35,12000,16,1,180000,0.9579110995607066,1,0.5164975716195778,0.5206966482409549,0,1,172800,0.0,-0.07226253505221449,-316.73282735318935,-24.530697525859978,0.0424104684372678,-0.055831653919092575,-0.006934179753443459,0.08333333333333333,0.0,600.0,38.835645193127625,14.993178240533673,0,1,0
S7_p003_t003_s750677479,2026-09-29T17:01:45Z,S7,3,2,0,0,d7626922523b33a4269c4843861497ae8bae8a17571ce12e1088e4d423b54f7a,12000,16,1,180000,0.9577602122768409,1,0.5135156602400264,0.5184811033296005,0,1,172800,0.0,-0.07318712817213419,-316.7328308459552,-24.422992477917326,0.04491680633932951,-0.05649865470768015,-0.007017019917384459,0.08333333333333333,0.0,600.0,55.191206388684506,14.910282036828287,0,1,0
S7_p003_t004_s258894362,2026-09-29T17:02:00Z,S7,3,2,0,0,7f187fce950468efb526d60e5737133fc7afea8c991cfa05d85859bccf8b465e,12000,16,1,180000,0.9581984917479794,1,0.5145495387870977,0.5184811033296005,0,1,172800,0.0,-0.07235658821480961,-316.73279928595787,-24.60167986212415,0.02604711981172819,-0.05529446106901293,-0.006867461475849268,0.08333333333333333,0.0,600.0,41.86803220722782,15.053542807185384,0,1,0
S7_p004_t000_s139254338,2026-09-29T17:02:30Z,S7,4,2,0,0,740826b44524830fbd63193e04a4fda24c266dd0180f5f633409e475efe07515,12000,16,1,180000,0.9585035654046199,1,0.5176573752174585,0.5248937613908201,0,1,172800,0.0,-0.0715450283749356,-318.1494618390194,-24.52625130126021,0.03747425006451535,-0.056208211102862234,-0.006980947402553284,0.08333333333333333,0.0,600.0,59.48740256716838,14.267526418632759,0,1,0
S7_p004_t001_s1221387494,2026-09-29T17:02:45Z,S7,4,2,0,0,1645df4a0c7b32ac972989ad42e810d0d1657bc06b894d85f2460c746e6030aa,12000,16,1,180000,0.9581259508231703,1,0.519927902719396,0.5248937613908201,0,1,172800,0.0,-0.07191493277094231,-318.14946876189424,-24.605033599967197,0.04228341789128839,-0.057279596604829314,-0.007114011339126591,0.08333333333333333,0.0,600.0,36.2900232539337,14.582066548935828,0,1,0
S7_p004_t002_s1203773898,2026-09-29T17:03:00Z,S7,4,2,0,0,8b374cdb6e48bb4a63251f51e1568ceb101c00086bdd2e86c79804544d447f12,12000,16,1,180000,0.9584580123874148,1,0.5201733557765298,0.5252303196234194,0,1,172800,0.0,-0.07175920789035768,-318.14944894617895,-24.6406744500245,0.04046252810416203,-0.05813594332967132,-0.007220367889658519,0.08333333333333333,0.0,600.0,51.007803546456174,14.528080350655335,0,1,0
S7_p004_t003_s43333996,2026-09-29T17:03:15Z,S7,4,2,0,0,58a9662009f659869e3273f0fcca5bd398299758b94082a1f1c69cd4b79f57bb,12000,16,1,180000,0.9581330903110142,1,0.5190301054888621,0.5252303196234194,0,1,172800,0.0,-0.07194549522090463,-318.1494651498336,-24.525040854395105,0.035627005018298234,-0.055710788090488066,-0.006919168459262437,0.08333333333333333,0.0,600.0,60.199370172302565,14.15747650424185,0,1,0
S7_p004_t004_s1033654550,2026-09-29T17:03:30Z,S7,4,2,0,0,c2d32fcb39e5dbf234d0944d32b8b0c51dc1dc55a3553c13b3d4be235fa85192,12000,16,1,180000,0.9583403958610972,1,0.5213357641063007,0.523848509483097,0,1,172800,0.0,-0.0717802463606696,-318.14942996726006,-24.68968047146653,0.05342029218434043,-0.059367670210894,-0.007373345904852613,0.08333333333333333,0.0,600.0,36.58231446216313,14.294733436369608,0,1,0
S7_p005_t000_s600798252,2026-09-29T17:03:45Z,S7,5,2,0,0,9f7df93970e4dbcc1bb86985e169dc13a944c0a6936a03f767858a655b298d8b,12000,16,1,180000,0.9577544508619209,1,0.5111714182835375,0.5145159131504455,0,1,172800,0.0,-0.06956560061521723,-318.14949420015665,-24.491830346493156,0.04071284501443103,-0.06462945068550062,-0.008026848516237806,0.08333333333333333,0.0,600.0,44.28864531722169,15.121666666561955,0,1,0
S7_p005_t001_s1358512429,2026-09-29T17:04:00Z,S7,5,2,0,0,1f2fe042e88299a04aa8ae9757d1d892d7de2105aa820883dc8069d10608fb96,12000,16,1,180000,0.9575727849422123,1,0.5102727711834877,0.5145159131504456,0,1,172800,0.0,-0.06873507487696423,-318.14950989246546,-24.449134098341933,0.043134232540871814,-0.05833837088459962,-0.007245508987125504,0.08333333333333333,0.0,600.0,41.193571007233516,15.119116799815542,0,1,0
S7_p005_t002_s475029750,2026-09-29T17:04:15Z,S7,5,2,0,0,dd3d3b1bb429c3d0b275e5fb2b1871a779a05702004970ec04c2a4c2485481d5,12000,16,1,180000,0.957622535899106,1,0.5098989444718656,0.515820579951814,0,1,172800,0.0,-0.069768109791246,-318.14951831476174,-24.479610749481097,0.045227491987037606,-0.06648737310492268,-0.008257598764885188,0.08333333333333333,0.0,600.0,37.72802176172974,15.339251637757146,0,1,0
S7_p005_t003_s686156291,2026-09-29T17:04:30Z,S7,5,2,0,0,3aa91fce9a109d7d11905330e7425b9aedb1082528c7042742b38bdf55db1c23,12000,16,1,180000,0.9576940631425389,1,0.511315350028698,0.515820579951814,0,1,172800,0.0,-0.06971587534948923,-318.1494958552479,-24.53786812054029,0.033813981576009164,-0.06254120055626701,-0.0077674920266872505,0.08333333333333333,0.0,600.0,39.89694072331314,15.356769131446459,0,1,0
S7_p005_t004_s1322737522,2026-09-29T17:04:45Z,S7,5,2,0,0,4abe2b7e8d1c4423e9c2017409fc0c38ea4241d31400eee6e24adecdb3a552d4,12000,16,1,180000,0.8460836485032409,1,0.46824777142301255,0.5155979631963823,0,1,172800,0.0,-1.1418088320336537,-307.6008497439422,-5.46547679881524,23.983413805507062,1018.7478931746182,126.52645083650123,3.1666666666666665,0.0,600.0,35.613292634288086,35.609545841829444,0,1,0
S7_p006_t000_s1641734052,2026-09-29T17:05:00Z,S7,6,2,0,0,38eb32e407672388b6e08020dde3562fd2fc9bdfaa4795ebfe4a609ad43e243f,12000,16,1,180000,0.9582943939567806,1,0.5300652143025878,0.531623992137858,0,1,172800,0.0,-0.0651985868686941,-307.6005691060309,-24.71757427583254,0.03378447384200995,0.06510415819297262,0.008085806239250815,0.16666666666666666,0.0,600.0,36.290862511045134,14.94661672697574,0,1,0
S7_p006_t001_s67837340,2026-09-29T17:05:15Z,S7,6,2,0,0,6caa4d000ea3df92efb833c73c3bafdb0b369f724a23356eba81bbc8bf3c21aa,12000,16,1,180000,0.9583518680891772,1,0.5293385645719155,0.531623992137858,0,1,172800,0.0,-0.06371178549290286,-307.600579414031,-24.80224333827456,0.03794035119392894,0.05435431518091424,0.006750697236839187,0.08333333333333333,0.0,600.0,28.419857834394058,15.002597195713916,0,1,0
S7_p006_t002_s1202997263,2026-09-29T17:05:30Z,S7,6,2,0,0,23a0c8bb875837194cc78a91615aaf4c9a24e568cd553d65ed13ae6ff58562ad,12000,16,1,180000,0.9584771658454593,1,0.5278464634238605,0.5302036272884406,0,1,172800,0.0,-0.06422779495006627,-307.600579875066,-24.804777133747166,0.040539142186887735,0.059636213702050404,0.007406698469367257,0.08333333333333333,0.0,600.0,29.795871984057285,14.886298648992696,0,1,0
S7_p006_t003_s902359725,2026-09-29T17:05:45Z,S7,6,2,0,0,6d28711a9b576d39ccfcc4cfc8b16738cc1afa1d9a6c00146e7b449fa974f137,12000,16,1,180000,0.9581462469952587,1,0.5266698771194381,0.5299111188707443,0,1,172800,0.0,-0.06419065136326635,-307.6005684230895,-24.810356789031992,0.042689120084397986,0.0593901913136653,0.007376142980774603,0.08333333333333333,0.0,600.0,9.160340113661537,14.500991567724808,0,1,0
S7_p006_t004_s291698731,2026-09-29T17:06:00Z,S7,6,2,0,0,65d23a8d79fbc4b32fadda10a5eebcb00c01befd8a0003416bd7dd871e970b9a,12000,16,1,180000,0.9581495312213748,1,0.5239988118204136,0.5298739916717151,0,1,172800,0.0,-0.06492618098423344,-307.6005769354124,-24.710324144718754,0.041373425009602095,0.06238016415662345,0.007747491627924319,0.08333333333333333,0.0,600.0,50.288227574091366,14.605494550244554,0,1,0
S7_p007_t000_s526185734,2026-09-29T17:06:15Z,S7,7,2,0,0,aebb0fbe73608f70413ad7079f5cf80624fbdb03444dada5780da85288fdc352,12000,16,1,180000,0.9579431544096834,1,0.5177081757915871,0.5220729717626843,0,1,172800,0.0,-0.05403916440310328,-307.6005826155827,-24.6993268986507,0.023771124457347966,0.06503905427629027,0.008077720463006699,0.08333333333333333,0.0,600.0,42.92240052109999,14.10344913377864,0,1,0
S7_p007_t001_s318655740,2026-09-29T17:06:30Z,S7,7,2,0,0,6f072a0c980316dd48576095f9fe7d9317cb97f2ce4f2b2932f1832b9a3a1117,12000,16,1,180000,0.9575586894872202,1,0.5173028162093326,0.5220729717626843,0,1,172800,0.0,-0.053654072337930375,-307.6005313394835,-24.600840706371542,0.025640136838804894,0.05450830674962664,0.00676982268169013,0.08333333333333333,0.0,600.0,38.91674492001201,14.138954716597862,0,1,0
S7_p007_t002_s1737849473,2026-09-29T17:06:45Z,S7,7,2,0,0,791532cf9e00bc1ccc028943e1d786218cce758274c6561c39529cdacf578040,12000,16,1,180000,0.957696040933376,1,0.5158501445451431,0.5196156555619112,0,1,172800,0.0,-0.05560372325701908,-307.6005498171756,-24.64128884143733,0.023288605532865318,0.05703399820744034,0.007083508509367675,0.08333333333333333,0.0,600.0,44.21644833101351,14.007744929578505,0,1,0
S7_p007_t003_s438300082,2026-09-29T17:07:00Z,S7,7,2,0,0,57e236654dcbf68a963b1072adb1938aef474f7d55e07cefc4d6d3648fa1d3b7,12000,16,1,180000,0.957584541679999,1,0.5161746346884437,0.5232371159668855,0,1,172800,0.0,-0.055246886533214,-307.6005394697859,-24.560720513215912,0.027813197129641413,0.062358956514966236,0.007744857681245776,0.08333333333333333,0.0,600.0,46.913604990405695,14.262704449580617,0,1,0
S7_p007_t004_s994742111,2026-09-29T17:07:15Z,S7,7,2,0,0,fab600f685fef66141ce8740e239ddfa268b9ec3de851575e13ab4641ec5350b,12000,16,1,180000,0.9577124380029082,1,0.5171688676456266,0.5232371159668855,0,1,172800,0.0,-0.05451069753711745,-307.6005307756999,-24.6228961209275,0.016314900086480524,0.05853105853175106,0.007269440407526417,0.08333333333333333,0.0,600.0,31.872785236592232,14.266674427067695,0,1,0
S7_p008_t000_s434073307,2026-09-29T17:07:45Z,S7,8,2,0,0,69282f5ca8df95cc5754fc1377f33057bd8fe39bc800e688cedd3d6703650851,12000,16,1,180000,0.9581890301873844,1,0.518758234467958,0.5191450223152942,0,1,172800,0.0,-0.07036235496603327,-328.9338617351107,-24.643572284180053,0.03485650694283861,0.057727308498149874,0.007169616260853218,0.08333333333333333,0.0,600.0,27.446838139125585,14.687219880533798,0,1,0
S7_p008_t001_s1584181983,2026-09-29T17:08:00Z,S7,8,2,0,0,c072d411e746a86c3fe20cdfed724ee6fc6e5ce42ea10a231e39874c35e1a495,12000,16,1,180000,0.48422228777744,1,0.3080818739503156,0.5191450223152942,0,1,172800,0.0,-5.813645818723998,-328.9407871590859,4.414186023065029,39.963453502071104,1833.4327878043237,227.70868537972137,3.25,0.0,600.0,6.763111432661325,19.38280339101411,0,1,0
S7_p008_t002_s69311790,2026-09-29T17:08:15Z,S7,8,2,0,0,ef3076e465ceb5cec7317f3f10ece4f0e25a67728ed622ac8f52dcedafd841d4,12000,16,1,180000,0.8479396305736745,1,0.5097237652853313,0.5175979408315418,0,1,172800,0.0,-0.059341918644028935,-309.95833098781986,-29.959849701637538,0.05079661725257825,0.00010759094285572083,1.3362579920794815e-05,0.08333333333333333,0.0,600.0,53.4105624770793,5.882039646678383,0,1,0
S7_p008_t003_s449200011,2026-09-29T17:08:30Z,S7,8,2,0,0,47e87a9a5e5068a12b6a04593c2eaea92209f292e68bc6f942ccd36988202786,12000,16,1,180000,0.84880910080623,1,0.509596730590433,0.5213817679223924,0,1,172800,0.0,-0.058354597798833716,-309.9583336289555,-29.977938904502942,0.03890457117500334,-0.00013924159354384433,-1.7293527434958378e-05,0.08333333333333333,0.0,600.0,42.235542246312,5.736376900709638,0,1,0
S7_p008_t004_s63363653,2026-09-29T17:08:45Z,S7,8,2,0,0,b05dce71d0f1c816a31b88b4bcc60dbd3458f3f1beaea6778cfe493e056db411,12000,16,1,180000,0.8485573779036729,1,0.5087508245309282,0.5213817679223924,0,1,172800,0.0,-0.05904318065168494,-309.9583323705192,-30.051277633354413,0.03473249429501193,0.0003601970035857342,4.473574745134101e-05,0.08333333333333333,0.0,600.0,25.183735923467253,5.9557646185069215,0,1,0
S7_p009_t000_s244638474,2026-09-29T17:09:00Z,S7,9,2,0,0,f6d8258071f26bd1d2fdd40b279b0a3b3510520bd42498617b887572b992cb47,12000,16,1,180000,0.8474019334212958,1,0.5084355269175278,0.5185299109364768,0,1,172800,0.0,-0.058803998339147706,-309.9583303064331,-29.621133859569117,0.031058013677473153,-0.00028496946797068167,-3.539263798302272e-05,0.08333333333333333,0.0,600.0,92.69360244831212,5.830592097427968,0,1,0
S7_p009_t001_s1024747382,2026-09-29T17:09:15Z,S7,9,2,0,0,c83b227d03e8a2926d44bcf49d76f06a3a1d8daf10e1ce06cc49049589217d7f,12000,16,1,180000,0.8483817454850437,1,0.5117898844013008,0.5193471255338729,0,1,172800,0.0,-0.05942134787377551,-309.95833249886465,-29.85693329258168,0.0439700071157146,-0.00011799736647035637,-1.4655036920885323e-05,0.08333333333333333,0.0,600.0,86.63290749522932,6.053621748694217,0,1,0
S7_p009_t002_s1710014650,2026-09-29T17:09:30Z,S7,9,2,0,0,d65786ac7d47f537dd63e1dbf684ff1520561178ec3fe948467014e38c72198a,12000,16,1,180000,0.847952919242464,1,0.5117827369364428,0.5193471255338729,0,1,172800,0.0,-0.058959929719527696,-309.95833396280307,-29.938835905673432,0.04557547738444208,-9.363747306140514e-05,-1.1629586879280396e-05,0.08333333333333333,0.0,600.0,70.14259803269779,5.780292986944332,0,1,0
S7_p009_t003_s884232894,2026-09-29T17:09:45Z,S7,9,2,0,0,0b42532c0eb12b84c54754036f34ca59b6ac14d15b4b161a072c70ad4da7dbed,12000,16,1,180000,0.8477450259477445,1,0.509686367581792,0.5185942515513206,0,1,172800,0.0,-0.05902763935764759,-309.95833296986837,-29.88713686482692,0.04126591383364958,-0.00040921764613664074,-5.0824013214878505e-05,0.08333333333333333,0.0,600.0,77.08985458751732,5.842146076982781,0,1,0
S7_p009_t004_s381684354,2026-09-29T17:10:00Z,S7,9,2,0,0,54e6de4f3a6f7f4d8b758052ebb96666a2d4e2d57e15b643cdd25a4f71d9bf10,12000,16,1,180000,0.8471783165408637,1,0.5067638930285389,0.5157235389015721,0,1,172800,0.0,-0.057370269104626205,-309.95833333211823,-29.94061921530831,0.037018505995296797,-0.00038095082424417776,-4.731333046947839e-05,0.08333333333333333,0.0,600.0,43.3132414306242,5.752287285353754,0,1,0
S7_p010_t000_s1725325771,2026-09-29T17:10:15Z,S7,10,2,0,0,b3408f666be80ace316ee3940eefef64e8791474fab48b263d6685979a6146fd,12000,16,1,180000,0.8489672972031063,1,0.5131690211386435,0.5242532269908602,0,1,172800,0.0,-0.060855740774473706,-309.95833369753683,-29.884905054405195,0.023371918238457145,0.000129642762237042,1.6101371784316143e-05,0.08333333333333333,0.0,600.0,88.75863963100034,5.667493960236671,0,1,0
S7_p010_t001_s225898935,2026-09-29T17:10:30Z,S7,10,2,0,0,9bf394ae92a1a449f9e1b38833a977e4481d1cc41acecdf117dd591ac36e13fb,12000,16,1,180000,0.8495096662510995,1,0.5170153357180687,0.5272178306604747,0,1,172800,0.0,-0.05950972905379375,-309.9583329859506,-30.094271956671715,0.020761897322875072,0.00017331076652639358,2.152485058104503e-05,0.08333333333333333,0.0,600.0,47.41775951553515,6.668682883009074,0,1,0
S7_p010_t002_s121109330,2026-09-29T17:10:45Z,S7,10,2,0,0,a7a8d4f02bab2032cd799fa83b8cf61bc2a07753fe308c21addbc57923539cef,12000,16,1,180000,0.8498027986887287,1,0.5188893262326069,0.5282837824331416,0,1,172800,0.0,-0.059361175415618944,-309.958333258944,-30.17944235233779,0.022436251837825997,-0.00029746737863049197,-3.694485349114984e-05,0.08333333333333333,0.0,600.0,26.347351176390756,5.974312125839518,0,1,0
S7_p010_t003_s1579862089,2026-09-29T17:11:00Z,S7,10,2,0,0,7cb3a618b0beb8b8e9ec48e13431fe13de82a8d966eccf552bad856cb3ecf90b,12000,16,1,180000,0.8495531423240118,1,0.5187899028221902,0.5282837824331416,0,1,172800,0.0,-0.059796359025337364,-309.9583320922714,-29.942980919120696,0.015809626953439754,0.00020093496367808712,2.4955720618891064e-05,0.08333333333333333,0.0,600.0,60.21440901047863,5.9705710420519384,0,1,0
S7_p010_t004_s535444324,2026-09-29T17:11:15Z,S7,10,2,0,0,e40eedf39d6eef67a6678a24097b3907a25f9cfaf29d75015858fdc73b59b6d3,12000,16,1,180000,0.8495460392822864,1,0.5173166675709331,0.5279076612815669,0,1,172800,0.0,-0.06030110950244277,-309.9583333869359,-29.948882687947197,0.014382978432804878,-0.0005202887401004568,-6.461882094299654e-05,0.08333333333333333,0.0,600.0,52.135289480472565,5.916930720771772,0,1,0
S7_p011_t000_s204855309,2026-09-29T17:11:30Z,S7,11,2,0,0,44ab07dd357e8e05e3bddb865e03e83bc94543ac1820bf4d1a142ab929009497,12000,16,1,180000,0.8372103083592914,1,0.43713836635033543,0.45231929108613933,0,1,172800,0.0,-0.053577262217592125,-309.95833155665605,-29.10089813039699,0.04136462301229486,4.656368945892445e-05,5.7831171034194995e-06,0.08333333333333333,0.0,600.0,91.44595300384776,5.852380547605891,0,0,0
S7_p011_t001_s469311326,2026-09-29T17:11:45Z,S7,11,2,0,0,3cd7f8362eccf374f416c34f1a3adeedde520a597d1e0025bdb1207f4b2c099c,12000,16,1,180000,0.8362641752044754,1,0.4378875752752089,0.45231929108613933,0,1,172800,0.0,-0.05497750191662599,-309.9583315869568,-29.224040120349578,0.03717453010495991,-8.646062047746732e-05,-1.0738236142060487e-05,0.08333333333333333,0.0,600.0,81.32741547399132,6.072238306165816,0,0,0
S7_p011_t002_s1591257218,2026-09-29T17:12:00Z,S7,11,2,0,0,07ae09531a0dac0b086bd3727901a1779185b933a4b6f3516e8d30babc3cd955,12000,16,1,180000,0.8367562044122153,1,0.4380086630699162,0.4518750769272966,0,1,172800,0.0,-0.05591301983376595,-309.9583300828084,-29.113474461765897,0.042395261157114714,-6.563784333937638e-05,-8.152088867063867e-06,0.08333333333333333,0.0,600.0,104.77556241186556,5.982139782106719,0,0,0
S7_p011_t003_s912460123,2026-09-29T17:12:15Z,S7,11,2,0,0,5dd63dabc51550db551c2ea1fec16ead6d09c169dbc8424f75616cedbf67df74,12000,16,1,180000,0.8364209459239365,1,0.4381479116835149,0.45187507692729667,0,1,172800,0.0,-0.05527094605795055,-309.9583327590984,-29.300319228101692,0.034032673195064686,-0.0003351948662289771,-4.1630531995906495e-05,0.08333333333333333,0.0,600.0,56.328347126916604,5.889440981638719,0,0,0
S7_p011_t004_s1430561939,2026-09-29T17:12:30Z,S7,11,2,0,0,c7d0c57ef1533133580e2bc0c865bef64415a1b38947ebeea31195a245865fec,12000,16,1,180000,0.836737131786886,1,0.43689693595630824,0.4515977985426414,0,1,172800,0.0,-0.05396061465082125,-309.95833060128825,-29.27526559437799,0.04196255635269579,-0.00014320477320331436,-1.7785746422305238e-05,0.08333333333333333,0.0,600.0,59.294420134782854,5.93868099244474,0,0,0
S7_p012_t000_s516013663,2026-09-29T17:13:00Z,S7,12,2,0,0,7eb092f7f2ec8ae081b36a6b443344f18cb9a5792c7dd2b7fd0bee803da9652d,12000,16,1,180000,0.9531531629456967,1,0.40574674603611266,0.40891764220161214,0,1,172800,0.0,-0.06742455398806536,-329.43348018336354,-23.353116682918767,0.03375311497254002,0.046943175336022984,0.005830248490383383,0.08333333333333333,0.0,600.0,49.93690306197635,12.671828485049058,0,0,0
S7_p012_t001_s603633460,2026-09-29T17:13:15Z,S7,12,2,0,0,540c02c7f572b6bc7337ed372c1c5a4a232c25c286fe2d9e8e3c12f7f4442bad,12000,16,1,180000,0.9529600593822722,1,0.4043871868295193,0.40980042810956596,0,1,172800,0.0,-0.06705824586187359,-329.43345041736274,-23.285595251479656,0.030174411055991175,0.04482934538453803,0.0055677150380688545,0.08333333333333333,0.0,600.0,39.76113937079539,12.729867927689632,0,0,0
S7_p012_t002_s71905326,2026-09-29T17:13:30Z,S7,12,2,0,0,33dd04c0f249a2a989cce180d94d6e0fa43e5b09a311063fdcf6a95b7199cf99,12000,16,1,180000,0.9532627268028298,1,0.4054728278986227,0.41032089237967717,0,1,172800,0.0,-0.06762183218429361,-329.43349622573567,-23.431631287477064,0.030358970262753478,0.04737494288606027,0.005883873156562913,0.08333333333333333,0.0,600.0,35.64921651732963,12.565047990558568,0,0,0
S7_p012_t003_s1310018168,2026-09-29T17:13:45Z,S7,12,2,0,0,bfc73a9663a7a5120f8af162d815eaafec28946f49c295209aade84f13cf149a,12000,16,1,180000,0.953229018875886,1,0.40681346898326004,0.4115563588735712,0,1,172800,0.0,-0.06833353799335247,-329.4334840922111,-23.39238172107388,0.033014795934724395,0.0483121703878704,0.006000274937832728,0.08333333333333333,0.0,600.0,37.93506708496752,12.700425240977165,0,0,0
S7_p012_t004_s1348406889,2026-09-29T17:14:00Z,S7,12,2,0,0,dfcdb204f46169c172c8d12369c5e09f92f496afe208c4eeda8cb0792434908f,12000,16,1,180000,0.9532280546045843,1,0.4072471434754725,0.4115563588735712,0,1,172800,0.0,-0.06802641034332135,-329.4334915588539,-23.398571396052674,0.03273938293080976,0.04678729860780667,0.0058108889124923735,0.08333333333333333,0.0,600.0,46.79672125836813,12.823412484113723,0,0,0
S7_p013_t000_s1579884569,2026-09-29T17:14:15Z,S7,13,2,0,0,f0ca30abae0c6829e0abb57b8e20d19e512d7b83df1f1c092e789742a8880929,12000,16,1,180000,0.9517782543224902,1,0.3723278111925264,0.3758831749902286,0,1,172800,0.0,-0.06712651102663797,-329.4333742271974,-23.098703729565226,0.049435123667904944,0.04462579140374725,0.0055424340407626005,0.08333333333333333,0.0,600.0,30.845140609852564,12.34951259882177,0,0,0
S7_p013_t001_s1427301707,2026-09-29T17:14:30Z,S7,13,2,0,0,ab27fe72205d6da79bf6a09808038f91d73476ce7b3239228b48f25a0d051dfa,12000,16,1,180000,0.8365645172189261,1,0.35542079487255757,0.3761492632807654,0,1,172800,0.0,-1.1881062234159616,-329.4338205019764,-5.2257909310775785,37.83522946050732,-0.2390103689776125,-0.029684609806281514,0.75,0.0,600.0,32.600214651100366,27.78836018376868,0,0,0
S7_p013_t002_s773490239,2026-09-29T17:14:45Z,S7,13,2,0,0,385cc9866e2f6877b9e650188cbe4bf8ada9162853c6b7ef41f8f54fac262d80,12000,16,1,180000,0.8464984223047919,1,0.3459226245882876,0.37614926328076553,0,1,172800,0.0,-1.4588525125113783,-319.8310636850062,-4.152593318948008,11.676884025039271,763.3033108806427,94.80074460475407,2.5,0.0,600.0,24.402609200640654,28.254821495743112,0,0,0
S7_p013_t003_s811508310,2026-09-29T17:15:00Z,S7,13,2,0,0,63b3ad84b8a78936758d1259289a4c6480ad205e218329c635bb080568942611,12000,16,1,180000,0.6816850803802526,1,0.31372121098688927,0.37662107669554673,0,1,172800,0.0,-3.306098281664856,-319.8412453223312,0.48628422266585003,48.94534778659049,178.72065137924272,22.196747459999187,0.8333333333333334,0.0,600.0,9.796529027375536,23.13986760524736,0,0,0
S7_p013_t004_s1152378489,2026-09-29T17:15:15Z,S7,13,2,0,0,a33ab8f5755ded410d4c7884c4e48747e4f7f4bed5d40258aef1a8e111319974,12000,16,1,180000,0.9511917261735865,1,0.4096904545533939,0.418668082892591,0,1,172800,0.0,-0.06685184895007411,-317.9833100686852,-23.067854534931676,0.020889529098174313,-0.04022669124787164,-0.004996074599603162,0.08333333333333333,0.0,600.0,22.373839515303022,12.498761002104054,0,0,0
S7_p014_t000_s169517745,2026-09-29T17:15:30Z,S7,14,2,0,0,8e11b9e7b345dd9392223314913dd808510332db61a5394c7ec3e4baad8b2941,12000,16,1,180000,0.9588394905241668,1,0.5289303694859407,0.5355012409278291,0,1,172800,0.0,-0.07439503386345755,-317.98275556417866,-24.835829700792416,0.04950668147439681,-0.05765860279996078,-0.00716108315054953,0.08333333333333333,0.0,600.0,23.444754166004888,14.051326290144821,0,1,0
S7_p014_t001_s1958578526,2026-09-29T17:15:45Z,S7,14,2,0,0,70242560343d019f8a0348a69ad2138ba4a9ffb16e0ffb28bc396b839ff525fc,12000,16,1,180000,0.9587232846584529,1,0.5290200611142478,0.5355012409278291,0,1,172800,0.0,-0.07312770094066791,-317.98276212664433,-24.801152102097358,0.047247233725295275,-0.06005840503402457,-0.007459133788415784,0.08333333333333333,0.0,600.0,23.39792470203779,14.1150536245587,0,1,0
S7_p014_t002_s300372675,2026-09-29T17:16:00Z,S7,14,2,0,0,b71955f5ca0547a81ebdda2c7908064eba381781c5df851796aa71ae5639656f,12000,16,1,180000,0.9586321656221983,1,0.5287846434486612,0.5333600952674142,0,1,172800,0.0,-0.07487001237863913,-317.9827740553671,-24.72023110951273,0.04554316923794662,-0.061904374585669206,-0.0076883995147909445,0.08333333333333333,0.0,600.0,37.07975776840456,14.12717829019896,0,1,0
S7_p014_t003_s1706399720,2026-09-29T17:16:15Z,S7,14,2,0,0,521750cb32885b517c44437716564c839d20a63b54a1c2c3c290787606bf07e8,12000,16,1,180000,0.9587243378514619,1,0.528186648419422,0.5339815998564005,0,1,172800,0.0,-0.07571195235328496,-317.98275707051107,-24.81014777054355,0.04748433623550269,-0.06557618830484145,-0.008144431435084698,0.08333333333333333,0.0,600.0,25.013284264163552,14.102567175782848,0,1,0
S7_p014_t004_s1200012924,2026-09-29T17:16:30Z,S7,14,2,0,0,a78e9b5cc1fe6eb965f0e5753f9f6c5292056595af5ba0298e20957d15bdd783,12000,16,1,180000,0.9586711441876258,1,0.5256650383406676,0.5339815998564005,0,1,172800,0.0,-0.0740753048280183,-317.9827673304214,-24.684088611434653,0.04435476615572722,-0.0601274845573983,-0.007467713327059755,0.08333333333333333,0.0,600.0,50.425698705180714,14.162300024234618,0,1,0
S7_p015_t000_s1755520088,2026-09-29T17:16:45Z,S7,15,2,0,0,e91d0de66913ce2ab6cba981c2fd19f5bcfacb6ccc4436104b77e574597f57f3,12000,16,1,180000,0.9579020749427313,1,0.5162021178834942,0.520557629727911,0,1,172800,0.0,-0.07043302801533112,-317.9828190645397,-24.62517232883984,0.03952117030230222,-0.05862977958355347,-0.007281701364718174,0.08333333333333333,0.0,600.0,19.942702832219855,14.972322792586601,0,1,0
S7_p015_t001_s1047827504,2026-09-29T17:17:00Z,S7,15,2,0,0,255d475978e45dffb9f36040230afe6c8f9ed165a99589a2d76d395015060b65,12000,16,1,180000,0.9581707591024727,1,0.5157307250840936,0.520557629727911,0,1,172800,0.0,-0.07087317012315661,-317.98279019346717,-24.693436559842432,0.03752753104332975,-0.058907110740113344,-0.007316145339700597,0.08333333333333333,0.0,600.0,21.937292422401878,14.822944659490256,0,1,0
S7_p015_t002_s1284285689,2026-09-29T17:17:15Z,S7,15,2,0,0,c882f8b411e163a4b69112fb369f34c73b050433b7ee7bd7a559c05d4492b9fb,12000,16,1,180000,0.9578591771195719,1,0.5132626554554279,0.5186439775608325,0,1,172800,0.0,-0.0701355791125663,-317.9828346919003,-24.58545282816207,0.030972839267019082,-0.05680515992536825,-0.007055087252410885,0.08333333333333333,0.0,600.0,9.672211289760693,14.731599620915874,0,1,0
S7_p015_t003_s734715196,2026-09-29T17:17:30Z,S7,15,2,0,0,78d18e953bb090c1d62eeb8f15564c9936fc8b41effe34de6ee413060f847727,12000,16,1,180000,0.9580373607031555,1,0.5165969097254719,0.519670351524659,0,1,172800,0.0,-0.07110767858012577,-317.98281520043383,-24.626737960790095,0.04088055968776824,-0.057605081265132585,-0.007154435882966936,0.08333333333333333,0.0,600.0,24.365471221526054,15.187920154859519,0,1,0
S7_p015_t004_s1450783488,2026-09-29T17:17:45Z,S7,15,2,0,0,221472530482292f03837706a8a526bd718fafa458149dbdb6532ba21a968a7b,12000,16,1,180000,0.9578061770286316,1,0.5152995105294634,0.519670351524659,0,1,172800,0.0,-0.0729617000744911,-317.98282792234085,-24.515056586732623,0.04021115374861787,-0.05815222274879373,-0.007222389760954684,0.08333333333333333,0.0,600.0,45.74812280659999,14.904677259632384,0,1,0
S7_p016_t000_s313172177,2026-09-29T17:18:15Z,S7,16,2,0,0,21d02e70c692d3b6eb7ef26f2713426fc15fc6f412cc1e6edc26f566717c2b04,12000,16,1,180000,0.8486045932976695,1,0.5054330794298488,0.5191460956900235,0,1,172800,0.0,-0.06063168205331053,-321.7916655878471,-29.571085293685456,0.05108943916357148,-1.7890433322830735e-05,-2.2219560378289316e-06,0.08333333333333333,0.0,600.0,85.61094773241541,6.332265629535685,0,1,0
S7_p016_t001_s95670008,2026-09-29T17:18:30Z,S7,16,2,0,0,afca05acd7ae03b2d13ae7283d96d4bb5eeed4b823254b68c0a5f5490148512d,12000,16,1,180000,0.8108297044458855,1,0.5059290460593359,0.5211593739572735,0,1,172800,0.0,-0.4924736876570275,-321.79176101931745,-9.752746075272416,32.61969971262584,-0.05547178420705904,-0.006889484654948319,0.9166666666666666,0.0,600.0,62.42731905083153,30.06469139573369,0,1,0
S7_p016_t002_s762227068,2026-09-29T17:18:45Z,S7,16,2,0,0,78db66ba8983c65d0f0580d59405b268c20c3717e1c6dda45992aae4f39ce0a9,12000,16,1,180000,0.8486082951504479,1,0.5063400185422238,0.5211593739572736,0,1,172800,0.0,-0.060501320813644836,-319.87499580521217,-29.52022959560678,0.05180359083328894,-0.0003683295586329885,-4.57457945230999e-05,0.08333333333333333,0.0,600.0,123.14744720632979,5.339946884340846,0,1,0
S7_p016_t003_s804352794,2026-09-29T17:19:00Z,S7,16,2,0,0,9b55c8393a1701e504740d9f0639450a5832861ed382a86d5af33e92a9064f2a,12000,16,1,180000,0.8483509865188764,1,0.5072173221724733,0.5214470255829986,0,1,172800,0.0,-0.060082075460451176,-319.874994470787,-29.457928271887237,0.03488107637977209,-0.00015393872270428864,-1.911888148242724e-05,0.08333333333333333,0.0,600.0,102.83577146379477,5.384505701694081,0,1,0
S7_p016_t004_s1354763437,2026-09-29T17:19:15Z,S7,16,2,0,0,808e99934863c900dd294e8cdc372097acb8b23054fabdcc3b69e8f4f75b185e,12000,16,1,180000,0.8483622662912991,1,0.5073374144140775,0.5214470255829986,0,1,172800,0.0,-0.060558957940015305,-319.87499492675005,-29.666224785027122,0.04582445009907837,-0.0002072202078451284,-2.573633537394926e-05,0.08333333333333333,0.0,600.0,98.21023008053999,5.789714638196606,0,1,0
S7_p017_t000_s1440417717,2026-09-29T17:19:30Z,S7,17,2,0,0,87214f1f2916282e3943c44c77a45b8dbd21c4153a449ec50576b11b042505e3,12000,16,1,180000,0.8472961604834756,1,0.5024280712862563,0.5129358880074271,0,1,172800,0.0,-0.059270520343594896,-319.8749957938556,-29.641878077834455,0.036746156165720155,0.0001742370783635682,2.1639896658598445e-05,0.08333333333333333,0.0,600.0,84.085152831852,6.098020960065248,0,1,0
S7_p017_t001_s1958295760,2026-09-29T17:19:45Z,S7,17,2,0,0,491ff6f200c3af788c9f948f5604afc65dd8d555b337ec7023771bd8be3889ef,12000,16,1,180000,0.8470045919607161,1,0.5037284929947711,0.5153969240471419,0,1,172800,0.0,-0.058533119347128335,-319.87499805466723,-29.707756003320984,0.05885314063152976,-0.0003605161410424614,-4.477538368519163e-05,0.08333333333333333,0.0,600.0,92.52736480859913,5.313760060751851,0,1,0
S7_p017_t002_s1141094124,2026-09-29T17:20:00Z,S7,17,2,0,0,538000cc6049dbcc3bcdc0fab32d4c5701ab2f20de006532db2757f1c274b749,12000,16,1,180000,0.8480390341663385,1,0.5036989564432373,0.5167923516845173,0,1,172800,0.0,-0.05800889543463882,-319.8749992830757,-29.6880193725889,0.050264615258444584,-0.0014441626931230587,-0.00017936211816049763,0.08333333333333333,0.0,600.0,107.71036828489319,6.450302831246918,0,1,0
S7_p017_t003_s678609270,2026-09-29T17:20:15Z,S7,17,2,0,0,a3e5dce50960cf6418694df4a0ed028b3424a755ff5bd92b249cd84dca974080,12000,16,1,180000,0.8473297796794242,1,0.5016401192625018,0.5167923516845172,0,1,172800,0.0,-0.058563436287823976,-319.87499762229044,-29.169685474684336,0.044831157534868694,-0.0004947519145007545,-6.144719827716472e-05,0.08333333333333333,0.0,600.0,155.1762142932608,6.017526867768836,0,1,0
S7_p017_t004_s2097649527,2026-09-29T17:20:30Z,S7,17,2,0,0,28e96a1ceef9d1bbf7cf55e0f761ecfceff7994268716ec375562ddc84d12043,12000,16,1,180000,0.8469288914843216,1,0.5000628437746533,0.516102839019976,0,1,172800,0.0,-0.058539946767333914,-319.8749968428747,-29.699522066763198,0.04858276820950917,-0.0009145697566099079,-0.00011358773463143734,0.08333333333333333,0.0,600.0,92.56252806490525,5.728913183845581,0,1,0
S7_p018_t000_s54616312,2026-09-29T17:20:45Z,S7,18,2,0,0,de939fd761bc146a60d953efe5a44497bad4fae3cabba9f23bef0c14633ec187,12000,16,1,180000,0.8479920228946006,1,0.5060568205012099,0.5214536280039387,0,1,172800,0.0,-0.057098032312883074,-319.87500097422344,-29.901320765552303,0.03179918407120616,0.00019185793223700068,2.382837146797101e-05,0.08333333333333333,0.0,600.0,58.93068578985945,6.205128360347136,0,1,0
S7_p018_t001_s952590612,2026-09-29T17:21:00Z,S7,18,2,0,0,cb85be2f15eaea165718f062a7d6738c27d58da77d3d50b893497b206f0e9fd2,12000,16,1,180000,0.8485391827865417,1,0.5080346433321445,0.5214536280039387,0,1,172800,0.0,-0.057174411243001634,-319.8749989338279,-30.04616872777804,0.03989714713521464,-0.0001380803654013707,-1.7149305222119438e-05,0.08333333333333333,0.0,600.0,36.72015060445893,5.455907035116531,0,1,0
S7_p018_t002_s42992291,2026-09-29T17:21:15Z,S7,18,2,0,0,70fc32d1b3970bdcf34fc54f241d92684b424399a652acc3c0ffb3bc8e6b5ca8,12000,16,1,180000,0.41797962289957113,1,0.2456623712877249,0.518290137308101,0,1,172800,0.0,-6.541370343203884,-319.88343661475665,5.380754083499242,57.00811793428783,1876.0371021290114,233.00005601021894,5.5,0.0,600.0,6.4646041700706816,21.907645056079584,0,1,0
S7_p018_t003_s1754123281,2026-09-29T17:21:30Z,S7,18,2,0,0,a3f7c57584c056729c063c53c072e192c506b328647a1925e203e727b4ce0f46,12000,16,1,180000,0.8474124640961811,1,0.5059709416497962,0.5199347640260285,0,1,172800,0.0,-0.056299459727922635,-300.4583327701651,-29.987143883908217,0.04346177024645334,0.00012114653526367417,1.5046157386677805e-05,0.08333333333333333,0.0,600.0,51.70872584041964,5.954129917596614,0,1,0
S7_p018_t004_s2136748643,2026-09-29T17:21:45Z,S7,18,2,0,0,9798f09ee086e904c1c107a7ec27d133a04862f3a3bfe3e9ccc76311d48fa10f,12000,16,1,180000,0.8472430716329487,1,0.5059627041697257,0.5199347640260283,0,1,172800,0.0,-0.05637725272127632,-300.45833252329976,-29.997256724503032,0.04771206012948648,-0.0005697808006788193,-7.076563588270801e-05,0.08333333333333333,0.0,600.0,42.352685478388246,6.016524064559325,0,1,0
S7_p019_t000_s2055416690,2026-09-29T17:22:00Z,S7,19,2,0,0,fd29d1941c29b42c087b736e2f23d521a2fd97178db680d6311478c26aa40bdc,12000,16,1,180000,0.8475859100522851,1,0.5086555584298736,0.5215612309893869,0,1,172800,0.0,-0.059868963335977736,-300.4583338007087,-30.028161831283363,0.03849258507942642,0.00017878044736366181,2.2204174001672072e-05,0.08333333333333333,0.0,600.0,31.301400717767603,5.638230235495217,0,1,0
S7_p019_t001_s2007325368,2026-09-29T17:22:15Z,S7,19,2,0,0,362a3761ac44a6eb3ec92242a3a42800194c7d56bf4e21ed4b2120978e5ef99c,12000,16,1,180000,0.8481950640674115,1,0.508913994579804,0.5215612309893868,0,1,172800,0.0,-0.0608136493865551,-300.45833170050537,-29.724829954486754,0.0517078249452417,-0.0002140692965471253,-2.6586978492559865e-05,0.08333333333333333,0.0,600.0,97.08724711361987,6.454822290681389,0,1,0
S7_p019_t002_s1837273558,2026-09-29T17:22:30Z,S7,19,2,0,0,9251bde6a39f3c2beaea40562ced7e3ec0824d3caaecc3045df4c32a2bf4343c,12000,16,1,180000,0.847962433221486,1,0.507313343869874,0.5203377358061028,0,1,172800,0.0,-0.060204885210035745,-300.45833137869704,-29.979697638494788,0.03925389692563465,7.012375653961725e-07,8.709230314707384e-08,0.08333333333333333,0.0,600.0,58.86815435300586,5.679094825453498,0,1,0
S7_p019_t003_s1703565559,2026-09-29T17:22:45Z,S7,19,2,0,0,0fa5a3af031141ec059085645b3729de3aa3928c337a7a7079cfb70c621f3d6f,12000,16,1,180000,0.8482295961719961,1,0.5072718118547541,0.5203377358061028,0,1,172800,0.0,-0.06035736872056752,-300.45833532718035,-29.927732105779064,0.04358292908395414,0.0001779297412371142,2.209851800216711e-05,0.08333333333333333,0.0,600.0,66.29179035488251,6.155887139226391,0,1,0
S7_p019_t004_s989415578,2026-09-29T17:23:00Z,S7,19,2,0,0,3f0af8de777a4f0653b5ea956287cd1ad29eb2328f7d79726909050f7f991606,12000,16,1,180000,0.8477523977978025,1,0.5067232963236656,0.5200752091190527,0,1,172800,0.0,-0.05878620129384875,-300.4583319116482,-29.925199692544627,0.04183529367897853,-0.0003543541017064962,-4.401007072374341e-05,0.08333333333333333,0.0,600.0,49.410372719505354,5.535906496174978,0,1,0
S7_p020_t000_s11753295,2026-09-29T17:23:30Z,S7,20,2,0,0,b0b63fd57cb92e32f352a7c8d138a3a4c32f006547a554428c388d6920aedc4d,12000,16,1,180000,0.9967780974864573,1,0.5243484781859274,0.5254288041486718,0,1,172800,0.0,-0.060140406294667256,-304.99999959603826,-30.016220459490796,0.04391003087327205,2.018648308034122e-05,2.507120825612219e-06,0.08333333333333333,0.0,600.0,62.32902924602931,5.645247739691954,0,1,0
S7_p020_t001_s127051996,2026-09-29T17:23:45Z,S7,20,2,0,0,d16a3e198e2d5b0da8f3263b519e93fb4738db11632ad58d6fb23139c7af4242,12000,16,1,180000,0.9966397509949579,1,0.524994208986404,0.5256669929855555,0,1,172800,0.0,-0.05925384229489694,-304.99999911663144,-29.852780174969872,0.05500177989004457,-0.00012656476877467867,-1.5719091152277542e-05,0.08333333333333333,0.0,600.0,97.6960544033854,6.283420767254136,0,1,0
S7_p020_t002_s1814410164,2026-09-29T17:24:00Z,S7,20,2,0,0,59b414ef3863aaff2bb90af6f87532bdb5621f95591923d1eaadc4fc6c6ab7c0,12000,16,1,180000,0.9967213792814511,1,0.5265647287156,0.5271756313819506,0,1,172800,0.0,-0.061209219887819945,-304.9999997466548,-29.736569023810844,0.04213164727456924,0.00011794516121963626,1.4648553133156383e-05,0.08333333333333333,0.0,600.0,101.11919287677924,5.9481021901164794,0,1,0
S7_p020_t003_s622957244,2026-09-29T17:24:15Z,S7,20,2,0,0,f463f81d262e58b8ada0cff0257e940ff8aee078ebea2d90f5f7ea204a39cee3,12000,16,1,180000,0.9966712125761238,1,0.5273835055272171,0.5282992499915897,0,1,172800,0.0,-0.05904725752768626,-305.0000007634426,-30.04878821677977,0.052827119576684754,0.00019091597859655234,2.3711382709734607e-05,0.08333333333333333,0.0,600.0,56.90155581777775,5.549545646795448,0,1,0
S7_p020_t004_s1019946476,2026-09-29T17:24:30Z,S7,20,2,0,0,c0aa231fb66da6814027ac5effe01134949852a6c0918d26f70ab21070af54d9,12000,16,1,180000,0.9965832824386506,1,0.5274435171266304,0.5282992499915897,0,1,172800,0.0,-0.05947277771692122,-304.9999994689042,-29.899599806368396,0.049017705782211644,-0.0001265226252457273,-1.571385701026884e-05,0.08333333333333333,0.0,600.0,77.191168988895,6.02261531299471,0,1,0
S8_p000_t000_s1451638557,2026-09-29T17:25:00Z,S8,0,12,0,0,2ce009ae63579dc2f034a5e99b5a544cef1964facc2a8641a458ef74b17942f9,12000,16,1,180000,0.9981887129603614,1,0.7794882729890922,0.7813339612689649,0,1,172800,0.0,-0.09095589600181699,-306.1666667164888,-29.416548244055654,0.10366197370789712,-0.00015443121981916196,-1.9180048639100278e-05,0.08333333333333333,0.0,600.0,88.59517036884066,15.657061391345007,0,1,0
S8_p000_t001_s686175255,2026-09-29T17:25:15Z,S8,0,12,0,0,744ecb8fc7a8399eecf67916f06baaabb2e28f19d64974cd955d59a9a7eb31fc,12000,16,1,180000,0.9982297986612678,1,0.7798274770197928,0.782031835052609,0,1,172800,0.0,-0.08883642162969606,-306.16666560214924,-29.479358852264816,0.08994012390463767,-0.00024844731459197243,-3.085665957769379e-05,0.08333333333333333,0.0,600.0,81.0617185298079,15.229715256426221,0,1,0
S8_p000_t002_s147853078,2026-09-29T17:25:30Z,S8,0,12,0,0,f254e76825e623f9be22d26836d3737a9b9dabe1f08acabb333156985053c825,12000,16,1,180000,0.998125373012153,1,0.7800465335541336,0.782031835052609,0,1,172800,0.0,-0.09053136812599451,-306.1666646613703,-29.463927376877095,0.08533109758971172,-0.0003278161714055107,-4.071411285622162e-05,0.08333333333333333,0.0,600.0,88.27345507272261,15.400818727754906,0,1,0
S8_p000_t003_s1651849846,2026-09-29T17:25:45Z,S8,0,12,0,0,3c6257da0912f2affcf37eff7f5cfdc80da0f42509f11e52bf6808cb890381eb,12000,16,1,180000,0.9981803787467516,1,0.7794254908177154,0.7812855341615296,0,1,172800,0.0,-0.08981106249226345,-306.1666647835191,-29.420620073155554,0.10714975207698799,-0.0003058629261411686,-3.7987563700880855e-05,0.08333333333333333,0.0,600.0,92.76910564031945,15.339577300971332,0,1,0
S8_p000_t004_s285589846,2026-09-29T17:26:00Z,S8,0,12,0,0,6d046fdf21c04b590673d8e1c7a38f7e6098726874214d07847fb4a16648341c,12000,16,1,180000,0.9981634752962586,1,0.7788459903884193,0.7807268557375117,0,1,172800,0.0,-0.08949990334913954,-306.16666622439095,-29.60696196870807,0.10157877720326752,-0.00021385099965780458,-2.6559866455500014e-05,0.08333333333333333,0.0,600.0,67.24609793126746,15.20156814108626,0,1,0
