scenario_id,part_index,trial_index,seed,appraiser,message_text,true_snr_db,true_dt_s,true_freq_hz,reported_snr_db,reported_dt_s,reported_freq_hz,matched,false_positive,cycle_utc
S4,0,0,1380025803,WSJT-X,CQ Q1ABC FN42,0.0,0.0,1500.0,1.0,-0.9,1500.0,True,False,2026-08-05T17:35:15Z
S4,0,1,1028796488,WSJT-X,CQ Q1ABC FN42,0.0,0.0,1500.0,1.0,-0.8,1500.0,True,False,2026-08-05T17:35:30Z
S4,0,2,1457782904,WSJT-X,CQ Q1ABC FN42,0.0,0.0,1500.0,1.0,-0.7,1500.0,True,False,2026-08-05T17:35:45Z
S4,1,0,1710814298,WSJT-X,CQ Q1ABC FN42,-12.0,0.0,300.0,-11.0,-0.4,300.0,True,False,2026-08-05T17:36:00Z
S4,1,0,1710814298,WSJT-X,Q4XYZ Q1ABC -07,-8.0,0.0,900.0,-7.0,-0.4,900.0,True,False,2026-08-05T17:36:00Z
S4,1,0,1710814298,WSJT-X,Q3PQR Q1ABC RR73,-5.0,0.0,1500.0,-4.0,-0.4,1500.0,True,False,2026-08-05T17:36:00Z
S4,1,0,1710814298,WSJT-X,Q1ABC Q4XYZ FN42,-3.0,0.0,2100.0,-2.0,-0.4,2100.0,True,False,2026-08-05T17:36:00Z
S4,1,0,1710814298,WSJT-X,Q5DEF Q1ABC +03,0.0,0.0,2700.0,1.0,-0.4,2700.0,True,False,2026-08-05T17:36:00Z
S4,1,1,1662193313,WSJT-X,CQ Q1ABC FN42,-12.0,0.0,300.0,-11.0,-0.9,300.0,True,False,2026-08-05T17:36:30Z
S4,1,1,1662193313,WSJT-X,Q4XYZ Q1ABC -07,-8.0,0.0,900.0,-7.0,-0.9,900.0,True,False,2026-08-05T17:36:30Z
S4,1,1,1662193313,WSJT-X,Q3PQR Q1ABC RR73,-5.0,0.0,1500.0,-4.0,-0.9,1500.0,True,False,2026-08-05T17:36:30Z
S4,1,1,1662193313,WSJT-X,Q1ABC Q4XYZ FN42,-3.0,0.0,2100.0,-2.0,-0.9,2100.0,True,False,2026-08-05T17:36:30Z
S4,1,1,1662193313,WSJT-X,Q5DEF Q1ABC +03,0.0,0.0,2700.0,1.0,-0.9,2700.0,True,False,2026-08-05T17:36:30Z
S4,1,2,196226190,WSJT-X,CQ Q1ABC FN42,-12.0,0.0,300.0,-11.0,-0.6,300.0,True,False,2026-08-05T17:36:45Z
S4,1,2,196226190,WSJT-X,Q4XYZ Q1ABC -07,-8.0,0.0,900.0,-7.0,-0.6,900.0,True,False,2026-08-05T17:36:45Z
S4,1,2,196226190,WSJT-X,Q3PQR Q1ABC RR73,-5.0,0.0,1500.0,-4.0,-0.6,1500.0,True,False,2026-08-05T17:36:45Z
S4,1,2,196226190,WSJT-X,Q1ABC Q4XYZ FN42,-3.0,0.0,2100.0,-2.0,-0.6,2100.0,True,False,2026-08-05T17:36:45Z
S4,1,2,196226190,WSJT-X,Q5DEF Q1ABC +03,0.0,0.0,2700.0,1.0,-0.6,2700.0,True,False,2026-08-05T17:36:45Z
S4,2,0,139150452,WSJT-X,CQ Q1ABC FN42,-15.0,0.0,300.0,-14.0,-0.9,300.0,True,False,2026-08-05T17:37:15Z
S4,2,0,139150452,WSJT-X,Q4XYZ Q1ABC -07,-12.0,0.0,566.6666666666667,-11.0,-0.9,567.0,True,False,2026-08-05T17:37:15Z
S4,2,0,139150452,WSJT-X,Q3PQR Q1ABC RR73,-10.0,0.0,833.3333333333334,-9.0,-0.9,833.0,True,False,2026-08-05T17:37:15Z
S4,2,0,139150452,WSJT-X,Q1ABC Q4XYZ FN42,-8.0,0.0,1100.0,-7.0,-0.9,1100.0,True,False,2026-08-05T17:37:15Z
S4,2,0,139150452,WSJT-X,Q5DEF Q1ABC +03,-5.0,0.0,1366.6666666666667,-4.0,-0.9,1367.0,True,False,2026-08-05T17:37:15Z
S4,2,0,139150452,WSJT-X,Q1DEF Q1ABC DM79,-3.0,0.0,1633.3333333333333,-2.0,-0.9,1633.0,True,False,2026-08-05T17:37:15Z
S4,2,0,139150452,WSJT-X,Q1ABC Q5DEF 73,-1.0,0.0,1900.0,0.0,-0.9,1900.0,True,False,2026-08-05T17:37:15Z
S4,2,0,139150452,WSJT-X,Q4XYZ Q3PQR -15,0.0,0.0,2166.666666666667,1.0,-0.9,2167.0,True,False,2026-08-05T17:37:15Z
S4,2,0,139150452,WSJT-X,Q1JKL Q1ABC PM85,2.0,0.0,2433.3333333333335,3.0,-0.9,2433.0,True,False,2026-08-05T17:37:15Z
S4,2,0,139150452,WSJT-X,Q1ABC Q1DEF -05,3.0,0.0,2700.0,4.0,-0.9,2700.0,True,False,2026-08-05T17:37:15Z
S4,2,1,1124369827,WSJT-X,CQ Q1ABC FN42,-15.0,0.0,300.0,-14.0,-0.9,300.0,True,False,2026-08-05T17:37:45Z
S4,2,1,1124369827,WSJT-X,Q4XYZ Q1ABC -07,-12.0,0.0,566.6666666666667,-11.0,-0.9,567.0,True,False,2026-08-05T17:37:45Z
S4,2,1,1124369827,WSJT-X,Q3PQR Q1ABC RR73,-10.0,0.0,833.3333333333334,-9.0,-0.9,833.0,True,False,2026-08-05T17:37:45Z
S4,2,1,1124369827,WSJT-X,Q1ABC Q4XYZ FN42,-8.0,0.0,1100.0,-7.0,-0.9,1100.0,True,False,2026-08-05T17:37:45Z
S4,2,1,1124369827,WSJT-X,Q5DEF Q1ABC +03,-5.0,0.0,1366.6666666666667,-4.0,-0.9,1367.0,True,False,2026-08-05T17:37:45Z
S4,2,1,1124369827,WSJT-X,Q1DEF Q1ABC DM79,-3.0,0.0,1633.3333333333333,-2.0,-0.9,1633.0,True,False,2026-08-05T17:37:45Z
S4,2,1,1124369827,WSJT-X,Q1ABC Q5DEF 73,-1.0,0.0,1900.0,0.0,-0.9,1900.0,True,False,2026-08-05T17:37:45Z
S4,2,1,1124369827,WSJT-X,Q4XYZ Q3PQR -15,0.0,0.0,2166.666666666667,1.0,-0.9,2167.0,True,False,2026-08-05T17:37:45Z
S4,2,1,1124369827,WSJT-X,Q1JKL Q1ABC PM85,2.0,0.0,2433.3333333333335,3.0,-0.9,2433.0,True,False,2026-08-05T17:37:45Z
S4,2,1,1124369827,WSJT-X,Q1ABC Q1DEF -05,3.0,0.0,2700.0,4.0,-0.9,2700.0,True,False,2026-08-05T17:37:45Z
S4,2,2,820497043,WSJT-X,CQ Q1ABC FN42,-15.0,0.0,300.0,-14.0,-0.9,300.0,True,False,2026-08-05T17:38:15Z
S4,2,2,820497043,WSJT-X,Q4XYZ Q1ABC -07,-12.0,0.0,566.6666666666667,-11.0,-0.9,567.0,True,False,2026-08-05T17:38:15Z
S4,2,2,820497043,WSJT-X,Q3PQR Q1ABC RR73,-10.0,0.0,833.3333333333334,-9.0,-0.9,833.0,True,False,2026-08-05T17:38:15Z
S4,2,2,820497043,WSJT-X,Q1ABC Q4XYZ FN42,-8.0,0.0,1100.0,-8.0,-0.9,1100.0,True,False,2026-08-05T17:38:15Z
S4,2,2,820497043,WSJT-X,Q5DEF Q1ABC +03,-5.0,0.0,1366.6666666666667,-4.0,-0.9,1367.0,True,False,2026-08-05T17:38:15Z
S4,2,2,820497043,WSJT-X,Q1DEF Q1ABC DM79,-3.0,0.0,1633.3333333333333,-2.0,-0.9,1633.0,True,False,2026-08-05T17:38:15Z
S4,2,2,820497043,WSJT-X,Q1ABC Q5DEF 73,-1.0,0.0,1900.0,0.0,-0.9,1900.0,True,False,2026-08-05T17:38:15Z
S4,2,2,820497043,WSJT-X,Q4XYZ Q3PQR -15,0.0,0.0,2166.666666666667,1.0,-0.9,2167.0,True,False,2026-08-05T17:38:15Z
S4,2,2,820497043,WSJT-X,Q1JKL Q1ABC PM85,2.0,0.0,2433.3333333333335,3.0,-0.9,2433.0,True,False,2026-08-05T17:38:15Z
S4,2,2,820497043,WSJT-X,Q1ABC Q1DEF -05,3.0,0.0,2700.0,4.0,-0.9,2700.0,True,False,2026-08-05T17:38:15Z
S4,3,0,11459573,WSJT-X,CQ Q1ABC FN42,-24.0,0.0,300.0,,,,False,False,2026-08-05T17:38:45Z
S4,3,0,11459573,WSJT-X,Q4XYZ Q1ABC -07,-21.0,0.0,426.3157894736842,,,,False,False,2026-08-05T17:38:45Z
S4,3,0,11459573,WSJT-X,Q3PQR Q1ABC RR73,-18.0,0.0,552.6315789473684,,,,False,False,2026-08-05T17:38:45Z
S4,3,0,11459573,WSJT-X,Q1ABC Q4XYZ FN42,-15.0,0.0,678.9473684210527,-14.0,-0.9,679.0,True,False,2026-08-05T17:38:45Z
S4,3,0,11459573,WSJT-X,Q5DEF Q1ABC +03,-12.0,0.0,805.2631578947369,,,,False,False,2026-08-05T17:38:45Z
S4,3,0,11459573,WSJT-X,Q1DEF Q1ABC DM79,-9.0,0.0,931.578947368421,-8.0,-0.9,932.0,True,False,2026-08-05T17:38:45Z
S4,3,0,11459573,WSJT-X,Q1ABC Q5DEF 73,-6.0,0.0,1057.8947368421054,,,,False,False,2026-08-05T17:38:45Z
S4,3,0,11459573,WSJT-X,Q4XYZ Q3PQR -15,-3.0,0.0,1184.2105263157896,-3.0,-0.9,1184.0,True,False,2026-08-05T17:38:45Z
S4,3,0,11459573,WSJT-X,Q1JKL Q1ABC PM85,0.0,0.0,1310.5263157894738,1.0,-0.9,1310.0,True,False,2026-08-05T17:38:45Z
S4,3,0,11459573,WSJT-X,Q1ABC Q1DEF -05,3.0,0.0,1436.842105263158,,,,False,False,2026-08-05T17:38:45Z
S4,3,0,11459573,WSJT-X,CQ Q1ABC FN42,-24.0,0.0,1563.157894736842,,,,False,False,2026-08-05T17:38:45Z
S4,3,0,11459573,WSJT-X,Q4XYZ Q1ABC -07,-21.0,0.0,1689.4736842105262,-19.0,-0.9,1690.0,True,False,2026-08-05T17:38:45Z
S4,3,0,11459573,WSJT-X,Q3PQR Q1ABC RR73,-18.0,0.0,1815.7894736842106,-18.0,-0.9,1816.0,True,False,2026-08-05T17:38:45Z
S4,3,0,11459573,WSJT-X,Q1ABC Q4XYZ FN42,-15.0,0.0,1942.1052631578948,,,,False,False,2026-08-05T17:38:45Z
S4,3,0,11459573,WSJT-X,Q5DEF Q1ABC +03,-12.0,0.0,2068.421052631579,-11.0,-0.9,2069.0,True,False,2026-08-05T17:38:45Z
S4,3,0,11459573,WSJT-X,Q1DEF Q1ABC DM79,-9.0,0.0,2194.7368421052633,,,,False,False,2026-08-05T17:38:45Z
S4,3,0,11459573,WSJT-X,Q1ABC Q5DEF 73,-6.0,0.0,2321.0526315789475,-5.0,-0.9,2321.0,True,False,2026-08-05T17:38:45Z
S4,3,0,11459573,WSJT-X,Q4XYZ Q3PQR -15,-3.0,0.0,2447.3684210526317,,,,False,False,2026-08-05T17:38:45Z
S4,3,0,11459573,WSJT-X,Q1JKL Q1ABC PM85,0.0,0.0,2573.684210526316,,,,False,False,2026-08-05T17:38:45Z
S4,3,0,11459573,WSJT-X,Q1ABC Q1DEF -05,3.0,0.0,2700.0,4.0,-0.9,2700.0,True,False,2026-08-05T17:38:45Z
S4,3,1,1313953807,WSJT-X,CQ Q1ABC FN42,-24.0,0.0,300.0,,,,False,False,2026-08-05T17:39:15Z
S4,3,1,1313953807,WSJT-X,Q4XYZ Q1ABC -07,-21.0,0.0,426.3157894736842,,,,False,False,2026-08-05T17:39:15Z
S4,3,1,1313953807,WSJT-X,Q3PQR Q1ABC RR73,-18.0,0.0,552.6315789473684,,,,False,False,2026-08-05T17:39:15Z
S4,3,1,1313953807,WSJT-X,Q1ABC Q4XYZ FN42,-15.0,0.0,678.9473684210527,-14.0,-0.9,679.0,True,False,2026-08-05T17:39:15Z
S4,3,1,1313953807,WSJT-X,Q5DEF Q1ABC +03,-12.0,0.0,805.2631578947369,,,,False,False,2026-08-05T17:39:15Z
S4,3,1,1313953807,WSJT-X,Q1DEF Q1ABC DM79,-9.0,0.0,931.578947368421,-8.0,-0.9,932.0,True,False,2026-08-05T17:39:15Z
S4,3,1,1313953807,WSJT-X,Q1ABC Q5DEF 73,-6.0,0.0,1057.8947368421054,,,,False,False,2026-08-05T17:39:15Z
S4,3,1,1313953807,WSJT-X,Q4XYZ Q3PQR -15,-3.0,0.0,1184.2105263157896,-3.0,-0.9,1184.0,True,False,2026-08-05T17:39:15Z
S4,3,1,1313953807,WSJT-X,Q1JKL Q1ABC PM85,0.0,0.0,1310.5263157894738,0.0,-0.9,1310.0,True,False,2026-08-05T17:39:15Z
S4,3,1,1313953807,WSJT-X,Q1ABC Q1DEF -05,3.0,0.0,1436.842105263158,,,,False,False,2026-08-05T17:39:15Z
S4,3,1,1313953807,WSJT-X,CQ Q1ABC FN42,-24.0,0.0,1563.157894736842,,,,False,False,2026-08-05T17:39:15Z
S4,3,1,1313953807,WSJT-X,Q4XYZ Q1ABC -07,-21.0,0.0,1689.4736842105262,-20.0,-0.9,1689.0,True,False,2026-08-05T17:39:15Z
S4,3,1,1313953807,WSJT-X,Q3PQR Q1ABC RR73,-18.0,0.0,1815.7894736842106,-17.0,-0.9,1816.0,True,False,2026-08-05T17:39:15Z
S4,3,1,1313953807,WSJT-X,Q1ABC Q4XYZ FN42,-15.0,0.0,1942.1052631578948,,,,False,False,2026-08-05T17:39:15Z
S4,3,1,1313953807,WSJT-X,Q5DEF Q1ABC +03,-12.0,0.0,2068.421052631579,-11.0,-0.9,2068.0,True,False,2026-08-05T17:39:15Z
S4,3,1,1313953807,WSJT-X,Q1DEF Q1ABC DM79,-9.0,0.0,2194.7368421052633,,,,False,False,2026-08-05T17:39:15Z
S4,3,1,1313953807,WSJT-X,Q1ABC Q5DEF 73,-6.0,0.0,2321.0526315789475,-5.0,-0.9,2321.0,True,False,2026-08-05T17:39:15Z
S4,3,1,1313953807,WSJT-X,Q4XYZ Q3PQR -15,-3.0,0.0,2447.3684210526317,,,,False,False,2026-08-05T17:39:15Z
S4,3,1,1313953807,WSJT-X,Q1JKL Q1ABC PM85,0.0,0.0,2573.684210526316,,,,False,False,2026-08-05T17:39:15Z
S4,3,1,1313953807,WSJT-X,Q1ABC Q1DEF -05,3.0,0.0,2700.0,4.0,-0.9,2700.0,True,False,2026-08-05T17:39:15Z
S4,3,2,205499031,WSJT-X,CQ Q1ABC FN42,-24.0,0.0,300.0,,,,False,False,2026-08-05T17:39:45Z
S4,3,2,205499031,WSJT-X,Q4XYZ Q1ABC -07,-21.0,0.0,426.3157894736842,-20.0,-0.9,427.0,True,False,2026-08-05T17:39:45Z
S4,3,2,205499031,WSJT-X,Q3PQR Q1ABC RR73,-18.0,0.0,552.6315789473684,,,,False,False,2026-08-05T17:39:45Z
S4,3,2,205499031,WSJT-X,Q1ABC Q4XYZ FN42,-15.0,0.0,678.9473684210527,-14.0,-0.9,679.0,True,False,2026-08-05T17:39:45Z
S4,3,2,205499031,WSJT-X,Q5DEF Q1ABC +03,-12.0,0.0,805.2631578947369,,,,False,False,2026-08-05T17:39:45Z
S4,3,2,205499031,WSJT-X,Q1DEF Q1ABC DM79,-9.0,0.0,931.578947368421,-8.0,-0.9,932.0,True,False,2026-08-05T17:39:45Z
S4,3,2,205499031,WSJT-X,Q1ABC Q5DEF 73,-6.0,0.0,1057.8947368421054,,,,False,False,2026-08-05T17:39:45Z
S4,3,2,205499031,WSJT-X,Q4XYZ Q3PQR -15,-3.0,0.0,1184.2105263157896,-2.0,-0.9,1184.0,True,False,2026-08-05T17:39:45Z
S4,3,2,205499031,WSJT-X,Q1JKL Q1ABC PM85,0.0,0.0,1310.5263157894738,1.0,-0.9,1310.0,True,False,2026-08-05T17:39:45Z
S4,3,2,205499031,WSJT-X,Q1ABC Q1DEF -05,3.0,0.0,1436.842105263158,,,,False,False,2026-08-05T17:39:45Z
S4,3,2,205499031,WSJT-X,CQ Q1ABC FN42,-24.0,0.0,1563.157894736842,,,,False,False,2026-08-05T17:39:45Z
S4,3,2,205499031,WSJT-X,Q4XYZ Q1ABC -07,-21.0,0.0,1689.4736842105262,,,,False,False,2026-08-05T17:39:45Z
S4,3,2,205499031,WSJT-X,Q3PQR Q1ABC RR73,-18.0,0.0,1815.7894736842106,-17.0,-0.9,1816.0,True,False,2026-08-05T17:39:45Z
S4,3,2,205499031,WSJT-X,Q1ABC Q4XYZ FN42,-15.0,0.0,1942.1052631578948,,,,False,False,2026-08-05T17:39:45Z
S4,3,2,205499031,WSJT-X,Q5DEF Q1ABC +03,-12.0,0.0,2068.421052631579,-11.0,-0.9,2068.0,True,False,2026-08-05T17:39:45Z
S4,3,2,205499031,WSJT-X,Q1DEF Q1ABC DM79,-9.0,0.0,2194.7368421052633,,,,False,False,2026-08-05T17:39:45Z
S4,3,2,205499031,WSJT-X,Q1ABC Q5DEF 73,-6.0,0.0,2321.0526315789475,-5.0,-0.9,2321.0,True,False,2026-08-05T17:39:45Z
S4,3,2,205499031,WSJT-X,Q4XYZ Q3PQR -15,-3.0,0.0,2447.3684210526317,,,,False,False,2026-08-05T17:39:45Z
S4,3,2,205499031,WSJT-X,Q1JKL Q1ABC PM85,0.0,0.0,2573.684210526316,,,,False,False,2026-08-05T17:39:45Z
S4,3,2,205499031,WSJT-X,Q1ABC Q1DEF -05,3.0,0.0,2700.0,3.0,-0.9,2700.0,True,False,2026-08-05T17:39:45Z
S4,4,0,984663940,WSJT-X,CQ Q1ABC FN42,-24.0,0.0,300.0,,,,False,False,2026-08-05T17:40:15Z
S4,4,0,984663940,WSJT-X,Q4XYZ Q1ABC -07,-21.0,0.0,382.7586206896552,,,,False,False,2026-08-05T17:40:15Z
S4,4,0,984663940,WSJT-X,Q3PQR Q1ABC RR73,-18.0,0.0,465.51724137931035,-17.0,-0.9,466.0,True,False,2026-08-05T17:40:15Z
S4,4,0,984663940,WSJT-X,Q1ABC Q4XYZ FN42,-15.0,0.0,548.2758620689656,,,,False,False,2026-08-05T17:40:15Z
S4,4,0,984663940,WSJT-X,Q5DEF Q1ABC +03,-12.0,0.0,631.0344827586207,-11.0,-0.9,631.0,True,False,2026-08-05T17:40:15Z
S4,4,0,984663940,WSJT-X,Q1DEF Q1ABC DM79,-9.0,0.0,713.7931034482758,,,,False,False,2026-08-05T17:40:15Z
S4,4,0,984663940,WSJT-X,Q1ABC Q5DEF 73,-6.0,0.0,796.551724137931,-6.0,-0.9,797.0,True,False,2026-08-05T17:40:15Z
S4,4,0,984663940,WSJT-X,Q4XYZ Q3PQR -15,-3.0,0.0,879.3103448275862,,,,False,False,2026-08-05T17:40:15Z
S4,4,0,984663940,WSJT-X,Q1JKL Q1ABC PM85,0.0,0.0,962.0689655172414,0.0,-0.9,962.0,True,False,2026-08-05T17:40:15Z
S4,4,0,984663940,WSJT-X,Q1ABC Q1DEF -05,3.0,0.0,1044.8275862068965,,,,False,False,2026-08-05T17:40:15Z
S4,4,0,984663940,WSJT-X,CQ Q1ABC FN42,-24.0,0.0,1127.5862068965516,,,,False,False,2026-08-05T17:40:15Z
S4,4,0,984663940,WSJT-X,Q4XYZ Q1ABC -07,-21.0,0.0,1210.344827586207,,,,False,False,2026-08-05T17:40:15Z
S4,4,0,984663940,WSJT-X,Q3PQR Q1ABC RR73,-18.0,0.0,1293.103448275862,,,,False,False,2026-08-05T17:40:15Z
S4,4,0,984663940,WSJT-X,Q1ABC Q4XYZ FN42,-15.0,0.0,1375.8620689655172,,,,False,False,2026-08-05T17:40:15Z
S4,4,0,984663940,WSJT-X,Q5DEF Q1ABC +03,-12.0,0.0,1458.6206896551723,,,,False,False,2026-08-05T17:40:15Z
S4,4,0,984663940,WSJT-X,Q1DEF Q1ABC DM79,-9.0,0.0,1541.3793103448277,,,,False,False,2026-08-05T17:40:15Z
S4,4,0,984663940,WSJT-X,Q1ABC Q5DEF 73,-6.0,0.0,1624.1379310344828,,,,False,False,2026-08-05T17:40:15Z
S4,4,0,984663940,WSJT-X,Q4XYZ Q3PQR -15,-3.0,0.0,1706.896551724138,,,,False,False,2026-08-05T17:40:15Z
S4,4,0,984663940,WSJT-X,Q1JKL Q1ABC PM85,0.0,0.0,1789.655172413793,,,,False,False,2026-08-05T17:40:15Z
S4,4,0,984663940,WSJT-X,Q1ABC Q1DEF -05,3.0,0.0,1872.4137931034484,,,,False,False,2026-08-05T17:40:15Z
S4,4,0,984663940,WSJT-X,CQ Q1ABC FN42,-24.0,0.0,1955.1724137931035,,,,False,False,2026-08-05T17:40:15Z
S4,4,0,984663940,WSJT-X,Q4XYZ Q1ABC -07,-21.0,0.0,2037.9310344827586,-20.0,-0.9,2038.0,True,False,2026-08-05T17:40:15Z
S4,4,0,984663940,WSJT-X,Q3PQR Q1ABC RR73,-18.0,0.0,2120.689655172414,,,,False,False,2026-08-05T17:40:15Z
S4,4,0,984663940,WSJT-X,Q1ABC Q4XYZ FN42,-15.0,0.0,2203.448275862069,-14.0,-0.9,2204.0,True,False,2026-08-05T17:40:15Z
S4,4,0,984663940,WSJT-X,Q5DEF Q1ABC +03,-12.0,0.0,2286.206896551724,,,,False,False,2026-08-05T17:40:15Z
S4,4,0,984663940,WSJT-X,Q1DEF Q1ABC DM79,-9.0,0.0,2368.9655172413795,-8.0,-0.9,2369.0,True,False,2026-08-05T17:40:15Z
S4,4,0,984663940,WSJT-X,Q1ABC Q5DEF 73,-6.0,0.0,2451.7241379310344,,,,False,False,2026-08-05T17:40:15Z
S4,4,0,984663940,WSJT-X,Q4XYZ Q3PQR -15,-3.0,0.0,2534.4827586206898,-2.0,-0.9,2534.0,True,False,2026-08-05T17:40:15Z
S4,4,0,984663940,WSJT-X,Q1JKL Q1ABC PM85,0.0,0.0,2617.2413793103447,,,,False,False,2026-08-05T17:40:15Z
S4,4,0,984663940,WSJT-X,Q1ABC Q1DEF -05,3.0,0.0,2700.0,4.0,-0.9,2700.0,True,False,2026-08-05T17:40:15Z
S4,4,1,484615558,WSJT-X,CQ Q1ABC FN42,-24.0,0.0,300.0,,,,False,False,2026-08-05T17:40:45Z
S4,4,1,484615558,WSJT-X,Q4XYZ Q1ABC -07,-21.0,0.0,382.7586206896552,,,,False,False,2026-08-05T17:40:45Z
S4,4,1,484615558,WSJT-X,Q3PQR Q1ABC RR73,-18.0,0.0,465.51724137931035,,,,False,False,2026-08-05T17:40:45Z
S4,4,1,484615558,WSJT-X,Q1ABC Q4XYZ FN42,-15.0,0.0,548.2758620689656,,,,False,False,2026-08-05T17:40:45Z
S4,4,1,484615558,WSJT-X,Q5DEF Q1ABC +03,-12.0,0.0,631.0344827586207,-11.0,-0.9,631.0,True,False,2026-08-05T17:40:45Z
S4,4,1,484615558,WSJT-X,Q1DEF Q1ABC DM79,-9.0,0.0,713.7931034482758,,,,False,False,2026-08-05T17:40:45Z
S4,4,1,484615558,WSJT-X,Q1ABC Q5DEF 73,-6.0,0.0,796.551724137931,-5.0,-0.9,796.0,True,False,2026-08-05T17:40:45Z
S4,4,1,484615558,WSJT-X,Q4XYZ Q3PQR -15,-3.0,0.0,879.3103448275862,,,,False,False,2026-08-05T17:40:45Z
S4,4,1,484615558,WSJT-X,Q1JKL Q1ABC PM85,0.0,0.0,962.0689655172414,0.0,-0.9,962.0,True,False,2026-08-05T17:40:45Z
S4,4,1,484615558,WSJT-X,Q1ABC Q1DEF -05,3.0,0.0,1044.8275862068965,,,,False,False,2026-08-05T17:40:45Z
S4,4,1,484615558,WSJT-X,CQ Q1ABC FN42,-24.0,0.0,1127.5862068965516,,,,False,False,2026-08-05T17:40:45Z
S4,4,1,484615558,WSJT-X,Q4XYZ Q1ABC -07,-21.0,0.0,1210.344827586207,-20.0,-0.9,1210.0,True,False,2026-08-05T17:40:45Z
S4,4,1,484615558,WSJT-X,Q3PQR Q1ABC RR73,-18.0,0.0,1293.103448275862,-18.0,-0.9,1293.0,True,False,2026-08-05T17:40:45Z
S4,4,1,484615558,WSJT-X,Q1ABC Q4XYZ FN42,-15.0,0.0,1375.8620689655172,,,,False,False,2026-08-05T17:40:45Z
S4,4,1,484615558,WSJT-X,Q5DEF Q1ABC +03,-12.0,0.0,1458.6206896551723,,,,False,False,2026-08-05T17:40:45Z
S4,4,1,484615558,WSJT-X,Q1DEF Q1ABC DM79,-9.0,0.0,1541.3793103448277,,,,False,False,2026-08-05T17:40:45Z
S4,4,1,484615558,WSJT-X,Q1ABC Q5DEF 73,-6.0,0.0,1624.1379310344828,,,,False,False,2026-08-05T17:40:45Z
S4,4,1,484615558,WSJT-X,Q4XYZ Q3PQR -15,-3.0,0.0,1706.896551724138,,,,False,False,2026-08-05T17:40:45Z
S4,4,1,484615558,WSJT-X,Q1JKL Q1ABC PM85,0.0,0.0,1789.655172413793,,,,False,False,2026-08-05T17:40:45Z
S4,4,1,484615558,WSJT-X,Q1ABC Q1DEF -05,3.0,0.0,1872.4137931034484,,,,False,False,2026-08-05T17:40:45Z
S4,4,1,484615558,WSJT-X,CQ Q1ABC FN42,-24.0,0.0,1955.1724137931035,,,,False,False,2026-08-05T17:40:45Z
S4,4,1,484615558,WSJT-X,Q4XYZ Q1ABC -07,-21.0,0.0,2037.9310344827586,,,,False,False,2026-08-05T17:40:45Z
S4,4,1,484615558,WSJT-X,Q3PQR Q1ABC RR73,-18.0,0.0,2120.689655172414,,,,False,False,2026-08-05T17:40:45Z
S4,4,1,484615558,WSJT-X,Q1ABC Q4XYZ FN42,-15.0,0.0,2203.448275862069,-14.0,-0.9,2204.0,True,False,2026-08-05T17:40:45Z
S4,4,1,484615558,WSJT-X,Q5DEF Q1ABC +03,-12.0,0.0,2286.206896551724,,,,False,False,2026-08-05T17:40:45Z
S4,4,1,484615558,WSJT-X,Q1DEF Q1ABC DM79,-9.0,0.0,2368.9655172413795,-8.0,-0.9,2369.0,True,False,2026-08-05T17:40:45Z
S4,4,1,484615558,WSJT-X,Q1ABC Q5DEF 73,-6.0,0.0,2451.7241379310344,,,,False,False,2026-08-05T17:40:45Z
S4,4,1,484615558,WSJT-X,Q4XYZ Q3PQR -15,-3.0,0.0,2534.4827586206898,-2.0,-0.9,2534.0,True,False,2026-08-05T17:40:45Z
S4,4,1,484615558,WSJT-X,Q1JKL Q1ABC PM85,0.0,0.0,2617.2413793103447,,,,False,False,2026-08-05T17:40:45Z
S4,4,1,484615558,WSJT-X,Q1ABC Q1DEF -05,3.0,0.0,2700.0,4.0,-0.9,2700.0,True,False,2026-08-05T17:40:45Z
S4,4,2,330630277,WSJT-X,CQ Q1ABC FN42,-24.0,0.0,300.0,,,,False,False,2026-08-05T17:41:15Z
S4,4,2,330630277,WSJT-X,Q4XYZ Q1ABC -07,-21.0,0.0,382.7586206896552,,,,False,False,2026-08-05T17:41:15Z
S4,4,2,330630277,WSJT-X,Q3PQR Q1ABC RR73,-18.0,0.0,465.51724137931035,-17.0,-0.9,466.0,True,False,2026-08-05T17:41:15Z
S4,4,2,330630277,WSJT-X,Q1ABC Q4XYZ FN42,-15.0,0.0,548.2758620689656,,,,False,False,2026-08-05T17:41:15Z
S4,4,2,330630277,WSJT-X,Q5DEF Q1ABC +03,-12.0,0.0,631.0344827586207,-11.0,-0.9,631.0,True,False,2026-08-05T17:41:15Z
S4,4,2,330630277,WSJT-X,Q1DEF Q1ABC DM79,-9.0,0.0,713.7931034482758,,,,False,False,2026-08-05T17:41:15Z
S4,4,2,330630277,WSJT-X,Q1ABC Q5DEF 73,-6.0,0.0,796.551724137931,-5.0,-0.9,796.0,True,False,2026-08-05T17:41:15Z
S4,4,2,330630277,WSJT-X,Q4XYZ Q3PQR -15,-3.0,0.0,879.3103448275862,,,,False,False,2026-08-05T17:41:15Z
S4,4,2,330630277,WSJT-X,Q1JKL Q1ABC PM85,0.0,0.0,962.0689655172414,0.0,-0.9,962.0,True,False,2026-08-05T17:41:15Z
S4,4,2,330630277,WSJT-X,Q1ABC Q1DEF -05,3.0,0.0,1044.8275862068965,,,,False,False,2026-08-05T17:41:15Z
S4,4,2,330630277,WSJT-X,CQ Q1ABC FN42,-24.0,0.0,1127.5862068965516,,,,False,False,2026-08-05T17:41:15Z
S4,4,2,330630277,WSJT-X,Q4XYZ Q1ABC -07,-21.0,0.0,1210.344827586207,-21.0,-0.9,1210.0,True,False,2026-08-05T17:41:15Z
S4,4,2,330630277,WSJT-X,Q3PQR Q1ABC RR73,-18.0,0.0,1293.103448275862,,,,False,False,2026-08-05T17:41:15Z
S4,4,2,330630277,WSJT-X,Q1ABC Q4XYZ FN42,-15.0,0.0,1375.8620689655172,-14.0,-0.9,1376.0,True,False,2026-08-05T17:41:15Z
S4,4,2,330630277,WSJT-X,Q5DEF Q1ABC +03,-12.0,0.0,1458.6206896551723,,,,False,False,2026-08-05T17:41:15Z
S4,4,2,330630277,WSJT-X,Q1DEF Q1ABC DM79,-9.0,0.0,1541.3793103448277,,,,False,False,2026-08-05T17:41:15Z
S4,4,2,330630277,WSJT-X,Q1ABC Q5DEF 73,-6.0,0.0,1624.1379310344828,,,,False,False,2026-08-05T17:41:15Z
S4,4,2,330630277,WSJT-X,Q4XYZ Q3PQR -15,-3.0,0.0,1706.896551724138,,,,False,False,2026-08-05T17:41:15Z
S4,4,2,330630277,WSJT-X,Q1JKL Q1ABC PM85,0.0,0.0,1789.655172413793,,,,False,False,2026-08-05T17:41:15Z
S4,4,2,330630277,WSJT-X,Q1ABC Q1DEF -05,3.0,0.0,1872.4137931034484,,,,False,False,2026-08-05T17:41:15Z
S4,4,2,330630277,WSJT-X,CQ Q1ABC FN42,-24.0,0.0,1955.1724137931035,,,,False,False,2026-08-05T17:41:15Z
S4,4,2,330630277,WSJT-X,Q4XYZ Q1ABC -07,-21.0,0.0,2037.9310344827586,,,,False,False,2026-08-05T17:41:15Z
S4,4,2,330630277,WSJT-X,Q3PQR Q1ABC RR73,-18.0,0.0,2120.689655172414,,,,False,False,2026-08-05T17:41:15Z
S4,4,2,330630277,WSJT-X,Q1ABC Q4XYZ FN42,-15.0,0.0,2203.448275862069,,,,False,False,2026-08-05T17:41:15Z
S4,4,2,330630277,WSJT-X,Q5DEF Q1ABC +03,-12.0,0.0,2286.206896551724,,,,False,False,2026-08-05T17:41:15Z
S4,4,2,330630277,WSJT-X,Q1DEF Q1ABC DM79,-9.0,0.0,2368.9655172413795,-8.0,-0.9,2369.0,True,False,2026-08-05T17:41:15Z
S4,4,2,330630277,WSJT-X,Q1ABC Q5DEF 73,-6.0,0.0,2451.7241379310344,,,,False,False,2026-08-05T17:41:15Z
S4,4,2,330630277,WSJT-X,Q4XYZ Q3PQR -15,-3.0,0.0,2534.4827586206898,-3.0,-0.9,2534.0,True,False,2026-08-05T17:41:15Z
S4,4,2,330630277,WSJT-X,Q1JKL Q1ABC PM85,0.0,0.0,2617.2413793103447,,,,False,False,2026-08-05T17:41:15Z
S4,4,2,330630277,WSJT-X,Q1ABC Q1DEF -05,3.0,0.0,2700.0,3.0,-0.9,2700.0,True,False,2026-08-05T17:41:15Z
S4,,,,WSJT-X,CQ Q1ABC FN42,,,,-11.0,-0.7,1500.0,False,True,2026-08-05T17:06:15Z
S4,,,,WSJT-X,CQ Q1ABC FN42,,,,-11.0,-0.6,1500.0,False,True,2026-08-05T17:06:30Z
S4,,,,WSJT-X,CQ Q1ABC FN42,,,,-11.0,-0.6,1500.0,False,True,2026-08-05T17:06:45Z
S4,,,,WSJT-X,CQ Q1ABC FN42,,,,-7.0,-0.5,1500.0,False,True,2026-08-05T17:07:00Z
S4,,,,WSJT-X,CQ Q1ABC FN42,,,,-7.0,-0.5,1500.0,False,True,2026-08-05T17:07:15Z
S4,,,,WSJT-X,CQ Q1ABC FN42,,,,-7.0,-0.4,1500.0,False,True,2026-08-05T17:07:30Z
S4,,,,WSJT-X,CQ Q1ABC FN42,,,,-5.0,-0.4,1500.0,False,True,2026-08-05T17:07:45Z
S4,,,,WSJT-X,CQ Q1ABC FN42,,,,-5.0,-0.3,1500.0,False,True,2026-08-05T17:08:00Z
S4,,,,WSJT-X,CQ Q1ABC FN42,,,,-5.0,-0.2,1500.0,False,True,2026-08-05T17:08:15Z
S4,,,,WSJT-X,CQ Q1ABC FN42,,,,-1.0,-0.7,1500.0,False,True,2026-08-05T17:08:45Z
S4,,,,WSJT-X,CQ Q1ABC FN42,,,,-1.0,-0.6,1500.0,False,True,2026-08-05T17:09:00Z
S4,,,,WSJT-X,CQ Q1ABC FN42,,,,-1.0,-0.6,1500.0,False,True,2026-08-05T17:09:15Z
S4,,,,WSJT-X,CQ Q1ABC FN42,,,,1.0,-0.5,1500.0,False,True,2026-08-05T17:09:30Z
S4,,,,WSJT-X,CQ Q1ABC FN42,,,,1.0,-0.4,1500.0,False,True,2026-08-05T17:09:45Z
S4,,,,WSJT-X,CQ Q1ABC FN42,,,,1.0,-0.4,1500.0,False,True,2026-08-05T17:10:00Z
S4,,,,WSJT-X,CQ Q1ABC FN42,,,,4.0,-0.3,1500.0,False,True,2026-08-05T17:10:15Z
S4,,,,WSJT-X,CQ Q1ABC FN42,,,,5.0,-0.3,1500.0,False,True,2026-08-05T17:10:30Z
S4,,,,WSJT-X,CQ Q1ABC FN42,,,,4.0,-0.2,1500.0,False,True,2026-08-05T17:10:45Z
S4,,,,WSJT-X,CQ Q1ABC FN42,,,,8.0,-0.7,1500.0,False,True,2026-08-05T17:11:15Z
S4,,,,WSJT-X,CQ Q1ABC FN42,,,,8.0,-0.6,1500.0,False,True,2026-08-05T17:11:30Z
S4,,,,WSJT-X,CQ Q1ABC FN42,,,,7.0,-0.6,1500.0,False,True,2026-08-05T17:11:45Z
S4,,,,WSJT-X,CQ Q1ABC FN42,,,,10.0,-0.5,1500.0,False,True,2026-08-05T17:12:00Z
S4,,,,WSJT-X,CQ Q1ABC FN42,,,,10.0,-0.5,1500.0,False,True,2026-08-05T17:12:15Z
S4,,,,WSJT-X,CQ Q1ABC FN42,,,,10.0,-0.4,1500.0,False,True,2026-08-05T17:12:30Z
S4,,,,WSJT-X,CQ Q1ABC FN42,,,,14.0,-0.4,1500.0,False,True,2026-08-05T17:12:45Z
S4,,,,WSJT-X,CQ Q1ABC FN42,,,,14.0,-0.3,1500.0,False,True,2026-08-05T17:13:00Z
S4,,,,WSJT-X,CQ Q1ABC FN42,,,,14.0,-0.2,1500.0,False,True,2026-08-05T17:13:15Z
S4,,,,WSJT-X,CQ Q1ABC FN42,,,,16.0,-0.7,1500.0,False,True,2026-08-05T17:13:45Z
S4,,,,WSJT-X,CQ Q1ABC FN42,,,,16.0,-0.6,1500.0,False,True,2026-08-05T17:14:00Z
S4,,,,WSJT-X,CQ Q1ABC FN42,,,,16.0,-0.6,1500.0,False,True,2026-08-05T17:14:15Z
S4,,,,WSJT-X,CQ Q1ABC FN42,,,,-21.0,-0.5,1500.0,False,True,2026-08-05T17:15:30Z
S4,,,,WSJT-X,CQ Q1ABC FN42,,,,-20.0,-0.5,1500.0,False,True,2026-08-05T17:15:45Z
S4,,,,WSJT-X,CQ Q1ABC FN42,,,,-20.0,-0.4,1501.0,False,True,2026-08-05T17:16:00Z
S4,,,,WSJT-X,CQ Q1ABC FN42,,,,-17.0,-0.4,1500.0,False,True,2026-08-05T17:16:15Z
S4,,,,WSJT-X,CQ Q1ABC FN42,,,,-17.0,-0.3,1500.0,False,True,2026-08-05T17:16:30Z
S4,,,,WSJT-X,CQ Q1ABC FN42,,,,-17.0,-0.2,1500.0,False,True,2026-08-05T17:16:45Z
S4,,,,WSJT-X,CQ Q1ABC FN42,,,,-14.0,-0.7,1500.0,False,True,2026-08-05T17:17:15Z
S4,,,,WSJT-X,CQ Q1ABC FN42,,,,-14.0,-0.6,1500.0,False,True,2026-08-05T17:17:30Z
S4,,,,WSJT-X,CQ Q1ABC FN42,,,,-14.0,-0.6,1501.0,False,True,2026-08-05T17:17:45Z
S4,,,,WSJT-X,CQ Q1ABC FN42,,,,1.0,-0.7,300.0,False,True,2026-08-05T17:18:15Z
S4,,,,WSJT-X,CQ Q1ABC FN42,,,,1.0,-0.6,300.0,False,True,2026-08-05T17:18:30Z
S4,,,,WSJT-X,CQ Q1ABC FN42,,,,1.0,-0.6,300.0,False,True,2026-08-05T17:18:45Z
S4,,,,WSJT-X,CQ Q1ABC FN42,,,,1.0,-0.5,567.0,False,True,2026-08-05T17:19:00Z
S4,,,,WSJT-X,CQ Q1ABC FN42,,,,1.0,-0.5,567.0,False,True,2026-08-05T17:19:15Z
S4,,,,WSJT-X,CQ Q1ABC FN42,,,,1.0,-0.4,567.0,False,True,2026-08-05T17:19:30Z
S4,,,,WSJT-X,CQ Q1ABC FN42,,,,1.0,-0.4,834.0,False,True,2026-08-05T17:19:45Z
S4,,,,WSJT-X,CQ Q1ABC FN42,,,,1.0,-0.3,834.0,False,True,2026-08-05T17:20:00Z
S4,,,,WSJT-X,CQ Q1ABC FN42,,,,1.0,-0.3,834.0,False,True,2026-08-05T17:20:15Z
S4,,,,WSJT-X,CQ Q1ABC FN42,,,,1.0,-0.2,1101.0,False,True,2026-08-05T17:20:30Z
S4,,,,WSJT-X,CQ Q1ABC FN42,,,,1.0,-0.7,1101.0,False,True,2026-08-05T17:21:00Z
S4,,,,WSJT-X,CQ Q1ABC FN42,,,,1.0,-0.6,1101.0,False,True,2026-08-05T17:21:15Z
S4,,,,WSJT-X,CQ Q1ABC FN42,,,,1.0,-0.6,1368.0,False,True,2026-08-05T17:21:30Z
S4,,,,WSJT-X,CQ Q1ABC FN42,,,,1.0,-0.5,1368.0,False,True,2026-08-05T17:21:45Z
S4,,,,WSJT-X,CQ Q1ABC FN42,,,,1.0,-0.5,1368.0,False,True,2026-08-05T17:22:00Z
S4,,,,WSJT-X,CQ Q1ABC FN42,,,,1.0,-0.4,1635.0,False,True,2026-08-05T17:22:15Z
S4,,,,WSJT-X,CQ Q1ABC FN42,,,,1.0,-0.3,1635.0,False,True,2026-08-05T17:22:30Z
S4,,,,WSJT-X,CQ Q1ABC FN42,,,,1.0,-0.3,1635.0,False,True,2026-08-05T17:22:45Z
S4,,,,WSJT-X,CQ Q1ABC FN42,,,,1.0,-0.2,1902.0,False,True,2026-08-05T17:23:00Z
S4,,,,WSJT-X,CQ Q1ABC FN42,,,,1.0,-0.7,1902.0,False,True,2026-08-05T17:23:30Z
S4,,,,WSJT-X,CQ Q1ABC FN42,,,,1.0,-0.6,1902.0,False,True,2026-08-05T17:23:45Z
S4,,,,WSJT-X,CQ Q1ABC FN42,,,,1.0,-0.5,2169.0,False,True,2026-08-05T17:24:00Z
S4,,,,WSJT-X,CQ Q1ABC FN42,,,,1.0,-0.5,2169.0,False,True,2026-08-05T17:24:15Z
S4,,,,WSJT-X,CQ Q1ABC FN42,,,,1.0,-0.4,2169.0,False,True,2026-08-05T17:24:30Z
S4,,,,WSJT-X,CQ Q1ABC FN42,,,,1.0,-0.4,2436.0,False,True,2026-08-05T17:24:45Z
S4,,,,WSJT-X,CQ Q1ABC FN42,,,,1.0,-0.3,2436.0,False,True,2026-08-05T17:25:00Z
S4,,,,WSJT-X,CQ Q1ABC FN42,,,,1.0,-0.2,2436.0,False,True,2026-08-05T17:25:15Z
S4,,,,WSJT-X,CQ Q1ABC FN42,,,,1.0,-0.7,2700.0,False,True,2026-08-05T17:25:45Z
S4,,,,WSJT-X,CQ Q1ABC FN42,,,,1.0,-0.6,2700.0,False,True,2026-08-05T17:26:00Z
S4,,,,WSJT-X,CQ Q1ABC FN42,,,,1.0,-0.6,2700.0,False,True,2026-08-05T17:26:15Z
S4,,,,WSJT-X,CQ Q1ABC FN42,,,,1.0,-0.9,1500.0,False,True,2026-08-05T17:26:45Z
S4,,,,WSJT-X,CQ Q1ABC FN42,,,,1.0,-0.9,1500.0,False,True,2026-08-05T17:27:00Z
S4,,,,WSJT-X,CQ Q1ABC FN42,,,,1.0,-0.8,1500.0,False,True,2026-08-05T17:27:15Z
S4,,,,WSJT-X,CQ Q1ABC FN42,,,,1.0,-0.4,1500.0,False,True,2026-08-05T17:27:30Z
S4,,,,WSJT-X,CQ Q1ABC FN42,,,,1.0,-0.4,1500.0,False,True,2026-08-05T17:27:45Z
S4,,,,WSJT-X,CQ Q1ABC FN42,,,,1.0,-0.3,1500.0,False,True,2026-08-05T17:28:00Z
S4,,,,WSJT-X,CQ Q1ABC FN42,,,,1.0,0.1,1500.0,False,True,2026-08-05T17:28:15Z
S4,,,,WSJT-X,CQ Q1ABC FN42,,,,1.0,0.1,1500.0,False,True,2026-08-05T17:28:30Z
S4,,,,WSJT-X,CQ Q1ABC FN42,,,,1.0,-0.3,1500.0,False,True,2026-08-05T17:29:00Z
S4,,,,WSJT-X,CQ Q1ABC FN42,,,,1.0,0.1,1500.0,False,True,2026-08-05T17:29:15Z
S4,,,,WSJT-X,CQ Q1ABC FN42,,,,1.0,0.1,1500.0,False,True,2026-08-05T17:29:30Z
S4,,,,WSJT-X,CQ Q1ABC FN42,,,,1.0,0.2,1500.0,False,True,2026-08-05T17:29:45Z
S4,,,,WSJT-X,CQ Q1ABC FN42,,,,0.0,0.6,1500.0,False,True,2026-08-05T17:30:00Z
S4,,,,WSJT-X,CQ Q1ABC FN42,,,,1.0,0.6,1500.0,False,True,2026-08-05T17:30:15Z
S4,,,,WSJT-X,CQ Q1ABC FN42,,,,0.0,0.7,1500.0,False,True,2026-08-05T17:30:30Z
S4,,,,WSJT-X,CQ Q1ABC FN42,,,,0.0,1.0,1500.0,False,True,2026-08-05T17:30:45Z
S4,,,,WSJT-X,CQ Q1ABC FN42,,,,0.0,1.1,1500.0,False,True,2026-08-05T17:31:00Z
S4,,,,WSJT-X,CQ Q1ABC FN42,,,,0.0,0.6,1500.0,False,True,2026-08-05T17:31:30Z
S4,,,,WSJT-X,CQ Q1ABC FN42,,,,0.0,1.0,1500.0,False,True,2026-08-05T17:31:45Z
S4,,,,WSJT-X,CQ Q1ABC FN42,,,,0.0,1.0,1500.0,False,True,2026-08-05T17:32:00Z
S4,,,,WSJT-X,CQ Q1ABC FN42,,,,0.0,1.1,1500.0,False,True,2026-08-05T17:32:15Z
S4,,,,WSJT-X,CQ Q1ABC FN42,,,,0.0,1.4,1500.0,False,True,2026-08-05T17:32:30Z
S4,,,,WSJT-X,CQ Q1ABC FN42,,,,0.0,1.5,1500.0,False,True,2026-08-05T17:32:45Z
S4,,,,WSJT-X,CQ Q1ABC FN42,,,,0.0,1.6,1500.0,False,True,2026-08-05T17:33:00Z
S4,,,,WSJT-X,CQ Q1ABC FN42,,,,0.0,1.9,1500.0,False,True,2026-08-05T17:33:15Z
S4,,,,WSJT-X,CQ Q1ABC FN42,,,,0.0,1.9,1500.0,False,True,2026-08-05T17:33:30Z
S4,,,,WSJT-X,CQ Q1ABC FN42,,,,0.0,1.5,1500.0,False,True,2026-08-05T17:34:00Z
S4,,,,WSJT-X,CQ Q1ABC FN42,,,,0.0,1.5,1500.0,False,True,2026-08-05T17:34:15Z
S4,,,,WSJT-X,CQ Q1ABC FN42,,,,0.0,1.6,1500.0,False,True,2026-08-05T17:34:30Z
S4,,,,WSJT-X,CQ Q1ABC FN42,,,,0.0,1.7,1500.0,False,True,2026-08-05T17:34:45Z
S4,,,,WSJT-X,Q4XYZ Q1ABC -07,,,,1.0,-0.9,1507.0,False,True,2026-08-05T18:13:00Z
S4,,,,WSJT-X,CQ Q1ABC FN42,,,,1.0,-0.9,1500.0,False,True,2026-08-05T18:13:00Z
S4,,,,WSJT-X,Q4XYZ Q1ABC -07,,,,1.0,-0.7,1507.0,False,True,2026-08-05T18:13:15Z
S4,,,,WSJT-X,CQ Q1ABC FN42,,,,0.0,-0.7,1500.0,False,True,2026-08-05T18:13:15Z
S4,,,,WSJT-X,Q4XYZ Q1ABC -07,,,,1.0,-0.6,1507.0,False,True,2026-08-05T18:13:30Z
S4,,,,WSJT-X,CQ Q1ABC FN42,,,,1.0,-0.6,1500.0,False,True,2026-08-05T18:13:30Z
S4,,,,WSJT-X,Q4XYZ Q1ABC -07,,,,1.0,-0.5,1507.0,False,True,2026-08-05T18:13:45Z
S4,,,,WSJT-X,CQ Q1ABC FN42,,,,0.0,-0.5,1500.0,False,True,2026-08-05T18:13:45Z
S4,,,,WSJT-X,Q4XYZ Q1ABC -07,,,,1.0,-0.9,1507.0,False,True,2026-08-05T18:14:15Z
S4,,,,WSJT-X,CQ Q1ABC FN42,,,,1.0,-0.9,1500.0,False,True,2026-08-05T18:14:15Z
S4,,,,WSJT-X,Q4XYZ Q1ABC -07,,,,-4.0,-0.8,1513.0,False,True,2026-08-05T18:14:30Z
S4,,,,WSJT-X,CQ Q1ABC FN42,,,,-4.0,-0.8,1500.0,False,True,2026-08-05T18:14:30Z
S4,,,,WSJT-X,CQ Q1ABC FN42,,,,-4.0,-0.6,1500.0,False,True,2026-08-05T18:14:45Z
S4,,,,WSJT-X,Q4XYZ Q1ABC -07,,,,-4.0,-0.6,1513.0,False,True,2026-08-05T18:14:45Z
S4,,,,WSJT-X,Q4XYZ Q1ABC -07,,,,-4.0,-0.5,1513.0,False,True,2026-08-05T18:15:00Z
S4,,,,WSJT-X,CQ Q1ABC FN42,,,,-4.0,-0.5,1500.0,False,True,2026-08-05T18:15:00Z
S4,,,,WSJT-X,CQ Q1ABC FN42,,,,-4.0,-0.9,1500.0,False,True,2026-08-05T18:15:30Z
S4,,,,WSJT-X,Q4XYZ Q1ABC -07,,,,-4.0,-0.9,1513.0,False,True,2026-08-05T18:15:30Z
S4,,,,WSJT-X,CQ Q1ABC FN42,,,,-4.0,-0.7,1500.0,False,True,2026-08-05T18:15:45Z
S4,,,,WSJT-X,Q4XYZ Q1ABC -07,,,,-4.0,-0.7,1513.0,False,True,2026-08-05T18:15:45Z
S4,,,,WSJT-X,Q4XYZ Q1ABC -07,,,,1.0,-0.5,1500.0,False,True,2026-08-05T18:16:00Z
S4,,,,WSJT-X,Q3PQR Q1ABC RR73,,,,1.0,-0.5,1511.0,False,True,2026-08-05T18:16:00Z
S4,,,,WSJT-X,CQ Q1ABC FN42,,,,1.0,-0.5,1492.0,False,True,2026-08-05T18:16:00Z
S4,,,,WSJT-X,Q4XYZ Q1ABC -07,,,,1.0,-0.9,1500.0,False,True,2026-08-05T18:16:30Z
S4,,,,WSJT-X,CQ Q1ABC FN42,,,,1.0,-0.9,1492.0,False,True,2026-08-05T18:16:30Z
S4,,,,WSJT-X,Q3PQR Q1ABC RR73,,,,1.0,-0.9,1511.0,False,True,2026-08-05T18:16:30Z
S4,,,,WSJT-X,Q4XYZ Q1ABC -07,,,,1.0,-0.7,1500.0,False,True,2026-08-05T18:16:45Z
S4,,,,WSJT-X,CQ Q1ABC FN42,,,,0.0,-0.7,1492.0,False,True,2026-08-05T18:16:45Z
S4,,,,WSJT-X,Q3PQR Q1ABC RR73,,,,0.0,-0.7,1511.0,False,True,2026-08-05T18:16:45Z
S4,,,,WSJT-X,Q3PQR Q1ABC RR73,,,,1.0,-0.4,1511.0,False,True,2026-08-05T18:17:00Z
S4,,,,WSJT-X,Q4XYZ Q1ABC -07,,,,1.0,-0.4,1500.0,False,True,2026-08-05T18:17:00Z
S4,,,,WSJT-X,CQ Q1ABC FN42,,,,1.0,-0.4,1492.0,False,True,2026-08-05T18:17:00Z
S4,,,,WSJT-X,Q4XYZ Q1ABC -07,,,,1.0,-0.9,1500.0,False,True,2026-08-05T18:17:30Z
S4,,,,WSJT-X,Q3PQR Q1ABC RR73,,,,1.0,-0.9,1511.0,False,True,2026-08-05T18:17:30Z
S4,,,,WSJT-X,CQ Q1ABC FN42,,,,1.0,-0.9,1492.0,False,True,2026-08-05T18:17:30Z
S4,,,,WSJT-X,Q4XYZ Q1ABC -07,,,,2.0,-0.7,1502.0,False,True,2026-08-05T18:17:45Z
S4,,,,WSJT-X,CQ Q1ABC FN42,,,,-3.0,-0.7,1501.0,False,True,2026-08-05T18:17:45Z
S4,,,,WSJT-X,Q4XYZ Q1ABC -07,,,,2.0,-0.5,1502.0,False,True,2026-08-05T18:18:00Z
S4,,,,WSJT-X,CQ Q1ABC FN42,,,,-1.0,-0.5,1500.0,False,True,2026-08-05T18:18:00Z
S4,,,,WSJT-X,Q4XYZ Q1ABC -07,,,,2.0,-0.9,1502.0,False,True,2026-08-05T18:18:30Z
S4,,,,WSJT-X,CQ Q1ABC FN42,,,,-2.0,-0.9,1500.0,False,True,2026-08-05T18:18:30Z
S4,,,,WSJT-X,Q4XYZ Q1ABC -07,,,,2.0,-0.5,1502.0,False,True,2026-08-05T18:19:00Z
S4,,,,WSJT-X,CQ Q1ABC FN42,,,,-3.0,-0.5,1502.0,False,True,2026-08-05T18:19:00Z
S4,,,,WSJT-X,Q4XYZ Q1ABC -07,,,,1.0,-0.9,1505.0,False,True,2026-08-05T18:19:30Z
S4,,,,WSJT-X,CQ Q1ABC FN42,,,,0.0,-0.9,1500.0,False,True,2026-08-05T18:19:30Z
S4,,,,WSJT-X,Q4XYZ Q1ABC -07,,,,0.0,-0.7,1504.0,False,True,2026-08-05T18:19:45Z
S4,,,,WSJT-X,CQ Q1ABC FN42,,,,0.0,-0.7,1499.0,False,True,2026-08-05T18:19:45Z
S4,,,,WSJT-X,Q4XYZ Q1ABC -07,,,,1.0,-0.5,1506.0,False,True,2026-08-05T18:20:00Z
S4,,,,WSJT-X,CQ Q1ABC FN42,,,,1.0,-0.5,1501.0,False,True,2026-08-05T18:20:00Z
S4,,,,WSJT-X,Q4XYZ Q1ABC -07,,,,1.0,-0.9,1505.0,False,True,2026-08-05T18:20:30Z
S4,,,,WSJT-X,CQ Q1ABC FN42,,,,0.0,-0.9,1500.0,False,True,2026-08-05T18:20:30Z
S4,,,,WSJT-X,Q4XYZ Q1ABC -07,,,,1.0,-0.7,1505.0,False,True,2026-08-05T18:20:45Z
S4,,,,WSJT-X,CQ Q1ABC FN42,,,,0.0,-0.7,1500.0,False,True,2026-08-05T18:20:45Z
S4,,,,WSJT-X,CQ Q1ABC FN42,,,,1.0,-0.5,1500.0,False,True,2026-08-05T18:21:00Z
S4,,,,WSJT-X,Q4XYZ Q1ABC -07,,,,1.0,-0.5,1512.0,False,True,2026-08-05T18:21:00Z
S4,,,,WSJT-X,Q4XYZ Q1ABC -07,,,,1.0,-0.9,1512.0,False,True,2026-08-05T18:21:30Z
S4,,,,WSJT-X,CQ Q1ABC FN42,,,,1.0,-0.9,1500.0,False,True,2026-08-05T18:21:30Z
S4,,,,WSJT-X,Q4XYZ Q1ABC -07,,,,1.0,-0.7,1512.0,False,True,2026-08-05T18:21:45Z
S4,,,,WSJT-X,CQ Q1ABC FN42,,,,1.0,-0.7,1500.0,False,True,2026-08-05T18:21:45Z
S4,,,,WSJT-X,Q4XYZ Q1ABC -07,,,,1.0,-0.5,1512.0,False,True,2026-08-05T18:22:00Z
S4,,,,WSJT-X,CQ Q1ABC FN42,,,,1.0,-0.5,1500.0,False,True,2026-08-05T18:22:00Z
S4,,,,WSJT-X,Q4XYZ Q1ABC -07,,,,1.0,-0.9,1512.0,False,True,2026-08-05T18:22:30Z
S4,,,,WSJT-X,CQ Q1ABC FN42,,,,1.0,-0.9,1500.0,False,True,2026-08-05T18:22:30Z
S4,,,,WSJT-X,CQ Q1ABC FN42,,,,1.0,-0.7,1500.0,False,True,2026-08-05T18:22:45Z
S4,,,,WSJT-X,Q4XYZ Q1ABC -07,,,,1.0,-0.7,1526.0,False,True,2026-08-05T18:22:45Z
S4,,,,WSJT-X,Q4XYZ Q1ABC -07,,,,1.0,-0.6,1525.0,False,True,2026-08-05T18:23:00Z
S4,,,,WSJT-X,CQ Q1ABC FN42,,,,1.0,-0.6,1500.0,False,True,2026-08-05T18:23:00Z
S4,,,,WSJT-X,Q4XYZ Q1ABC -07,,,,1.0,-0.9,1526.0,False,True,2026-08-05T18:23:30Z
S4,,,,WSJT-X,CQ Q1ABC FN42,,,,1.0,-0.9,1500.0,False,True,2026-08-05T18:23:30Z
S4,,,,WSJT-X,CQ Q1ABC FN42,,,,1.0,-0.7,1500.0,False,True,2026-08-05T18:23:45Z
S4,,,,WSJT-X,Q4XYZ Q1ABC -07,,,,1.0,-0.7,1525.0,False,True,2026-08-05T18:23:45Z
S4,,,,WSJT-X,Q4XYZ Q1ABC -07,,,,1.0,-0.5,1525.0,False,True,2026-08-05T18:24:00Z
S4,,,,WSJT-X,CQ Q1ABC FN42,,,,1.0,-0.5,1500.0,False,True,2026-08-05T18:24:00Z
S4,,,,WSJT-X,Q4XYZ Q1ABC -07,,,,1.0,-0.9,1550.0,False,True,2026-08-05T18:24:30Z
S4,,,,WSJT-X,CQ Q1ABC FN42,,,,1.0,-0.9,1500.0,False,True,2026-08-05T18:24:30Z
S4,,,,WSJT-X,Q4XYZ Q1ABC -07,,,,1.0,-0.7,1550.0,False,True,2026-08-05T18:24:45Z
S4,,,,WSJT-X,CQ Q1ABC FN42,,,,1.0,-0.7,1500.0,False,True,2026-08-05T18:24:45Z
S4,,,,WSJT-X,Q4XYZ Q1ABC -07,,,,1.0,-0.5,1550.0,False,True,2026-08-05T18:25:00Z
S4,,,,WSJT-X,CQ Q1ABC FN42,,,,1.0,-0.5,1500.0,False,True,2026-08-05T18:25:00Z
S4,,,,WSJT-X,Q4XYZ Q1ABC -07,,,,1.0,-0.9,1550.0,False,True,2026-08-05T18:25:30Z
S4,,,,WSJT-X,CQ Q1ABC FN42,,,,1.0,-0.9,1500.0,False,True,2026-08-05T18:25:30Z
S4,,,,WSJT-X,Q4XYZ Q1ABC -07,,,,1.0,-0.7,1550.0,False,True,2026-08-05T18:25:45Z
S4,,,,WSJT-X,CQ Q1ABC FN42,,,,1.0,-0.7,1500.0,False,True,2026-08-05T18:25:45Z
S4,,,,WSJT-X,CQ Q1ABC FN42,,,,1.0,-0.5,1500.0,False,True,2026-08-05T18:26:00Z
S4,,,,WSJT-X,Q4XYZ Q1ABC -07,,,,1.0,0.0,1508.0,False,True,2026-08-05T18:26:00Z
S4,,,,WSJT-X,Q4XYZ Q1ABC -07,,,,1.0,-0.4,1508.0,False,True,2026-08-05T18:26:30Z
S4,,,,WSJT-X,CQ Q1ABC FN42,,,,1.0,-0.9,1500.0,False,True,2026-08-05T18:26:30Z
S4,,,,WSJT-X,Q4XYZ Q1ABC -07,,,,1.0,-0.2,1508.0,False,True,2026-08-05T18:26:45Z
S4,,,,WSJT-X,CQ Q1ABC FN42,,,,1.0,-0.7,1500.0,False,True,2026-08-05T18:26:45Z
S4,,,,WSJT-X,CQ Q1ABC FN42,,,,1.0,-0.5,1500.0,False,True,2026-08-05T18:27:00Z
S4,,,,WSJT-X,Q4XYZ Q1ABC -07,,,,1.0,0.0,1508.0,False,True,2026-08-05T18:27:00Z
S4,,,,WSJT-X,CQ Q1ABC FN42,,,,1.0,-0.9,1500.0,False,True,2026-08-05T18:27:30Z
S4,,,,WSJT-X,Q4XYZ Q1ABC -07,,,,1.0,-0.4,1508.0,False,True,2026-08-05T18:27:30Z
S4,,,,WSJT-X,CQ Q1ABC FN42,,,,1.0,-0.7,1500.0,False,True,2026-08-05T18:27:45Z
S4,,,,WSJT-X,Q4XYZ Q1ABC -07,,,,1.0,0.3,1511.0,False,True,2026-08-05T18:27:45Z
S4,,,,WSJT-X,CQ Q1ABC FN42,,,,1.0,-0.5,1500.0,False,True,2026-08-05T18:28:00Z
S4,,,,WSJT-X,Q4XYZ Q1ABC -07,,,,1.0,0.5,1511.0,False,True,2026-08-05T18:28:00Z
S4,,,,WSJT-X,CQ Q1ABC FN42,,,,1.0,-0.9,1500.0,False,True,2026-08-05T18:28:30Z
S4,,,,WSJT-X,Q4XYZ Q1ABC -07,,,,1.0,0.1,1511.0,False,True,2026-08-05T18:28:30Z
S4,,,,WSJT-X,CQ Q1ABC FN42,,,,1.0,-0.7,1500.0,False,True,2026-08-05T18:28:45Z
S4,,,,WSJT-X,Q4XYZ Q1ABC -07,,,,1.0,0.3,1511.0,False,True,2026-08-05T18:28:45Z
S4,,,,WSJT-X,CQ Q1ABC FN42,,,,1.0,-0.6,1500.0,False,True,2026-08-05T18:29:00Z
S4,,,,WSJT-X,Q4XYZ Q1ABC -07,,,,0.0,0.5,1511.0,False,True,2026-08-05T18:29:00Z
S4,,,,WSJT-X,CQ Q1ABC FN42,,,,1.0,-0.9,1500.0,False,True,2026-08-05T18:29:30Z
S4,,,,WSJT-X,Q4XYZ Q1ABC -07,,,,1.0,1.1,1509.0,False,True,2026-08-05T18:29:30Z
S4,,,,WSJT-X,CQ Q1ABC FN42,,,,1.0,-0.7,1500.0,False,True,2026-08-05T18:29:45Z
S4,,,,WSJT-X,Q4XYZ Q1ABC -07,,,,1.0,1.3,1509.0,False,True,2026-08-05T18:29:45Z
S4,,,,WSJT-X,CQ Q1ABC FN42,,,,1.0,-0.6,1500.0,False,True,2026-08-05T18:30:00Z
S4,,,,WSJT-X,Q4XYZ Q1ABC -07,,,,1.0,1.4,1509.0,False,True,2026-08-05T18:30:00Z
S4,,,,WSJT-X,CQ Q1ABC FN42,,,,2.0,-0.4,1500.0,False,True,2026-08-05T18:30:15Z
S4,,,,WSJT-X,Q4XYZ Q1ABC -07,,,,1.0,1.6,1509.0,False,True,2026-08-05T18:30:15Z
S4,,,,WSJT-X,CQ Q1ABC FN42,,,,1.0,-0.9,1500.0,False,True,2026-08-05T18:30:45Z
S4,,,,WSJT-X,Q4XYZ Q1ABC -07,,,,1.0,1.1,1509.0,False,True,2026-08-05T18:30:45Z
S4,,,,WSJT-X,CQ Q1ABC FN42,,,,1.0,-0.8,1500.0,False,True,2026-08-05T18:31:00Z
S4,,,,WSJT-X,Q4XYZ Q1ABC -07,,,,-2.0,-0.8,1514.0,False,True,2026-08-05T18:31:00Z
S4,,,,WSJT-X,CQ Q1ABC FN42,,,,1.0,-0.6,1500.0,False,True,2026-08-05T18:31:15Z
S4,,,,WSJT-X,Q4XYZ Q1ABC -07,,,,-3.0,-0.6,1514.0,False,True,2026-08-05T18:31:15Z
S4,,,,WSJT-X,<...> 6LTESNZ1W4I,,,,-24.0,-2.0,1481.0,False,True,2026-08-05T18:31:15Z
S4,,,,WSJT-X,CQ Q1ABC FN42,,,,1.0,-0.9,1500.0,False,True,2026-08-05T18:31:45Z
S4,,,,WSJT-X,Q4XYZ Q1ABC -07,,,,-2.0,-0.9,1514.0,False,True,2026-08-05T18:31:45Z
S4,,,,WSJT-X,CQ Q1ABC FN42,,,,1.0,-0.7,1500.0,False,True,2026-08-05T18:32:00Z
S4,,,,WSJT-X,Q4XYZ Q1ABC -07,,,,-3.0,-0.7,1514.0,False,True,2026-08-05T18:32:00Z
S4,,,,WSJT-X,CQ Q1ABC FN42,,,,1.0,-0.5,1500.0,False,True,2026-08-05T18:32:15Z
S4,,,,WSJT-X,Q4XYZ Q1ABC -07,,,,-2.0,-0.5,1514.0,False,True,2026-08-05T18:32:15Z
S4,,,,WSJT-X,CQ Q1ABC FN42,,,,1.0,-0.9,1500.0,False,True,2026-08-05T18:32:45Z
S4,,,,WSJT-X,Q4XYZ Q1ABC -07,,,,-6.0,-0.9,1509.0,False,True,2026-08-05T18:32:45Z
S4,,,,WSJT-X,CQ Q1ABC FN42,,,,1.0,-0.7,1500.0,False,True,2026-08-05T18:33:00Z
S4,,,,WSJT-X,Q4XYZ Q1ABC -07,,,,-6.0,-0.7,1509.0,False,True,2026-08-05T18:33:00Z
S4,,,,WSJT-X,CQ Q1ABC FN42,,,,1.0,-0.4,1500.0,False,True,2026-08-05T18:33:15Z
S4,,,,WSJT-X,Q4XYZ Q1ABC -07,,,,-6.0,-0.4,1509.0,False,True,2026-08-05T18:33:15Z
S4,,,,WSJT-X,CQ Q1ABC FN42,,,,1.0,-0.9,1500.0,False,True,2026-08-05T18:33:45Z
S4,,,,WSJT-X,Q4XYZ Q1ABC -07,,,,-6.0,-0.9,1509.0,False,True,2026-08-05T18:33:45Z
S4,,,,WSJT-X,CQ Q1ABC FN42,,,,1.0,-0.7,1500.0,False,True,2026-08-05T18:34:00Z
S4,,,,WSJT-X,Q4XYZ Q1ABC -07,,,,-6.0,-0.7,1509.0,False,True,2026-08-05T18:34:00Z
S4,,,,WSJT-X,CQ Q1ABC FN42,,,,1.0,-0.4,1500.0,False,True,2026-08-05T18:34:15Z
S4,,,,WSJT-X,Q4XYZ Q1ABC -07,,,,-9.0,-0.4,1507.0,False,True,2026-08-05T18:34:15Z
S4,,,,WSJT-X,CQ Q1ABC FN42,,,,1.0,-0.9,1500.0,False,True,2026-08-05T18:34:45Z
S4,,,,WSJT-X,Q4XYZ Q1ABC -07,,,,-9.0,-0.9,1507.0,False,True,2026-08-05T18:34:45Z
S4,,,,WSJT-X,CQ Q1ABC FN42,,,,1.0,-0.7,1500.0,False,True,2026-08-05T18:35:00Z
S4,,,,WSJT-X,Q4XYZ Q1ABC -07,,,,-10.0,-0.7,1507.0,False,True,2026-08-05T18:35:00Z
S4,,,,WSJT-X,CQ Q1ABC FN42,,,,1.0,-0.5,1500.0,False,True,2026-08-05T18:35:15Z
S4,,,,WSJT-X,Q4XYZ Q1ABC -07,,,,-9.0,-0.5,1507.0,False,True,2026-08-05T18:35:15Z
S4,,,,WSJT-X,CQ Q1ABC FN42,,,,1.0,-0.9,1500.0,False,True,2026-08-05T18:35:45Z
S4,,,,WSJT-X,Q4XYZ Q1ABC -07,,,,-10.0,-0.9,1507.0,False,True,2026-08-05T18:35:45Z
S4,,,,WSJT-X,CQ Q1ABC FN42,,,,4.0,-0.7,1500.0,False,True,2026-08-05T18:36:00Z
S4,,,,WSJT-X,Q4XYZ Q1ABC -07,,,,-10.0,-0.7,1511.0,False,True,2026-08-05T18:36:00Z
S4,,,,WSJT-X,CQ Q1ABC FN42,,,,4.0,-0.5,1500.0,False,True,2026-08-05T18:36:15Z
S4,,,,WSJT-X,Q4XYZ Q1ABC -07,,,,-10.0,-0.5,1511.0,False,True,2026-08-05T18:36:15Z
S4,,,,WSJT-X,CQ Q1ABC FN42,,,,4.0,-0.9,1500.0,False,True,2026-08-05T18:36:45Z
S4,,,,WSJT-X,Q4XYZ Q1ABC -07,,,,-10.0,-0.9,1511.0,False,True,2026-08-05T18:36:45Z
S4,,,,WSJT-X,CQ Q1ABC FN42,,,,4.0,-0.7,1500.0,False,True,2026-08-05T18:37:00Z
S4,,,,WSJT-X,Q4XYZ Q1ABC -07,,,,-10.0,-0.7,1510.0,False,True,2026-08-05T18:37:00Z
S4,,,,WSJT-X,CQ Q1ABC FN42,,,,4.0,-0.5,1500.0,False,True,2026-08-05T18:37:15Z
S4,,,,WSJT-X,Q4XYZ Q1ABC -07,,,,-10.0,-0.5,1511.0,False,True,2026-08-05T18:37:15Z
S4,,,,WSJT-X,Q4XYZ Q1ABC -07,,,,1.0,-0.9,1503.0,False,True,2026-08-05T18:37:45Z
S4,,,,WSJT-X,CQ Q1ABC FN42,,,,-1.0,-0.9,1500.0,False,True,2026-08-05T18:37:45Z
S4,,,,WSJT-X,Q4XYZ Q1ABC -07,,,,0.0,-0.9,1503.0,False,True,2026-08-05T18:38:45Z
S4,,,,WSJT-X,CQ Q1ABC FN42,,,,-1.0,-0.9,1501.0,False,True,2026-08-05T18:38:45Z
S4,,,,WSJT-X,Q4XYZ Q1ABC -07,,,,1.0,-0.5,1507.0,False,True,2026-08-05T18:39:15Z
S4,,,,WSJT-X,CQ Q1ABC FN42,,,,1.0,-0.5,1500.0,False,True,2026-08-05T18:39:15Z
S4,,,,WSJT-X,CQ Q1ABC FN42,,,,1.0,-0.9,1500.0,False,True,2026-08-05T18:39:45Z
S4,,,,WSJT-X,Q4XYZ Q1ABC -07,,,,1.0,-0.9,1507.0,False,True,2026-08-05T18:39:45Z
S4,,,,WSJT-X,Q4XYZ Q1ABC -07,,,,1.0,-0.7,1507.0,False,True,2026-08-05T18:40:00Z
S4,,,,WSJT-X,CQ Q1ABC FN42,,,,1.0,-0.7,1500.0,False,True,2026-08-05T18:40:00Z
S4,,,,WSJT-X,CQ Q1ABC FN42,,,,1.0,-0.5,1500.0,False,True,2026-08-05T18:40:15Z
S4,,,,WSJT-X,Q4XYZ Q1ABC -07,,,,1.0,-0.5,1507.0,False,True,2026-08-05T18:40:15Z
S4,,,,WSJT-X,CQ Q1ABC FN42,,,,1.0,-0.9,1500.0,False,True,2026-08-05T18:40:45Z
S4,,,,WSJT-X,Q4XYZ Q1ABC -07,,,,1.0,-0.9,1507.0,False,True,2026-08-05T18:40:45Z
S4,,,,WSJT-X,CQ Q1ABC FN42,,,,1.0,-0.7,1500.0,False,True,2026-08-05T18:41:00Z
S4,,,,WSJT-X,Q4XYZ Q1ABC -07,,,,1.0,-0.7,1510.0,False,True,2026-08-05T18:41:00Z
S4,,,,WSJT-X,CQ Q1ABC FN42,,,,1.0,-0.4,1500.0,False,True,2026-08-05T18:41:15Z
S4,,,,WSJT-X,Q4XYZ Q1ABC -07,,,,1.0,-0.4,1510.0,False,True,2026-08-05T18:41:15Z
S4,,,,WSJT-X,CQ Q1ABC FN42,,,,1.0,-0.9,1500.0,False,True,2026-08-05T18:41:45Z
S4,,,,WSJT-X,Q4XYZ Q1ABC -07,,,,1.0,-0.9,1510.0,False,True,2026-08-05T18:41:45Z
S4,,,,WSJT-X,CQ Q1ABC FN42,,,,1.0,-0.7,1500.0,False,True,2026-08-05T18:42:00Z
S4,,,,WSJT-X,Q4XYZ Q1ABC -07,,,,1.0,-0.7,1510.0,False,True,2026-08-05T18:42:00Z
S4,,,,WSJT-X,CQ Q1ABC FN42,,,,1.0,-0.5,1500.0,False,True,2026-08-05T18:42:15Z
S4,,,,WSJT-X,Q4XYZ Q1ABC -07,,,,1.0,-0.5,1510.0,False,True,2026-08-05T18:42:15Z
S4,,,,WSJT-X,Q4XYZ Q1ABC -07,,,,1.0,-0.9,1515.0,False,True,2026-08-05T18:42:45Z
S4,,,,WSJT-X,CQ Q1ABC FN42,,,,1.0,-0.9,1500.0,False,True,2026-08-05T18:42:45Z
S4,,,,WSJT-X,Q4XYZ Q1ABC -07,,,,1.0,-0.8,1515.0,False,True,2026-08-05T18:43:00Z
S4,,,,WSJT-X,CQ Q1ABC FN42,,,,1.0,-0.8,1500.0,False,True,2026-08-05T18:43:00Z
S4,,,,WSJT-X,CQ Q1ABC FN42,,,,1.0,-0.6,1500.0,False,True,2026-08-05T18:43:15Z
S4,,,,WSJT-X,Q4XYZ Q1ABC -07,,,,1.0,-0.6,1515.0,False,True,2026-08-05T18:43:15Z
S4,,,,WSJT-X,Q4XYZ Q1ABC -07,,,,1.0,-0.5,1515.0,False,True,2026-08-05T18:43:30Z
S4,,,,WSJT-X,CQ Q1ABC FN42,,,,1.0,-0.5,1500.0,False,True,2026-08-05T18:43:30Z
S4,,,,WSJT-X,Q4XYZ Q1ABC -07,,,,1.0,-0.9,1515.0,False,True,2026-08-05T18:44:00Z
S4,,,,WSJT-X,CQ Q1ABC FN42,,,,1.0,-0.9,1500.0,False,True,2026-08-05T18:44:00Z
S4,,,,WSJT-X,CQ Q1ABC FN42,,,,1.0,-0.7,1500.0,False,True,2026-08-05T18:44:15Z
S4,,,,WSJT-X,Q4XYZ Q1ABC -07,,,,1.0,-0.7,1508.0,False,True,2026-08-05T18:44:15Z
S4,,,,WSJT-X,CQ Q1ABC FN42,,,,1.0,-0.5,1500.0,False,True,2026-08-05T18:44:30Z
S4,,,,WSJT-X,Q4XYZ Q1ABC -07,,,,1.0,-0.5,1508.0,False,True,2026-08-05T18:44:30Z
S4,,,,WSJT-X,Q4XYZ Q1ABC -07,,,,1.0,-0.9,1508.0,False,True,2026-08-05T18:45:00Z
S4,,,,WSJT-X,CQ Q1ABC FN42,,,,1.0,-0.9,1500.0,False,True,2026-08-05T18:45:00Z
S4,,,,WSJT-X,CQ Q1ABC FN42,,,,1.0,-0.7,1500.0,False,True,2026-08-05T18:45:15Z
S4,,,,WSJT-X,Q4XYZ Q1ABC -07,,,,1.0,-0.7,1508.0,False,True,2026-08-05T18:45:15Z
S4,,,,WSJT-X,CQ Q1ABC FN42,,,,1.0,-0.5,1500.0,False,True,2026-08-05T18:45:30Z
S4,,,,WSJT-X,Q4XYZ Q1ABC -07,,,,1.0,-0.5,1508.0,False,True,2026-08-05T18:45:30Z
S4,,,,WSJT-X,CQ Q1ABC FN42,,,,1.0,-0.9,1500.0,False,True,2026-08-05T18:46:00Z
S4,,,,WSJT-X,Q4XYZ Q1ABC -07,,,,1.0,-0.9,1509.0,False,True,2026-08-05T18:46:00Z
S4,,,,WSJT-X,CQ Q1ABC FN42,,,,1.0,-0.8,1500.0,False,True,2026-08-05T18:46:15Z
S4,,,,WSJT-X,Q4XYZ Q1ABC -07,,,,1.0,-0.8,1509.0,False,True,2026-08-05T18:46:15Z
S4,,,,WSJT-X,CQ Q1ABC FN42,,,,1.0,-0.6,1500.0,False,True,2026-08-05T18:46:30Z
S4,,,,WSJT-X,Q4XYZ Q1ABC -07,,,,1.0,-0.6,1509.0,False,True,2026-08-05T18:46:30Z
S4,,,,WSJT-X,CQ Q1ABC FN42,,,,1.0,-0.4,1500.0,False,True,2026-08-05T18:46:45Z
S4,,,,WSJT-X,Q4XYZ Q1ABC -07,,,,1.0,-0.4,1509.0,False,True,2026-08-05T18:46:45Z
S4,,,,WSJT-X,CQ Q1ABC FN42,,,,1.0,-0.9,1500.0,False,True,2026-08-05T18:47:15Z
S4,,,,WSJT-X,Q4XYZ Q1ABC -07,,,,1.0,-0.9,1509.0,False,True,2026-08-05T18:47:15Z
S4,0,0,1380025803,OpenWSFZ,CQ Q1ABC FN42,0.0,0.0,1500.0,-15.0,-0.2,1500.0,True,False,2026-08-05T17:35:15Z
S4,0,1,1028796488,OpenWSFZ,CQ Q1ABC FN42,0.0,0.0,1500.0,-12.0,-0.2,1500.0,True,False,2026-08-05T17:35:30Z
S4,0,2,1457782904,OpenWSFZ,CQ Q1ABC FN42,0.0,0.0,1500.0,-10.0,-0.1,1500.0,True,False,2026-08-05T17:35:45Z
S4,1,0,1710814298,OpenWSFZ,CQ Q1ABC FN42,-12.0,0.0,300.0,-10.0,0.2,300.0,True,False,2026-08-05T17:36:00Z
S4,1,0,1710814298,OpenWSFZ,Q4XYZ Q1ABC -07,-8.0,0.0,900.0,-6.0,0.2,900.0,True,False,2026-08-05T17:36:00Z
S4,1,0,1710814298,OpenWSFZ,Q3PQR Q1ABC RR73,-5.0,0.0,1500.0,-3.0,0.2,1500.0,True,False,2026-08-05T17:36:00Z
S4,1,0,1710814298,OpenWSFZ,Q1ABC Q4XYZ FN42,-3.0,0.0,2100.0,-1.0,0.2,2100.0,True,False,2026-08-05T17:36:00Z
S4,1,0,1710814298,OpenWSFZ,Q5DEF Q1ABC +03,0.0,0.0,2700.0,2.0,0.2,2700.0,True,False,2026-08-05T17:36:00Z
S4,1,1,1662193313,OpenWSFZ,CQ Q1ABC FN42,-12.0,0.0,300.0,-23.0,-0.2,300.0,True,False,2026-08-05T17:36:30Z
S4,1,1,1662193313,OpenWSFZ,Q4XYZ Q1ABC -07,-8.0,0.0,900.0,-25.0,-0.2,900.0,True,False,2026-08-05T17:36:30Z
S4,1,1,1662193313,OpenWSFZ,Q3PQR Q1ABC RR73,-5.0,0.0,1500.0,-22.0,-0.2,1500.0,True,False,2026-08-05T17:36:30Z
S4,1,1,1662193313,OpenWSFZ,Q1ABC Q4XYZ FN42,-3.0,0.0,2100.0,-21.0,-0.2,2100.0,True,False,2026-08-05T17:36:30Z
S4,1,1,1662193313,OpenWSFZ,Q5DEF Q1ABC +03,0.0,0.0,2700.0,-18.0,-0.2,2700.0,True,False,2026-08-05T17:36:30Z
S4,1,2,196226190,OpenWSFZ,CQ Q1ABC FN42,-12.0,0.0,300.0,-10.0,0.1,300.0,True,False,2026-08-05T17:36:45Z
S4,1,2,196226190,OpenWSFZ,Q4XYZ Q1ABC -07,-8.0,0.0,900.0,-6.0,0.1,900.0,True,False,2026-08-05T17:36:45Z
S4,1,2,196226190,OpenWSFZ,Q3PQR Q1ABC RR73,-5.0,0.0,1500.0,-3.0,0.1,1500.0,True,False,2026-08-05T17:36:45Z
S4,1,2,196226190,OpenWSFZ,Q1ABC Q4XYZ FN42,-3.0,0.0,2100.0,-1.0,0.1,2100.0,True,False,2026-08-05T17:36:45Z
S4,1,2,196226190,OpenWSFZ,Q5DEF Q1ABC +03,0.0,0.0,2700.0,1.0,0.1,2700.0,True,False,2026-08-05T17:36:45Z
S4,2,0,139150452,OpenWSFZ,CQ Q1ABC FN42,-15.0,0.0,300.0,-24.0,-0.2,300.0,True,False,2026-08-05T17:37:15Z
S4,2,0,139150452,OpenWSFZ,Q4XYZ Q1ABC -07,-12.0,0.0,566.6666666666667,-24.0,-0.2,566.0,True,False,2026-08-05T17:37:15Z
S4,2,0,139150452,OpenWSFZ,Q3PQR Q1ABC RR73,-10.0,0.0,833.3333333333334,-24.0,-0.2,834.0,True,False,2026-08-05T17:37:15Z
S4,2,0,139150452,OpenWSFZ,Q1ABC Q4XYZ FN42,-8.0,0.0,1100.0,-24.0,-0.2,1100.0,True,False,2026-08-05T17:37:15Z
S4,2,0,139150452,OpenWSFZ,Q5DEF Q1ABC +03,-5.0,0.0,1366.6666666666667,-21.0,-0.2,1366.0,True,False,2026-08-05T17:37:15Z
S4,2,0,139150452,OpenWSFZ,Q1DEF Q1ABC DM79,-3.0,0.0,1633.3333333333333,-21.0,-0.2,1634.0,True,False,2026-08-05T17:37:15Z
S4,2,0,139150452,OpenWSFZ,Q1ABC Q5DEF 73,-1.0,0.0,1900.0,-22.0,-0.2,1900.0,True,False,2026-08-05T17:37:15Z
S4,2,0,139150452,OpenWSFZ,Q4XYZ Q3PQR -15,0.0,0.0,2166.666666666667,-18.0,-0.2,2166.0,True,False,2026-08-05T17:37:15Z
S4,2,0,139150452,OpenWSFZ,Q1JKL Q1ABC PM85,2.0,0.0,2433.3333333333335,-16.0,-0.2,2434.0,True,False,2026-08-05T17:37:15Z
S4,2,0,139150452,OpenWSFZ,Q1ABC Q1DEF -05,3.0,0.0,2700.0,-15.0,-0.2,2700.0,True,False,2026-08-05T17:37:15Z
S4,2,1,1124369827,OpenWSFZ,CQ Q1ABC FN42,-15.0,0.0,300.0,-23.0,-0.2,300.0,True,False,2026-08-05T17:37:45Z
S4,2,1,1124369827,OpenWSFZ,Q4XYZ Q1ABC -07,-12.0,0.0,566.6666666666667,-26.0,-0.2,566.0,True,False,2026-08-05T17:37:45Z
S4,2,1,1124369827,OpenWSFZ,Q3PQR Q1ABC RR73,-10.0,0.0,833.3333333333334,-24.0,-0.2,834.0,True,False,2026-08-05T17:37:45Z
S4,2,1,1124369827,OpenWSFZ,Q1ABC Q4XYZ FN42,-8.0,0.0,1100.0,-23.0,-0.2,1100.0,True,False,2026-08-05T17:37:45Z
S4,2,1,1124369827,OpenWSFZ,Q5DEF Q1ABC +03,-5.0,0.0,1366.6666666666667,-22.0,-0.2,1366.0,True,False,2026-08-05T17:37:45Z
S4,2,1,1124369827,OpenWSFZ,Q1DEF Q1ABC DM79,-3.0,0.0,1633.3333333333333,-22.0,-0.2,1634.0,True,False,2026-08-05T17:37:45Z
S4,2,1,1124369827,OpenWSFZ,Q1ABC Q5DEF 73,-1.0,0.0,1900.0,-20.0,-0.2,1900.0,True,False,2026-08-05T17:37:45Z
S4,2,1,1124369827,OpenWSFZ,Q4XYZ Q3PQR -15,0.0,0.0,2166.666666666667,-18.0,-0.2,2166.0,True,False,2026-08-05T17:37:45Z
S4,2,1,1124369827,OpenWSFZ,Q1JKL Q1ABC PM85,2.0,0.0,2433.3333333333335,-17.0,-0.2,2434.0,True,False,2026-08-05T17:37:45Z
S4,2,1,1124369827,OpenWSFZ,Q1ABC Q1DEF -05,3.0,0.0,2700.0,-15.0,-0.2,2700.0,True,False,2026-08-05T17:37:45Z
S4,2,2,820497043,OpenWSFZ,CQ Q1ABC FN42,-15.0,0.0,300.0,-23.0,-0.2,300.0,True,False,2026-08-05T17:38:15Z
S4,2,2,820497043,OpenWSFZ,Q4XYZ Q1ABC -07,-12.0,0.0,566.6666666666667,-26.0,-0.2,566.0,True,False,2026-08-05T17:38:15Z
S4,2,2,820497043,OpenWSFZ,Q3PQR Q1ABC RR73,-10.0,0.0,833.3333333333334,-23.0,-0.2,834.0,True,False,2026-08-05T17:38:15Z
S4,2,2,820497043,OpenWSFZ,Q1ABC Q4XYZ FN42,-8.0,0.0,1100.0,-24.0,-0.2,1100.0,True,False,2026-08-05T17:38:15Z
S4,2,2,820497043,OpenWSFZ,Q5DEF Q1ABC +03,-5.0,0.0,1366.6666666666667,-21.0,-0.2,1366.0,True,False,2026-08-05T17:38:15Z
S4,2,2,820497043,OpenWSFZ,Q1DEF Q1ABC DM79,-3.0,0.0,1633.3333333333333,-21.0,-0.2,1634.0,True,False,2026-08-05T17:38:15Z
S4,2,2,820497043,OpenWSFZ,Q1ABC Q5DEF 73,-1.0,0.0,1900.0,-20.0,-0.2,1900.0,True,False,2026-08-05T17:38:15Z
S4,2,2,820497043,OpenWSFZ,Q4XYZ Q3PQR -15,0.0,0.0,2166.666666666667,-19.0,-0.2,2166.0,True,False,2026-08-05T17:38:15Z
S4,2,2,820497043,OpenWSFZ,Q1JKL Q1ABC PM85,2.0,0.0,2433.3333333333335,-17.0,-0.2,2434.0,True,False,2026-08-05T17:38:15Z
S4,2,2,820497043,OpenWSFZ,Q1ABC Q1DEF -05,3.0,0.0,2700.0,-15.0,-0.2,2700.0,True,False,2026-08-05T17:38:15Z
S4,3,0,11459573,OpenWSFZ,CQ Q1ABC FN42,-24.0,0.0,300.0,,,,False,False,2026-08-05T17:38:45Z
S4,3,0,11459573,OpenWSFZ,Q4XYZ Q1ABC -07,-21.0,0.0,426.3157894736842,,,,False,False,2026-08-05T17:38:45Z
S4,3,0,11459573,OpenWSFZ,Q3PQR Q1ABC RR73,-18.0,0.0,552.6315789473684,,,,False,False,2026-08-05T17:38:45Z
S4,3,0,11459573,OpenWSFZ,Q1ABC Q4XYZ FN42,-15.0,0.0,678.9473684210527,-26.0,-0.2,678.0,True,False,2026-08-05T17:38:45Z
S4,3,0,11459573,OpenWSFZ,Q5DEF Q1ABC +03,-12.0,0.0,805.2631578947369,-25.0,-0.2,806.0,True,False,2026-08-05T17:38:45Z
S4,3,0,11459573,OpenWSFZ,Q1DEF Q1ABC DM79,-9.0,0.0,931.578947368421,-24.0,-0.2,931.0,True,False,2026-08-05T17:38:45Z
S4,3,0,11459573,OpenWSFZ,Q1ABC Q5DEF 73,-6.0,0.0,1057.8947368421054,,,,False,False,2026-08-05T17:38:45Z
S4,3,0,11459573,OpenWSFZ,Q4XYZ Q3PQR -15,-3.0,0.0,1184.2105263157896,-22.0,-0.2,1184.0,True,False,2026-08-05T17:38:45Z
S4,3,0,11459573,OpenWSFZ,Q1JKL Q1ABC PM85,0.0,0.0,1310.5263157894738,,,,False,False,2026-08-05T17:38:45Z
S4,3,0,11459573,OpenWSFZ,Q1ABC Q1DEF -05,3.0,0.0,1436.842105263158,,,,False,False,2026-08-05T17:38:45Z
S4,3,0,11459573,OpenWSFZ,CQ Q1ABC FN42,-24.0,0.0,1563.157894736842,,,,False,False,2026-08-05T17:38:45Z
S4,3,0,11459573,OpenWSFZ,Q4XYZ Q1ABC -07,-21.0,0.0,1689.4736842105262,,,,False,False,2026-08-05T17:38:45Z
S4,3,0,11459573,OpenWSFZ,Q3PQR Q1ABC RR73,-18.0,0.0,1815.7894736842106,-27.0,-0.2,1816.0,True,False,2026-08-05T17:38:45Z
S4,3,0,11459573,OpenWSFZ,Q1ABC Q4XYZ FN42,-15.0,0.0,1942.1052631578948,,,,False,False,2026-08-05T17:38:45Z
S4,3,0,11459573,OpenWSFZ,Q5DEF Q1ABC +03,-12.0,0.0,2068.421052631579,,,,False,False,2026-08-05T17:38:45Z
S4,3,0,11459573,OpenWSFZ,Q1DEF Q1ABC DM79,-9.0,0.0,2194.7368421052633,,,,False,False,2026-08-05T17:38:45Z
S4,3,0,11459573,OpenWSFZ,Q1ABC Q5DEF 73,-6.0,0.0,2321.0526315789475,-23.0,-0.2,2322.0,True,False,2026-08-05T17:38:45Z
S4,3,0,11459573,OpenWSFZ,Q4XYZ Q3PQR -15,-3.0,0.0,2447.3684210526317,,,,False,False,2026-08-05T17:38:45Z
S4,3,0,11459573,OpenWSFZ,Q1JKL Q1ABC PM85,0.0,0.0,2573.684210526316,-18.0,-0.2,2575.0,True,False,2026-08-05T17:38:45Z
S4,3,0,11459573,OpenWSFZ,Q1ABC Q1DEF -05,3.0,0.0,2700.0,-15.0,-0.2,2700.0,True,False,2026-08-05T17:38:45Z
S4,3,1,1313953807,OpenWSFZ,CQ Q1ABC FN42,-24.0,0.0,300.0,,,,False,False,2026-08-05T17:39:15Z
S4,3,1,1313953807,OpenWSFZ,Q4XYZ Q1ABC -07,-21.0,0.0,426.3157894736842,,,,False,False,2026-08-05T17:39:15Z
S4,3,1,1313953807,OpenWSFZ,Q3PQR Q1ABC RR73,-18.0,0.0,552.6315789473684,-26.0,-0.2,553.0,True,False,2026-08-05T17:39:15Z
S4,3,1,1313953807,OpenWSFZ,Q1ABC Q4XYZ FN42,-15.0,0.0,678.9473684210527,-25.0,-0.2,678.0,True,False,2026-08-05T17:39:15Z
S4,3,1,1313953807,OpenWSFZ,Q5DEF Q1ABC +03,-12.0,0.0,805.2631578947369,-25.0,-0.2,806.0,True,False,2026-08-05T17:39:15Z
S4,3,1,1313953807,OpenWSFZ,Q1DEF Q1ABC DM79,-9.0,0.0,931.578947368421,-26.0,-0.2,931.0,True,False,2026-08-05T17:39:15Z
S4,3,1,1313953807,OpenWSFZ,Q1ABC Q5DEF 73,-6.0,0.0,1057.8947368421054,,,,False,False,2026-08-05T17:39:15Z
S4,3,1,1313953807,OpenWSFZ,Q4XYZ Q3PQR -15,-3.0,0.0,1184.2105263157896,,,,False,False,2026-08-05T17:39:15Z
S4,3,1,1313953807,OpenWSFZ,Q1JKL Q1ABC PM85,0.0,0.0,1310.5263157894738,,,,False,False,2026-08-05T17:39:15Z
S4,3,1,1313953807,OpenWSFZ,Q1ABC Q1DEF -05,3.0,0.0,1436.842105263158,,,,False,False,2026-08-05T17:39:15Z
S4,3,1,1313953807,OpenWSFZ,CQ Q1ABC FN42,-24.0,0.0,1563.157894736842,,,,False,False,2026-08-05T17:39:15Z
S4,3,1,1313953807,OpenWSFZ,Q4XYZ Q1ABC -07,-21.0,0.0,1689.4736842105262,,,,False,False,2026-08-05T17:39:15Z
S4,3,1,1313953807,OpenWSFZ,Q3PQR Q1ABC RR73,-18.0,0.0,1815.7894736842106,,,,False,False,2026-08-05T17:39:15Z
S4,3,1,1313953807,OpenWSFZ,Q1ABC Q4XYZ FN42,-15.0,0.0,1942.1052631578948,,,,False,False,2026-08-05T17:39:15Z
S4,3,1,1313953807,OpenWSFZ,Q5DEF Q1ABC +03,-12.0,0.0,2068.421052631579,,,,False,False,2026-08-05T17:39:15Z
S4,3,1,1313953807,OpenWSFZ,Q1DEF Q1ABC DM79,-9.0,0.0,2194.7368421052633,,,,False,False,2026-08-05T17:39:15Z
S4,3,1,1313953807,OpenWSFZ,Q1ABC Q5DEF 73,-6.0,0.0,2321.0526315789475,-24.0,-0.2,2322.0,True,False,2026-08-05T17:39:15Z
S4,3,1,1313953807,OpenWSFZ,Q4XYZ Q3PQR -15,-3.0,0.0,2447.3684210526317,-21.0,-0.2,2447.0,True,False,2026-08-05T17:39:15Z
S4,3,1,1313953807,OpenWSFZ,Q1JKL Q1ABC PM85,0.0,0.0,2573.684210526316,-19.0,-0.2,2575.0,True,False,2026-08-05T17:39:15Z
S4,3,1,1313953807,OpenWSFZ,Q1ABC Q1DEF -05,3.0,0.0,2700.0,-16.0,-0.2,2700.0,True,False,2026-08-05T17:39:15Z
S4,3,2,205499031,OpenWSFZ,CQ Q1ABC FN42,-24.0,0.0,300.0,,,,False,False,2026-08-05T17:39:45Z
S4,3,2,205499031,OpenWSFZ,Q4XYZ Q1ABC -07,-21.0,0.0,426.3157894736842,,,,False,False,2026-08-05T17:39:45Z
S4,3,2,205499031,OpenWSFZ,Q3PQR Q1ABC RR73,-18.0,0.0,552.6315789473684,,,,False,False,2026-08-05T17:39:45Z
S4,3,2,205499031,OpenWSFZ,Q1ABC Q4XYZ FN42,-15.0,0.0,678.9473684210527,-26.0,-0.2,678.0,True,False,2026-08-05T17:39:45Z
S4,3,2,205499031,OpenWSFZ,Q5DEF Q1ABC +03,-12.0,0.0,805.2631578947369,,,,False,False,2026-08-05T17:39:45Z
S4,3,2,205499031,OpenWSFZ,Q1DEF Q1ABC DM79,-9.0,0.0,931.578947368421,-25.0,-0.2,931.0,True,False,2026-08-05T17:39:45Z
S4,3,2,205499031,OpenWSFZ,Q1ABC Q5DEF 73,-6.0,0.0,1057.8947368421054,,,,False,False,2026-08-05T17:39:45Z
S4,3,2,205499031,OpenWSFZ,Q4XYZ Q3PQR -15,-3.0,0.0,1184.2105263157896,-22.0,-0.2,1184.0,True,False,2026-08-05T17:39:45Z
S4,3,2,205499031,OpenWSFZ,Q1JKL Q1ABC PM85,0.0,0.0,1310.5263157894738,,,,False,False,2026-08-05T17:39:45Z
S4,3,2,205499031,OpenWSFZ,Q1ABC Q1DEF -05,3.0,0.0,1436.842105263158,-16.0,-0.2,1438.0,True,False,2026-08-05T17:39:45Z
S4,3,2,205499031,OpenWSFZ,CQ Q1ABC FN42,-24.0,0.0,1563.157894736842,,,,False,False,2026-08-05T17:39:45Z
S4,3,2,205499031,OpenWSFZ,Q4XYZ Q1ABC -07,-21.0,0.0,1689.4736842105262,,,,False,False,2026-08-05T17:39:45Z
S4,3,2,205499031,OpenWSFZ,Q3PQR Q1ABC RR73,-18.0,0.0,1815.7894736842106,-27.0,-0.2,1816.0,True,False,2026-08-05T17:39:45Z
S4,3,2,205499031,OpenWSFZ,Q1ABC Q4XYZ FN42,-15.0,0.0,1942.1052631578948,,,,False,False,2026-08-05T17:39:45Z
S4,3,2,205499031,OpenWSFZ,Q5DEF Q1ABC +03,-12.0,0.0,2068.421052631579,-26.0,-0.2,2069.0,True,False,2026-08-05T17:39:45Z
S4,3,2,205499031,OpenWSFZ,Q1DEF Q1ABC DM79,-9.0,0.0,2194.7368421052633,,,,False,False,2026-08-05T17:39:45Z
S4,3,2,205499031,OpenWSFZ,Q1ABC Q5DEF 73,-6.0,0.0,2321.0526315789475,-24.0,-0.2,2322.0,True,False,2026-08-05T17:39:45Z
S4,3,2,205499031,OpenWSFZ,Q4XYZ Q3PQR -15,-3.0,0.0,2447.3684210526317,,,,False,False,2026-08-05T17:39:45Z
S4,3,2,205499031,OpenWSFZ,Q1JKL Q1ABC PM85,0.0,0.0,2573.684210526316,-19.0,-0.2,2575.0,True,False,2026-08-05T17:39:45Z
S4,3,2,205499031,OpenWSFZ,Q1ABC Q1DEF -05,3.0,0.0,2700.0,,,,False,False,2026-08-05T17:39:45Z
S4,4,0,984663940,OpenWSFZ,CQ Q1ABC FN42,-24.0,0.0,300.0,,,,False,False,2026-08-05T17:40:15Z
S4,4,0,984663940,OpenWSFZ,Q4XYZ Q1ABC -07,-21.0,0.0,382.7586206896552,,,,False,False,2026-08-05T17:40:15Z
S4,4,0,984663940,OpenWSFZ,Q3PQR Q1ABC RR73,-18.0,0.0,465.51724137931035,-28.0,-0.2,466.0,True,False,2026-08-05T17:40:15Z
S4,4,0,984663940,OpenWSFZ,Q1ABC Q4XYZ FN42,-15.0,0.0,548.2758620689656,,,,False,False,2026-08-05T17:40:15Z
S4,4,0,984663940,OpenWSFZ,Q5DEF Q1ABC +03,-12.0,0.0,631.0344827586207,-28.0,-0.2,631.0,True,False,2026-08-05T17:40:15Z
S4,4,0,984663940,OpenWSFZ,Q1DEF Q1ABC DM79,-9.0,0.0,713.7931034482758,,,,False,False,2026-08-05T17:40:15Z
S4,4,0,984663940,OpenWSFZ,Q1ABC Q5DEF 73,-6.0,0.0,796.551724137931,-25.0,-0.2,797.0,True,False,2026-08-05T17:40:15Z
S4,4,0,984663940,OpenWSFZ,Q4XYZ Q3PQR -15,-3.0,0.0,879.3103448275862,,,,False,False,2026-08-05T17:40:15Z
S4,4,0,984663940,OpenWSFZ,Q1JKL Q1ABC PM85,0.0,0.0,962.0689655172414,-20.0,-0.2,963.0,True,False,2026-08-05T17:40:15Z
S4,4,0,984663940,OpenWSFZ,Q1ABC Q1DEF -05,3.0,0.0,1044.8275862068965,,,,False,False,2026-08-05T17:40:15Z
S4,4,0,984663940,OpenWSFZ,CQ Q1ABC FN42,-24.0,0.0,1127.5862068965516,,,,False,False,2026-08-05T17:40:15Z
S4,4,0,984663940,OpenWSFZ,Q4XYZ Q1ABC -07,-21.0,0.0,1210.344827586207,,,,False,False,2026-08-05T17:40:15Z
S4,4,0,984663940,OpenWSFZ,Q3PQR Q1ABC RR73,-18.0,0.0,1293.103448275862,,,,False,False,2026-08-05T17:40:15Z
S4,4,0,984663940,OpenWSFZ,Q1ABC Q4XYZ FN42,-15.0,0.0,1375.8620689655172,-28.0,-0.2,1375.0,True,False,2026-08-05T17:40:15Z
S4,4,0,984663940,OpenWSFZ,Q5DEF Q1ABC +03,-12.0,0.0,1458.6206896551723,,,,False,False,2026-08-05T17:40:15Z
S4,4,0,984663940,OpenWSFZ,Q1DEF Q1ABC DM79,-9.0,0.0,1541.3793103448277,,,,False,False,2026-08-05T17:40:15Z
S4,4,0,984663940,OpenWSFZ,Q1ABC Q5DEF 73,-6.0,0.0,1624.1379310344828,,,,False,False,2026-08-05T17:40:15Z
S4,4,0,984663940,OpenWSFZ,Q4XYZ Q3PQR -15,-3.0,0.0,1706.896551724138,-23.0,-0.2,1706.0,True,False,2026-08-05T17:40:15Z
S4,4,0,984663940,OpenWSFZ,Q1JKL Q1ABC PM85,0.0,0.0,1789.655172413793,,,,False,False,2026-08-05T17:40:15Z
S4,4,0,984663940,OpenWSFZ,Q1ABC Q1DEF -05,3.0,0.0,1872.4137931034484,,,,False,False,2026-08-05T17:40:15Z
S4,4,0,984663940,OpenWSFZ,CQ Q1ABC FN42,-24.0,0.0,1955.1724137931035,,,,False,False,2026-08-05T17:40:15Z
S4,4,0,984663940,OpenWSFZ,Q4XYZ Q1ABC -07,-21.0,0.0,2037.9310344827586,,,,False,False,2026-08-05T17:40:15Z
S4,4,0,984663940,OpenWSFZ,Q3PQR Q1ABC RR73,-18.0,0.0,2120.689655172414,,,,False,False,2026-08-05T17:40:15Z
S4,4,0,984663940,OpenWSFZ,Q1ABC Q4XYZ FN42,-15.0,0.0,2203.448275862069,,,,False,False,2026-08-05T17:40:15Z
S4,4,0,984663940,OpenWSFZ,Q5DEF Q1ABC +03,-12.0,0.0,2286.206896551724,,,,False,False,2026-08-05T17:40:15Z
S4,4,0,984663940,OpenWSFZ,Q1DEF Q1ABC DM79,-9.0,0.0,2368.9655172413795,-26.0,-0.2,2369.0,True,False,2026-08-05T17:40:15Z
S4,4,0,984663940,OpenWSFZ,Q1ABC Q5DEF 73,-6.0,0.0,2451.7241379310344,,,,False,False,2026-08-05T17:40:15Z
S4,4,0,984663940,OpenWSFZ,Q4XYZ Q3PQR -15,-3.0,0.0,2534.4827586206898,,,,False,False,2026-08-05T17:40:15Z
S4,4,0,984663940,OpenWSFZ,Q1JKL Q1ABC PM85,0.0,0.0,2617.2413793103447,,,,False,False,2026-08-05T17:40:15Z
S4,4,0,984663940,OpenWSFZ,Q1ABC Q1DEF -05,3.0,0.0,2700.0,-16.0,-0.2,2700.0,True,False,2026-08-05T17:40:15Z
S4,4,1,484615558,OpenWSFZ,CQ Q1ABC FN42,-24.0,0.0,300.0,,,,False,False,2026-08-05T17:40:45Z
S4,4,1,484615558,OpenWSFZ,Q4XYZ Q1ABC -07,-21.0,0.0,382.7586206896552,,,,False,False,2026-08-05T17:40:45Z
S4,4,1,484615558,OpenWSFZ,Q3PQR Q1ABC RR73,-18.0,0.0,465.51724137931035,,,,False,False,2026-08-05T17:40:45Z
S4,4,1,484615558,OpenWSFZ,Q1ABC Q4XYZ FN42,-15.0,0.0,548.2758620689656,,,,False,False,2026-08-05T17:40:45Z
S4,4,1,484615558,OpenWSFZ,Q5DEF Q1ABC +03,-12.0,0.0,631.0344827586207,-26.0,-0.2,631.0,True,False,2026-08-05T17:40:45Z
S4,4,1,484615558,OpenWSFZ,Q1DEF Q1ABC DM79,-9.0,0.0,713.7931034482758,,,,False,False,2026-08-05T17:40:45Z
S4,4,1,484615558,OpenWSFZ,Q1ABC Q5DEF 73,-6.0,0.0,796.551724137931,,,,False,False,2026-08-05T17:40:45Z
S4,4,1,484615558,OpenWSFZ,Q4XYZ Q3PQR -15,-3.0,0.0,879.3103448275862,,,,False,False,2026-08-05T17:40:45Z
S4,4,1,484615558,OpenWSFZ,Q1JKL Q1ABC PM85,0.0,0.0,962.0689655172414,-21.0,-0.2,963.0,True,False,2026-08-05T17:40:45Z
S4,4,1,484615558,OpenWSFZ,Q1ABC Q1DEF -05,3.0,0.0,1044.8275862068965,,,,False,False,2026-08-05T17:40:45Z
S4,4,1,484615558,OpenWSFZ,CQ Q1ABC FN42,-24.0,0.0,1127.5862068965516,,,,False,False,2026-08-05T17:40:45Z
S4,4,1,484615558,OpenWSFZ,Q4XYZ Q1ABC -07,-21.0,0.0,1210.344827586207,,,,False,False,2026-08-05T17:40:45Z
S4,4,1,484615558,OpenWSFZ,Q3PQR Q1ABC RR73,-18.0,0.0,1293.103448275862,-27.0,-0.2,1294.0,True,False,2026-08-05T17:40:45Z
S4,4,1,484615558,OpenWSFZ,Q1ABC Q4XYZ FN42,-15.0,0.0,1375.8620689655172,,,,False,False,2026-08-05T17:40:45Z
S4,4,1,484615558,OpenWSFZ,Q5DEF Q1ABC +03,-12.0,0.0,1458.6206896551723,,,,False,False,2026-08-05T17:40:45Z
S4,4,1,484615558,OpenWSFZ,Q1DEF Q1ABC DM79,-9.0,0.0,1541.3793103448277,,,,False,False,2026-08-05T17:40:45Z
S4,4,1,484615558,OpenWSFZ,Q1ABC Q5DEF 73,-6.0,0.0,1624.1379310344828,-24.0,-0.2,1625.0,True,False,2026-08-05T17:40:45Z
S4,4,1,484615558,OpenWSFZ,Q4XYZ Q3PQR -15,-3.0,0.0,1706.896551724138,,,,False,False,2026-08-05T17:40:45Z
S4,4,1,484615558,OpenWSFZ,Q1JKL Q1ABC PM85,0.0,0.0,1789.655172413793,,,,False,False,2026-08-05T17:40:45Z
S4,4,1,484615558,OpenWSFZ,Q1ABC Q1DEF -05,3.0,0.0,1872.4137931034484,,,,False,False,2026-08-05T17:40:45Z
S4,4,1,484615558,OpenWSFZ,CQ Q1ABC FN42,-24.0,0.0,1955.1724137931035,,,,False,False,2026-08-05T17:40:45Z
S4,4,1,484615558,OpenWSFZ,Q4XYZ Q1ABC -07,-21.0,0.0,2037.9310344827586,,,,False,False,2026-08-05T17:40:45Z
S4,4,1,484615558,OpenWSFZ,Q3PQR Q1ABC RR73,-18.0,0.0,2120.689655172414,,,,False,False,2026-08-05T17:40:45Z
S4,4,1,484615558,OpenWSFZ,Q1ABC Q4XYZ FN42,-15.0,0.0,2203.448275862069,-25.0,-0.2,2203.0,True,False,2026-08-05T17:40:45Z
S4,4,1,484615558,OpenWSFZ,Q5DEF Q1ABC +03,-12.0,0.0,2286.206896551724,,,,False,False,2026-08-05T17:40:45Z
S4,4,1,484615558,OpenWSFZ,Q1DEF Q1ABC DM79,-9.0,0.0,2368.9655172413795,-27.0,-0.2,2369.0,True,False,2026-08-05T17:40:45Z
S4,4,1,484615558,OpenWSFZ,Q1ABC Q5DEF 73,-6.0,0.0,2451.7241379310344,,,,False,False,2026-08-05T17:40:45Z
S4,4,1,484615558,OpenWSFZ,Q4XYZ Q3PQR -15,-3.0,0.0,2534.4827586206898,-23.0,-0.2,2534.0,True,False,2026-08-05T17:40:45Z
S4,4,1,484615558,OpenWSFZ,Q1JKL Q1ABC PM85,0.0,0.0,2617.2413793103447,,,,False,False,2026-08-05T17:40:45Z
S4,4,1,484615558,OpenWSFZ,Q1ABC Q1DEF -05,3.0,0.0,2700.0,-17.0,-0.2,2700.0,True,False,2026-08-05T17:40:45Z
S4,4,2,330630277,OpenWSFZ,CQ Q1ABC FN42,-24.0,0.0,300.0,,,,False,False,2026-08-05T17:41:15Z
S4,4,2,330630277,OpenWSFZ,Q4XYZ Q1ABC -07,-21.0,0.0,382.7586206896552,,,,False,False,2026-08-05T17:41:15Z
S4,4,2,330630277,OpenWSFZ,Q3PQR Q1ABC RR73,-18.0,0.0,465.51724137931035,-28.0,-0.2,466.0,True,False,2026-08-05T17:41:15Z
S4,4,2,330630277,OpenWSFZ,Q1ABC Q4XYZ FN42,-15.0,0.0,548.2758620689656,,,,False,False,2026-08-05T17:41:15Z
S4,4,2,330630277,OpenWSFZ,Q5DEF Q1ABC +03,-12.0,0.0,631.0344827586207,-26.0,-0.2,631.0,True,False,2026-08-05T17:41:15Z
S4,4,2,330630277,OpenWSFZ,Q1DEF Q1ABC DM79,-9.0,0.0,713.7931034482758,,,,False,False,2026-08-05T17:41:15Z
S4,4,2,330630277,OpenWSFZ,Q1ABC Q5DEF 73,-6.0,0.0,796.551724137931,,,,False,False,2026-08-05T17:41:15Z
S4,4,2,330630277,OpenWSFZ,Q4XYZ Q3PQR -15,-3.0,0.0,879.3103448275862,,,,False,False,2026-08-05T17:41:15Z
S4,4,2,330630277,OpenWSFZ,Q1JKL Q1ABC PM85,0.0,0.0,962.0689655172414,-21.0,-0.2,963.0,True,False,2026-08-05T17:41:15Z
S4,4,2,330630277,OpenWSFZ,Q1ABC Q1DEF -05,3.0,0.0,1044.8275862068965,,,,False,False,2026-08-05T17:41:15Z
S4,4,2,330630277,OpenWSFZ,CQ Q1ABC FN42,-24.0,0.0,1127.5862068965516,,,,False,False,2026-08-05T17:41:15Z
S4,4,2,330630277,OpenWSFZ,Q4XYZ Q1ABC -07,-21.0,0.0,1210.344827586207,,,,False,False,2026-08-05T17:41:15Z
S4,4,2,330630277,OpenWSFZ,Q3PQR Q1ABC RR73,-18.0,0.0,1293.103448275862,,,,False,False,2026-08-05T17:41:15Z
S4,4,2,330630277,OpenWSFZ,Q1ABC Q4XYZ FN42,-15.0,0.0,1375.8620689655172,-27.0,-0.2,1375.0,True,False,2026-08-05T17:41:15Z
S4,4,2,330630277,OpenWSFZ,Q5DEF Q1ABC +03,-12.0,0.0,1458.6206896551723,,,,False,False,2026-08-05T17:41:15Z
S4,4,2,330630277,OpenWSFZ,Q1DEF Q1ABC DM79,-9.0,0.0,1541.3793103448277,,,,False,False,2026-08-05T17:41:15Z
S4,4,2,330630277,OpenWSFZ,Q1ABC Q5DEF 73,-6.0,0.0,1624.1379310344828,-25.0,-0.2,1625.0,True,False,2026-08-05T17:41:15Z
S4,4,2,330630277,OpenWSFZ,Q4XYZ Q3PQR -15,-3.0,0.0,1706.896551724138,,,,False,False,2026-08-05T17:41:15Z
S4,4,2,330630277,OpenWSFZ,Q1JKL Q1ABC PM85,0.0,0.0,1789.655172413793,,,,False,False,2026-08-05T17:41:15Z
S4,4,2,330630277,OpenWSFZ,Q1ABC Q1DEF -05,3.0,0.0,1872.4137931034484,,,,False,False,2026-08-05T17:41:15Z
S4,4,2,330630277,OpenWSFZ,CQ Q1ABC FN42,-24.0,0.0,1955.1724137931035,,,,False,False,2026-08-05T17:41:15Z
S4,4,2,330630277,OpenWSFZ,Q4XYZ Q1ABC -07,-21.0,0.0,2037.9310344827586,,,,False,False,2026-08-05T17:41:15Z
S4,4,2,330630277,OpenWSFZ,Q3PQR Q1ABC RR73,-18.0,0.0,2120.689655172414,,,,False,False,2026-08-05T17:41:15Z
S4,4,2,330630277,OpenWSFZ,Q1ABC Q4XYZ FN42,-15.0,0.0,2203.448275862069,,,,False,False,2026-08-05T17:41:15Z
S4,4,2,330630277,OpenWSFZ,Q5DEF Q1ABC +03,-12.0,0.0,2286.206896551724,,,,False,False,2026-08-05T17:41:15Z
S4,4,2,330630277,OpenWSFZ,Q1DEF Q1ABC DM79,-9.0,0.0,2368.9655172413795,-26.0,-0.2,2369.0,True,False,2026-08-05T17:41:15Z
S4,4,2,330630277,OpenWSFZ,Q1ABC Q5DEF 73,-6.0,0.0,2451.7241379310344,,,,False,False,2026-08-05T17:41:15Z
S4,4,2,330630277,OpenWSFZ,Q4XYZ Q3PQR -15,-3.0,0.0,2534.4827586206898,-23.0,-0.2,2534.0,True,False,2026-08-05T17:41:15Z
S4,4,2,330630277,OpenWSFZ,Q1JKL Q1ABC PM85,0.0,0.0,2617.2413793103447,,,,False,False,2026-08-05T17:41:15Z
S4,4,2,330630277,OpenWSFZ,Q1ABC Q1DEF -05,3.0,0.0,2700.0,-17.0,-0.2,2700.0,True,False,2026-08-05T17:41:15Z
S4,,,,OpenWSFZ,CQ Q1ABC FN42,,,,-20.0,-0.1,1500.0,False,True,2026-08-05T17:06:15Z
S4,,,,OpenWSFZ,CQ Q1ABC FN42,,,,-10.0,0.0,1500.0,False,True,2026-08-05T17:06:30Z
S4,,,,OpenWSFZ,CQ Q1ABC FN42,,,,-10.0,0.1,1500.0,False,True,2026-08-05T17:06:45Z
S4,,,,OpenWSFZ,CQ Q1ABC FN42,,,,-7.0,0.2,1500.0,False,True,2026-08-05T17:07:00Z
S4,,,,OpenWSFZ,CQ Q1ABC FN42,,,,-6.0,0.2,1500.0,False,True,2026-08-05T17:07:15Z
S4,,,,OpenWSFZ,CQ Q1ABC FN42,,,,-6.0,0.2,1500.0,False,True,2026-08-05T17:07:30Z
S4,,,,OpenWSFZ,CQ Q1ABC FN42,,,,-5.0,0.3,1500.0,False,True,2026-08-05T17:07:45Z
S4,,,,OpenWSFZ,CQ Q1ABC FN42,,,,-4.0,0.3,1500.0,False,True,2026-08-05T17:08:00Z
S4,,,,OpenWSFZ,CQ Q1ABC FN42,,,,-4.0,0.4,1500.0,False,True,2026-08-05T17:08:15Z
S4,,,,OpenWSFZ,CQ Q1ABC FN42,,,,-11.0,-0.1,1500.0,False,True,2026-08-05T17:08:45Z
S4,,,,OpenWSFZ,CQ Q1ABC FN42,,,,-1.0,0.0,1500.0,False,True,2026-08-05T17:09:00Z
S4,,,,OpenWSFZ,CQ Q1ABC FN42,,,,-1.0,0.1,1500.0,False,True,2026-08-05T17:09:15Z
S4,,,,OpenWSFZ,CQ Q1ABC FN42,,,,2.0,0.2,1500.0,False,True,2026-08-05T17:09:30Z
S4,,,,OpenWSFZ,CQ Q1ABC FN42,,,,1.0,0.2,1500.0,False,True,2026-08-05T17:09:45Z
S4,,,,OpenWSFZ,CQ Q1ABC FN42,,,,2.0,0.2,1500.0,False,True,2026-08-05T17:10:00Z
S4,,,,OpenWSFZ,CQ Q1ABC FN42,,,,5.0,0.3,1500.0,False,True,2026-08-05T17:10:15Z
S4,,,,OpenWSFZ,CQ Q1ABC FN42,,,,5.0,0.4,1500.0,False,True,2026-08-05T17:10:30Z
S4,,,,OpenWSFZ,CQ Q1ABC FN42,,,,5.0,0.4,1500.0,False,True,2026-08-05T17:10:45Z
S4,,,,OpenWSFZ,CQ Q1ABC FN42,,,,-1.0,-0.1,1500.0,False,True,2026-08-05T17:11:15Z
S4,,,,OpenWSFZ,CQ Q1ABC FN42,,,,8.0,0.0,1500.0,False,True,2026-08-05T17:11:30Z
S4,,,,OpenWSFZ,CQ Q1ABC FN42,,,,8.0,0.1,1500.0,False,True,2026-08-05T17:11:45Z
S4,,,,OpenWSFZ,CQ Q1ABC FN42,,,,10.0,0.1,1500.0,False,True,2026-08-05T17:12:00Z
S4,,,,OpenWSFZ,CQ Q1ABC FN42,,,,11.0,0.2,1500.0,False,True,2026-08-05T17:12:15Z
S4,,,,OpenWSFZ,CQ Q1ABC FN42,,,,11.0,0.2,1500.0,False,True,2026-08-05T17:12:30Z
S4,,,,OpenWSFZ,CQ Q1ABC FN42,,,,14.0,0.3,1500.0,False,True,2026-08-05T17:12:45Z
S4,,,,OpenWSFZ,CQ Q1ABC FN42,,,,14.0,0.3,1500.0,False,True,2026-08-05T17:13:00Z
S4,,,,OpenWSFZ,[FP-CALL] [FP-CALL] HP37,,,,-16.0,0.6,1488.0,False,True,2026-08-05T17:13:00Z
S4,,,,OpenWSFZ,CQ Q1ABC FN42,,,,14.0,0.4,1500.0,False,True,2026-08-05T17:13:15Z
S4,,,,OpenWSFZ,CQ Q1ABC FN42,,,,7.0,-0.1,1500.0,False,True,2026-08-05T17:13:45Z
S4,,,,OpenWSFZ,CQ Q1ABC FN42,,,,16.0,0.0,1500.0,False,True,2026-08-05T17:14:00Z
S4,,,,OpenWSFZ,CQ Q1ABC FN42,,,,16.0,0.1,1500.0,False,True,2026-08-05T17:14:15Z
S4,,,,OpenWSFZ,CQ Q1ABC FN42,,,,-17.0,0.3,1500.0,False,True,2026-08-05T17:16:15Z
S4,,,,OpenWSFZ,CQ Q1ABC FN42,,,,-17.0,0.3,1500.0,False,True,2026-08-05T17:16:30Z
S4,,,,OpenWSFZ,CQ Q1ABC FN42,,,,-16.0,0.4,1500.0,False,True,2026-08-05T17:16:45Z
S4,,,,OpenWSFZ,CQ Q1ABC FN42,,,,-23.0,-0.1,1500.0,False,True,2026-08-05T17:17:15Z
S4,,,,OpenWSFZ,CQ Q1ABC FN42,,,,-13.0,0.0,1500.0,False,True,2026-08-05T17:17:30Z
S4,,,,OpenWSFZ,CQ Q1ABC FN42,,,,-13.0,0.1,1500.0,False,True,2026-08-05T17:17:45Z
S4,,,,OpenWSFZ,CQ Q1ABC FN42,,,,1.0,0.0,300.0,False,True,2026-08-05T17:18:15Z
S4,,,,OpenWSFZ,CQ Q1ABC FN42,,,,1.0,0.0,300.0,False,True,2026-08-05T17:18:30Z
S4,,,,OpenWSFZ,CQ Q1ABC FN42,,,,2.0,0.1,300.0,False,True,2026-08-05T17:18:45Z
S4,,,,OpenWSFZ,CQ Q1ABC FN42,,,,0.0,0.1,566.0,False,True,2026-08-05T17:19:00Z
S4,,,,OpenWSFZ,CQ Q1ABC FN42,,,,1.0,0.2,566.0,False,True,2026-08-05T17:19:15Z
S4,,,,OpenWSFZ,CQ Q1ABC FN42,,,,1.0,0.2,566.0,False,True,2026-08-05T17:19:30Z
S4,,,,OpenWSFZ,CQ Q1ABC FN42,,,,1.0,0.2,834.0,False,True,2026-08-05T17:19:45Z
S4,,,,OpenWSFZ,CQ Q1ABC FN42,,,,2.0,0.3,834.0,False,True,2026-08-05T17:20:00Z
S4,,,,OpenWSFZ,CQ Q1ABC FN42,,,,2.0,0.4,834.0,False,True,2026-08-05T17:20:15Z
S4,,,,OpenWSFZ,[FP-CALL] [FP-CALL] IM50,,,,-26.0,1.3,1716.0,False,True,2026-08-05T17:20:15Z
S4,,,,OpenWSFZ,CQ Q1ABC FN42,,,,1.0,0.4,1100.0,False,True,2026-08-05T17:20:30Z
S4,,,,OpenWSFZ,CQ Q1ABC FN42,,,,1.0,0.0,1100.0,False,True,2026-08-05T17:21:00Z
S4,,,,OpenWSFZ,CQ Q1ABC FN42,,,,1.0,0.0,1100.0,False,True,2026-08-05T17:21:15Z
S4,,,,OpenWSFZ,CQ Q1ABC FN42,,,,1.0,0.1,1369.0,False,True,2026-08-05T17:21:30Z
S4,,,,OpenWSFZ,CQ Q1ABC FN42,,,,1.0,0.2,1369.0,False,True,2026-08-05T17:21:45Z
S4,,,,OpenWSFZ,CQ Q1ABC FN42,,,,1.0,0.2,1369.0,False,True,2026-08-05T17:22:00Z
S4,,,,OpenWSFZ,CQ Q1ABC FN42,,,,1.0,0.2,1634.0,False,True,2026-08-05T17:22:15Z
S4,,,,OpenWSFZ,CQ Q1ABC FN42,,,,2.0,0.3,1634.0,False,True,2026-08-05T17:22:30Z
S4,,,,OpenWSFZ,CQ Q1ABC FN42,,,,1.0,0.4,1634.0,False,True,2026-08-05T17:22:45Z
S4,,,,OpenWSFZ,CQ Q1ABC FN42,,,,2.0,0.4,1903.0,False,True,2026-08-05T17:23:00Z
S4,,,,OpenWSFZ,CQ Q1ABC FN42,,,,0.0,0.0,1903.0,False,True,2026-08-05T17:23:30Z
S4,,,,OpenWSFZ,CQ Q1ABC FN42,,,,0.0,0.1,1903.0,False,True,2026-08-05T17:23:45Z
S4,,,,OpenWSFZ,CQ Q1ABC FN42,,,,2.0,0.1,2169.0,False,True,2026-08-05T17:24:00Z
S4,,,,OpenWSFZ,CQ Q1ABC FN42,,,,2.0,0.2,2169.0,False,True,2026-08-05T17:24:15Z
S4,,,,OpenWSFZ,CQ Q1ABC FN42,,,,2.0,0.2,2169.0,False,True,2026-08-05T17:24:30Z
S4,,,,OpenWSFZ,CQ Q1ABC FN42,,,,1.0,0.3,2438.0,False,True,2026-08-05T17:24:45Z
S4,,,,OpenWSFZ,CQ Q1ABC FN42,,,,0.0,0.3,2438.0,False,True,2026-08-05T17:25:00Z
S4,,,,OpenWSFZ,CQ Q1ABC FN42,,,,1.0,0.4,2438.0,False,True,2026-08-05T17:25:15Z
S4,,,,OpenWSFZ,CQ Q1ABC FN42,,,,-9.0,-0.1,2700.0,False,True,2026-08-05T17:25:45Z
S4,,,,OpenWSFZ,CQ Q1ABC FN42,,,,2.0,0.0,2700.0,False,True,2026-08-05T17:26:00Z
S4,,,,OpenWSFZ,CQ Q1ABC FN42,,,,2.0,0.1,2700.0,False,True,2026-08-05T17:26:15Z
S4,,,,OpenWSFZ,CQ Q1ABC FN42,,,,-16.0,-0.2,1500.0,False,True,2026-08-05T17:26:45Z
S4,,,,OpenWSFZ,CQ Q1ABC FN42,,,,-16.0,-0.2,1500.0,False,True,2026-08-05T17:27:00Z
S4,,,,OpenWSFZ,CQ Q1ABC FN42,,,,-15.0,-0.1,1500.0,False,True,2026-08-05T17:27:15Z
S4,,,,OpenWSFZ,CQ Q1ABC FN42,,,,2.0,0.2,1500.0,False,True,2026-08-05T17:27:30Z
S4,,,,OpenWSFZ,CQ Q1ABC FN42,,,,2.0,0.3,1500.0,False,True,2026-08-05T17:27:45Z
S4,,,,OpenWSFZ,CQ Q1ABC FN42,,,,1.0,0.3,1500.0,False,True,2026-08-05T17:28:00Z
S4,,,,OpenWSFZ,CQ Q1ABC FN42,,,,2.0,0.7,1500.0,False,True,2026-08-05T17:28:15Z
S4,,,,OpenWSFZ,CQ Q1ABC FN42,,,,2.0,0.8,1500.0,False,True,2026-08-05T17:28:30Z
S4,,,,OpenWSFZ,CQ Q1ABC FN42,,,,1.0,0.3,1500.0,False,True,2026-08-05T17:29:00Z
S4,,,,OpenWSFZ,CQ Q1ABC FN42,,,,2.0,0.7,1500.0,False,True,2026-08-05T17:29:15Z
S4,,,,OpenWSFZ,CQ Q1ABC FN42,,,,2.0,0.8,1500.0,False,True,2026-08-05T17:29:30Z
S4,,,,OpenWSFZ,CQ Q1ABC FN42,,,,1.0,0.9,1500.0,False,True,2026-08-05T17:29:45Z
S4,,,,OpenWSFZ,CQ Q1ABC FN42,,,,2.0,1.2,1500.0,False,True,2026-08-05T17:30:00Z
S4,,,,OpenWSFZ,CQ Q1ABC FN42,,,,2.0,1.3,1500.0,False,True,2026-08-05T17:30:15Z
S4,,,,OpenWSFZ,CQ Q1ABC FN42,,,,1.0,1.3,1500.0,False,True,2026-08-05T17:30:30Z
S4,,,,OpenWSFZ,CQ Q1ABC FN42,,,,2.0,1.7,1500.0,False,True,2026-08-05T17:30:45Z
S4,,,,OpenWSFZ,CQ Q1ABC FN42,,,,1.0,1.8,1500.0,False,True,2026-08-05T17:31:00Z
S4,,,,OpenWSFZ,CQ Q1ABC FN42,,,,1.0,1.2,1500.0,False,True,2026-08-05T17:31:30Z
S4,,,,OpenWSFZ,CQ Q1ABC FN42,,,,2.0,1.6,1500.0,False,True,2026-08-05T17:31:45Z
S4,,,,OpenWSFZ,CQ Q1ABC FN42,,,,2.0,1.7,1500.0,False,True,2026-08-05T17:32:00Z
S4,,,,OpenWSFZ,CQ Q1ABC FN42,,,,1.0,1.8,1500.0,False,True,2026-08-05T17:32:15Z
S4,,,,OpenWSFZ,CQ Q1ABC FN42,,,,2.0,2.1,1500.0,False,True,2026-08-05T17:32:30Z
S4,,,,OpenWSFZ,CQ Q1ABC FN42,,,,2.0,2.2,1500.0,False,True,2026-08-05T17:32:45Z
S4,,,,OpenWSFZ,CQ Q1ABC FN42,,,,2.0,2.2,1500.0,False,True,2026-08-05T17:33:00Z
S4,,,,OpenWSFZ,CQ Q1ABC FN42,,,,1.0,2.6,1500.0,False,True,2026-08-05T17:33:15Z
S4,,,,OpenWSFZ,CQ Q1ABC FN42,,,,1.0,2.6,1500.0,False,True,2026-08-05T17:33:30Z
S4,,,,OpenWSFZ,CQ Q1ABC FN42,,,,1.0,2.2,1500.0,False,True,2026-08-05T17:34:00Z
S4,,,,OpenWSFZ,CQ Q1ABC FN42,,,,1.0,2.2,1500.0,False,True,2026-08-05T17:34:15Z
S4,,,,OpenWSFZ,CQ Q1ABC FN42,,,,2.0,2.2,1500.0,False,True,2026-08-05T17:34:30Z
S4,,,,OpenWSFZ,CQ Q1ABC FN42,,,,2.0,2.3,1500.0,False,True,2026-08-05T17:34:45Z
S4,,,,OpenWSFZ,[FP-CALL] [FP-CALL] DN94,,,,-27.0,-0.6,494.0,False,True,2026-08-05T17:35:30Z
S4,,,,OpenWSFZ,[FP-CALL] [FP-CALL] RA70,,,,-16.0,0.7,2694.0,False,True,2026-08-05T17:38:45Z
S4,,,,OpenWSFZ,[FP-CALL] <...> PC62,,,,-23.0,0.7,925.0,False,True,2026-08-05T17:39:15Z
S4,,,,OpenWSFZ,[FP-CALL] [FP-CALL] MC38,,,,-16.0,0.7,1431.0,False,True,2026-08-05T17:39:45Z
S4,,,,OpenWSFZ,CQ 7DQMYN 9 NT,,,,-24.0,0.6,941.0,False,True,2026-08-05T17:39:45Z
S4,,,,OpenWSFZ,[FP-CALL] [FP-CALL] CO92,,,,-25.0,0.7,706.0,False,True,2026-08-05T17:40:15Z
S4,,,,OpenWSFZ,[FP-CALL] [FP-CALL] EK49,,,,-15.0,-1.0,1884.0,False,True,2026-08-05T17:41:15Z
S4,,,,OpenWSFZ,Q4XYZ Q1ABC -07,,,,-15.0,-0.2,1506.0,False,True,2026-08-05T18:13:00Z
S4,,,,OpenWSFZ,Q4XYZ Q1ABC -07,,,,-14.0,-0.1,1506.0,False,True,2026-08-05T18:13:15Z
S4,,,,OpenWSFZ,Q4XYZ Q1ABC -07,,,,1.0,0.1,1506.0,False,True,2026-08-05T18:13:30Z
S4,,,,OpenWSFZ,Q4XYZ Q1ABC -07,,,,1.0,0.2,1506.0,False,True,2026-08-05T18:13:45Z
S4,,,,OpenWSFZ,[FP-CALL] [FP-CALL] EH49,,,,-27.0,-1.0,397.0,False,True,2026-08-05T18:13:45Z
S4,,,,OpenWSFZ,CQ Q1ABC FN42,,,,-3.0,0.2,1497.0,False,True,2026-08-05T18:13:45Z
S4,,,,OpenWSFZ,Q4XYZ Q1ABC -07,,,,-15.0,-0.2,1506.0,False,True,2026-08-05T18:14:15Z
S4,,,,OpenWSFZ,Q4XYZ Q1ABC -07,,,,-20.0,-0.1,1513.0,False,True,2026-08-05T18:14:30Z
S4,,,,OpenWSFZ,Q4XYZ Q1ABC -07,,,,-5.0,0.1,1513.0,False,True,2026-08-05T18:14:45Z
S4,,,,OpenWSFZ,Q4XYZ Q1ABC -07,,,,-4.0,0.2,1513.0,False,True,2026-08-05T18:15:00Z
S4,,,,OpenWSFZ,CQ Q1ABC FN42,,,,-4.0,0.2,1500.0,False,True,2026-08-05T18:15:00Z
S4,,,,OpenWSFZ,Q4XYZ Q1ABC -07,,,,-20.0,-0.2,1513.0,False,True,2026-08-05T18:15:30Z
S4,,,,OpenWSFZ,CQ FOCC [FP-CALL] ND15,,,,-27.0,-1.4,2606.0,False,True,2026-08-05T18:15:30Z
S4,,,,OpenWSFZ,Q4XYZ Q1ABC -07,,,,-19.0,-0.1,1513.0,False,True,2026-08-05T18:15:45Z
S4,,,,OpenWSFZ,<...> 0WQ65JBEZEZ,,,,-28.0,-0.4,1816.0,False,True,2026-08-05T18:15:45Z
S4,,,,OpenWSFZ,Q4XYZ Q1ABC -07,,,,-12.0,-0.1,1503.0,False,True,2026-08-05T18:17:45Z
S4,,,,OpenWSFZ,CQ Q1ABC FN42,,,,-10.0,-0.1,1500.0,False,True,2026-08-05T18:17:45Z
S4,,,,OpenWSFZ,Q4XYZ Q1ABC -07,,,,2.0,0.1,1503.0,False,True,2026-08-05T18:18:00Z
S4,,,,OpenWSFZ,CQ Q1ABC FN42,,,,2.0,0.1,1500.0,False,True,2026-08-05T18:18:00Z
S4,,,,OpenWSFZ,Q4XYZ Q1ABC -07,,,,-14.0,-0.2,1503.0,False,True,2026-08-05T18:18:30Z
S4,,,,OpenWSFZ,CQ Q1ABC FN42,,,,-11.0,-0.2,1500.0,False,True,2026-08-05T18:18:30Z
S4,,,,OpenWSFZ,Q4XYZ Q1ABC -07,,,,-10.0,-0.1,1503.0,False,True,2026-08-05T18:18:45Z
S4,,,,OpenWSFZ,CQ Q1ABC FN42,,,,-8.0,-0.1,1500.0,False,True,2026-08-05T18:18:45Z
S4,,,,OpenWSFZ,Q4XYZ Q1ABC -07,,,,0.0,0.2,1503.0,False,True,2026-08-05T18:19:00Z
S4,,,,OpenWSFZ,CQ Q1ABC FN42,,,,0.0,0.2,1500.0,False,True,2026-08-05T18:19:00Z
S4,,,,OpenWSFZ,Q4XYZ Q1ABC -07,,,,-17.0,-0.2,1506.0,False,True,2026-08-05T18:19:30Z
S4,,,,OpenWSFZ,Q4XYZ Q1ABC -07,,,,1.0,0.2,1506.0,False,True,2026-08-05T18:20:00Z
S4,,,,OpenWSFZ,Q4XYZ Q1ABC -07,,,,-18.0,-0.2,1506.0,False,True,2026-08-05T18:20:30Z
S4,,,,OpenWSFZ,Q4XYZ Q1ABC -07,,,,-11.0,-0.1,1506.0,False,True,2026-08-05T18:20:45Z
S4,,,,OpenWSFZ,Q4XYZ Q1ABC -07,,,,1.0,0.2,1513.0,False,True,2026-08-05T18:21:00Z
S4,,,,OpenWSFZ,CQ Q1ABC FN42,,,,0.0,0.2,1500.0,False,True,2026-08-05T18:21:00Z
S4,,,,OpenWSFZ,Q4XYZ Q1ABC -07,,,,-16.0,-0.2,1513.0,False,True,2026-08-05T18:21:30Z
S4,,,,OpenWSFZ,Q4XYZ Q1ABC -07,,,,-10.0,-0.1,1513.0,False,True,2026-08-05T18:21:45Z
S4,,,,OpenWSFZ,Q4XYZ Q1ABC -07,,,,1.0,0.2,1513.0,False,True,2026-08-05T18:22:00Z
S4,,,,OpenWSFZ,[FP-CALL] [FP-CALL] DP75,,,,-10.0,0.1,1513.0,False,True,2026-08-05T18:22:00Z
S4,,,,OpenWSFZ,CQ Q1ABC FN42,,,,0.0,0.2,1500.0,False,True,2026-08-05T18:22:00Z
S4,,,,OpenWSFZ,Q4XYZ Q1ABC -07,,,,-17.0,-0.2,1513.0,False,True,2026-08-05T18:22:30Z
S4,,,,OpenWSFZ,Q4XYZ Q1ABC -07,,,,-13.0,-0.1,1525.0,False,True,2026-08-05T18:22:45Z
S4,,,,OpenWSFZ,CQ Q1ABC FN42,,,,-10.0,-0.1,1500.0,False,True,2026-08-05T18:22:45Z
S4,,,,OpenWSFZ,Q4XYZ Q1ABC -07,,,,1.0,0.1,1525.0,False,True,2026-08-05T18:23:00Z
S4,,,,OpenWSFZ,CQ Q1ABC FN42,,,,1.0,0.1,1500.0,False,True,2026-08-05T18:23:00Z
S4,,,,OpenWSFZ,Q4XYZ Q1ABC -07,,,,-18.0,-0.2,1525.0,False,True,2026-08-05T18:23:30Z
S4,,,,OpenWSFZ,Q4XYZ Q1ABC -07,,,,-14.0,-0.1,1525.0,False,True,2026-08-05T18:23:45Z
S4,,,,OpenWSFZ,CQ Q1ABC FN42,,,,-12.0,-0.1,1500.0,False,True,2026-08-05T18:23:45Z
S4,,,,OpenWSFZ,Q4XYZ Q1ABC -07,,,,1.0,0.1,1525.0,False,True,2026-08-05T18:24:00Z
S4,,,,OpenWSFZ,CQ Q1ABC FN42,,,,1.0,0.1,1500.0,False,True,2026-08-05T18:24:00Z
S4,,,,OpenWSFZ,<...> [FP-CALL] BA84,,,,-11.0,0.2,1522.0,False,True,2026-08-05T18:24:00Z
S4,,,,OpenWSFZ,Q4XYZ Q1ABC -07,,,,-20.0,-0.2,1550.0,False,True,2026-08-05T18:24:30Z
S4,,,,OpenWSFZ,CQ Q1ABC FN42,,,,-16.0,-0.2,1500.0,False,True,2026-08-05T18:24:30Z
S4,,,,OpenWSFZ,Q4XYZ Q1ABC -07,,,,1.0,0.0,1550.0,False,True,2026-08-05T18:24:45Z
S4,,,,OpenWSFZ,CQ Q1ABC FN42,,,,1.0,0.0,1500.0,False,True,2026-08-05T18:24:45Z
S4,,,,OpenWSFZ,CQ Q1ABC FN42,,,,1.0,0.2,1500.0,False,True,2026-08-05T18:25:00Z
S4,,,,OpenWSFZ,Q4XYZ Q1ABC -07,,,,1.0,0.2,1550.0,False,True,2026-08-05T18:25:00Z
S4,,,,OpenWSFZ,Q4XYZ Q1ABC -07,,,,-20.0,-0.2,1550.0,False,True,2026-08-05T18:25:30Z
S4,,,,OpenWSFZ,CQ Q1ABC FN42,,,,-16.0,-0.2,1500.0,False,True,2026-08-05T18:25:30Z
S4,,,,OpenWSFZ,Q4XYZ Q1ABC -07,,,,0.0,0.0,1550.0,False,True,2026-08-05T18:25:45Z
S4,,,,OpenWSFZ,CQ Q1ABC FN42,,,,1.0,0.0,1500.0,False,True,2026-08-05T18:25:45Z
S4,,,,OpenWSFZ,CQ Q1ABC FN42,,,,2.0,0.2,1500.0,False,True,2026-08-05T18:26:00Z
S4,,,,OpenWSFZ,Q4XYZ Q1ABC -07,,,,0.0,0.6,1509.0,False,True,2026-08-05T18:26:00Z
S4,,,,OpenWSFZ,CQ Q1ABC FN42,,,,-12.0,-0.2,1500.0,False,True,2026-08-05T18:26:30Z
S4,,,,OpenWSFZ,Q4XYZ Q1ABC -07,,,,1.0,0.2,1509.0,False,True,2026-08-05T18:26:30Z
S4,,,,OpenWSFZ,Q4XYZ Q1ABC -07,,,,1.0,0.5,1509.0,False,True,2026-08-05T18:26:45Z
S4,,,,OpenWSFZ,CQ Q1ABC FN42,,,,-2.0,0.0,1500.0,False,True,2026-08-05T18:26:45Z
S4,,,,OpenWSFZ,CQ Q1ABC FN42,,,,1.0,0.2,1500.0,False,True,2026-08-05T18:27:00Z
S4,,,,OpenWSFZ,Q4XYZ Q1ABC -07,,,,0.0,0.7,1509.0,False,True,2026-08-05T18:27:00Z
S4,,,,OpenWSFZ,Q4XYZ Q1ABC -07,,,,1.0,0.2,1509.0,False,True,2026-08-05T18:27:30Z
S4,,,,OpenWSFZ,CQ Q1ABC FN42,,,,-14.0,-0.2,1500.0,False,True,2026-08-05T18:27:30Z
S4,,,,OpenWSFZ,Q4XYZ Q1ABC -07,,,,1.0,1.0,1513.0,False,True,2026-08-05T18:27:45Z
S4,,,,OpenWSFZ,CQ Q1ABC FN42,,,,-6.0,-0.1,1500.0,False,True,2026-08-05T18:27:45Z
S4,,,,OpenWSFZ,Q4XYZ Q1ABC -07,,,,0.0,1.1,1513.0,False,True,2026-08-05T18:28:00Z
S4,,,,OpenWSFZ,CQ Q1ABC FN42,,,,2.0,0.2,1500.0,False,True,2026-08-05T18:28:00Z
S4,,,,OpenWSFZ,CQ Q1ABC FN42,,,,-12.0,-0.2,1500.0,False,True,2026-08-05T18:28:30Z
S4,,,,OpenWSFZ,Q4XYZ Q1ABC -07,,,,1.0,1.0,1513.0,False,True,2026-08-05T18:28:45Z
S4,,,,OpenWSFZ,CQ Q1ABC FN42,,,,-6.0,-0.1,1500.0,False,True,2026-08-05T18:28:45Z
S4,,,,OpenWSFZ,CQ Q1ABC FN42,,,,1.0,0.1,1500.0,False,True,2026-08-05T18:29:00Z
S4,,,,OpenWSFZ,Q4XYZ Q1ABC -07,,,,0.0,1.1,1513.0,False,True,2026-08-05T18:29:00Z
S4,,,,OpenWSFZ,[FP-CALL] [FP-CALL] NJ63,,,,-27.0,2.7,2194.0,False,True,2026-08-05T18:29:00Z
S4,,,,OpenWSFZ,Q4XYZ Q1ABC -07,,,,2.0,1.8,1509.0,False,True,2026-08-05T18:29:30Z
S4,,,,OpenWSFZ,CQ Q1ABC FN42,,,,-11.0,-0.2,1500.0,False,True,2026-08-05T18:29:30Z
S4,,,,OpenWSFZ,Q4XYZ Q1ABC -07,,,,2.0,1.9,1509.0,False,True,2026-08-05T18:29:45Z
S4,,,,OpenWSFZ,CQ Q1ABC FN42,,,,-10.0,-0.1,1500.0,False,True,2026-08-05T18:29:45Z
S4,,,,OpenWSFZ,[FP-CALL] [FP-CALL] RJ47,,,,-8.0,1.9,1506.0,False,True,2026-08-05T18:29:45Z
S4,,,,OpenWSFZ,Q4XYZ Q1ABC -07,,,,2.0,2.1,1509.0,False,True,2026-08-05T18:30:00Z
S4,,,,OpenWSFZ,CQ Q1ABC FN42,,,,2.0,0.1,1500.0,False,True,2026-08-05T18:30:00Z
S4,,,,OpenWSFZ,Q4XYZ Q1ABC -07,,,,2.0,2.2,1509.0,False,True,2026-08-05T18:30:15Z
S4,,,,OpenWSFZ,CQ Q1ABC FN42,,,,2.0,0.2,1500.0,False,True,2026-08-05T18:30:15Z
S4,,,,OpenWSFZ,Q4XYZ Q1ABC -07,,,,2.0,1.8,1509.0,False,True,2026-08-05T18:30:45Z
S4,,,,OpenWSFZ,CQ Q1ABC FN42,,,,-10.0,-0.2,1500.0,False,True,2026-08-05T18:30:45Z
S4,,,,OpenWSFZ,CQ Q1ABC FN42,,,,-12.0,-0.1,1500.0,False,True,2026-08-05T18:31:00Z
S4,,,,OpenWSFZ,CQ Q1ABC FN42,,,,2.0,0.1,1500.0,False,True,2026-08-05T18:31:15Z
S4,,,,OpenWSFZ,Q4XYZ Q1ABC -07,,,,-4.0,0.1,1516.0,False,True,2026-08-05T18:31:15Z
S4,,,,OpenWSFZ,CQ Q1ABC FN42,,,,-15.0,-0.2,1500.0,False,True,2026-08-05T18:31:45Z
S4,,,,OpenWSFZ,CQ Q1ABC FN42,,,,-7.0,-0.1,1500.0,False,True,2026-08-05T18:32:00Z
S4,,,,OpenWSFZ,CQ Q1ABC FN42,,,,2.0,0.2,1500.0,False,True,2026-08-05T18:32:15Z
S4,,,,OpenWSFZ,Q4XYZ Q1ABC -07,,,,-4.0,0.2,1516.0,False,True,2026-08-05T18:32:15Z
S4,,,,OpenWSFZ,CQ Q1ABC FN42,,,,-15.0,-0.2,1500.0,False,True,2026-08-05T18:32:45Z
S4,,,,OpenWSFZ,CQ Q1ABC FN42,,,,1.0,0.0,1500.0,False,True,2026-08-05T18:33:00Z
S4,,,,OpenWSFZ,CQ Q1ABC FN42,,,,2.0,0.2,1500.0,False,True,2026-08-05T18:33:15Z
S4,,,,OpenWSFZ,CQ Q1ABC FN42,,,,-14.0,-0.2,1500.0,False,True,2026-08-05T18:33:45Z
S4,,,,OpenWSFZ,CQ Q1ABC FN42,,,,1.0,0.0,1500.0,False,True,2026-08-05T18:34:00Z
S4,,,,OpenWSFZ,CQ Q1ABC FN42,,,,1.0,0.2,1500.0,False,True,2026-08-05T18:34:15Z
S4,,,,OpenWSFZ,CQ Q1ABC FN42,,,,-15.0,-0.2,1500.0,False,True,2026-08-05T18:34:45Z
S4,,,,OpenWSFZ,CQ Q1ABC FN42,,,,-7.0,-0.1,1500.0,False,True,2026-08-05T18:35:00Z
S4,,,,OpenWSFZ,CQ Q1ABC FN42,,,,1.0,0.2,1500.0,False,True,2026-08-05T18:35:15Z
S4,,,,OpenWSFZ,CQ Q1ABC FN42,,,,-15.0,-0.2,1500.0,False,True,2026-08-05T18:35:45Z
S4,,,,OpenWSFZ,CQ Q1ABC FN42,,,,4.0,0.0,1500.0,False,True,2026-08-05T18:36:00Z
S4,,,,OpenWSFZ,CQ Q1ABC FN42,,,,4.0,0.2,1500.0,False,True,2026-08-05T18:36:15Z
S4,,,,OpenWSFZ,CQ Q1ABC FN42,,,,-13.0,-0.2,1500.0,False,True,2026-08-05T18:36:45Z
S4,,,,OpenWSFZ,CQ Q1ABC FN42,,,,-8.0,-0.1,1500.0,False,True,2026-08-05T18:37:00Z
S4,,,,OpenWSFZ,CQ Q1ABC FN42,,,,4.0,0.2,1500.0,False,True,2026-08-05T18:37:15Z
S4,,,,OpenWSFZ,Q4XYZ Q1ABC -07,,,,-13.0,-0.2,1503.0,False,True,2026-08-05T18:37:45Z
S4,,,,OpenWSFZ,Q4XYZ Q1ABC -07,,,,-13.0,-0.2,1503.0,False,True,2026-08-05T18:38:45Z
S4,,,,OpenWSFZ,Q4XYZ Q1ABC -07,,,,1.0,0.2,1506.0,False,True,2026-08-05T18:39:15Z
S4,,,,OpenWSFZ,CQ Q1ABC FN42,,,,-3.0,0.2,1497.0,False,True,2026-08-05T18:39:15Z
S4,,,,OpenWSFZ,Q4XYZ Q1ABC -07,,,,-15.0,-0.2,1506.0,False,True,2026-08-05T18:39:45Z
S4,,,,OpenWSFZ,Q4XYZ Q1ABC -07,,,,1.0,0.0,1506.0,False,True,2026-08-05T18:40:00Z
S4,,,,OpenWSFZ,Q4XYZ Q1ABC -07,,,,1.0,0.2,1506.0,False,True,2026-08-05T18:40:15Z
S4,,,,OpenWSFZ,CQ Q1ABC FN42,,,,-4.0,0.2,1497.0,False,True,2026-08-05T18:40:15Z
S4,,,,OpenWSFZ,Q4XYZ Q1ABC -07,,,,-15.0,-0.2,1509.0,False,True,2026-08-05T18:40:45Z
S4,,,,OpenWSFZ,CQ Q1ABC FN42,,,,2.0,0.0,1500.0,False,True,2026-08-05T18:41:00Z
S4,,,,OpenWSFZ,Q4XYZ Q1ABC -07,,,,0.0,0.0,1509.0,False,True,2026-08-05T18:41:00Z
S4,,,,OpenWSFZ,[FP-CALL] [FP-CALL] RK86,,,,-7.0,0.0,1497.0,False,True,2026-08-05T18:41:00Z
S4,,,,OpenWSFZ,Q4XYZ Q1ABC -07,,,,0.0,0.2,1509.0,False,True,2026-08-05T18:41:15Z
S4,,,,OpenWSFZ,CQ Q1ABC FN42,,,,-12.0,-0.2,1500.0,False,True,2026-08-05T18:41:45Z
S4,,,,OpenWSFZ,Q4XYZ Q1ABC -07,,,,-15.0,-0.2,1509.0,False,True,2026-08-05T18:41:45Z
S4,,,,OpenWSFZ,CQ Q1ABC FN42,,,,1.0,0.0,1500.0,False,True,2026-08-05T18:42:00Z
S4,,,,OpenWSFZ,Q4XYZ Q1ABC -07,,,,0.0,0.0,1509.0,False,True,2026-08-05T18:42:00Z
S4,,,,OpenWSFZ,Q4XYZ Q1ABC -07,,,,0.0,0.2,1509.0,False,True,2026-08-05T18:42:15Z
S4,,,,OpenWSFZ,CQ Q1ABC FN42,,,,1.0,0.2,1500.0,False,True,2026-08-05T18:42:15Z
S4,,,,OpenWSFZ,Q4XYZ Q1ABC -07,,,,-17.0,-0.2,1516.0,False,True,2026-08-05T18:42:45Z
S4,,,,OpenWSFZ,CQ Q1ABC FN42,,,,-13.0,-0.2,1500.0,False,True,2026-08-05T18:42:45Z
S4,,,,OpenWSFZ,Q4XYZ Q1ABC -07,,,,-14.0,-0.1,1516.0,False,True,2026-08-05T18:43:00Z
S4,,,,OpenWSFZ,CQ Q1ABC FN42,,,,-11.0,-0.1,1500.0,False,True,2026-08-05T18:43:00Z
S4,,,,OpenWSFZ,CQ Q1ABC FN42,,,,0.0,0.0,1500.0,False,True,2026-08-05T18:43:15Z
S4,,,,OpenWSFZ,Q4XYZ Q1ABC -07,,,,0.0,0.0,1516.0,False,True,2026-08-05T18:43:15Z
S4,,,,OpenWSFZ,CQ Q1ABC FN42,,,,2.0,0.2,1500.0,False,True,2026-08-05T18:43:30Z
S4,,,,OpenWSFZ,Q4XYZ Q1ABC -07,,,,1.0,0.2,1516.0,False,True,2026-08-05T18:43:30Z
S4,,,,OpenWSFZ,CQ Q1ABC FN42,,,,-12.0,-0.2,1500.0,False,True,2026-08-05T18:44:00Z
S4,,,,OpenWSFZ,Q4XYZ Q1ABC -07,,,,-17.0,-0.2,1516.0,False,True,2026-08-05T18:44:00Z
S4,,,,OpenWSFZ,Q4XYZ Q1ABC -07,,,,-9.0,-0.1,1509.0,False,True,2026-08-05T18:44:15Z
S4,,,,OpenWSFZ,CQ Q1ABC FN42,,,,-8.0,-0.1,1500.0,False,True,2026-08-05T18:44:15Z
S4,,,,OpenWSFZ,[FP-CALL] [FP-CALL] HJ08,,,,-27.0,-1.6,1903.0,False,True,2026-08-05T18:44:15Z
S4,,,,OpenWSFZ,Q4XYZ Q1ABC -07,,,,0.0,0.2,1509.0,False,True,2026-08-05T18:44:30Z
S4,,,,OpenWSFZ,CQ Q1ABC FN42,,,,1.0,0.2,1500.0,False,True,2026-08-05T18:44:30Z
S4,,,,OpenWSFZ,Q4XYZ Q1ABC -07,,,,-14.0,-0.2,1509.0,False,True,2026-08-05T18:45:00Z
S4,,,,OpenWSFZ,CQ Q1ABC FN42,,,,-12.0,-0.2,1500.0,False,True,2026-08-05T18:45:00Z
S4,,,,OpenWSFZ,Q4XYZ Q1ABC -07,,,,0.0,0.0,1509.0,False,True,2026-08-05T18:45:15Z
S4,,,,OpenWSFZ,CQ Q1ABC FN42,,,,1.0,0.0,1500.0,False,True,2026-08-05T18:45:15Z
S4,,,,OpenWSFZ,Q4XYZ Q1ABC -07,,,,0.0,0.2,1509.0,False,True,2026-08-05T18:45:30Z
S4,,,,OpenWSFZ,CQ Q1ABC FN42,,,,1.0,0.2,1500.0,False,True,2026-08-05T18:45:30Z
S4,,,,OpenWSFZ,Q4XYZ Q1ABC -07,,,,-15.0,-0.2,1509.0,False,True,2026-08-05T18:46:00Z
S4,,,,OpenWSFZ,CQ Q1ABC FN42,,,,-13.0,-0.2,1500.0,False,True,2026-08-05T18:46:00Z
S4,,,,OpenWSFZ,[FP-CALL] [FP-CALL] HK02,,,,-27.0,-1.4,209.0,False,True,2026-08-05T18:46:00Z
S4,,,,OpenWSFZ,Q4XYZ Q1ABC -07,,,,-14.0,-0.1,1509.0,False,True,2026-08-05T18:46:15Z
S4,,,,OpenWSFZ,CQ Q1ABC FN42,,,,-11.0,-0.1,1500.0,False,True,2026-08-05T18:46:15Z
S4,,,,OpenWSFZ,Q4XYZ Q1ABC -07,,,,2.0,0.1,1509.0,False,True,2026-08-05T18:46:30Z
S4,,,,OpenWSFZ,CQ Q1ABC FN42,,,,2.0,0.1,1500.0,False,True,2026-08-05T18:46:30Z
S4,,,,OpenWSFZ,Q4XYZ Q1ABC -07,,,,1.0,0.2,1509.0,False,True,2026-08-05T18:46:45Z
S4,,,,OpenWSFZ,CQ Q1ABC FN42,,,,1.0,0.2,1500.0,False,True,2026-08-05T18:46:45Z
S4,,,,OpenWSFZ,Q4XYZ Q1ABC -07,,,,-15.0,-0.2,1509.0,False,True,2026-08-05T18:47:15Z
S4,,,,OpenWSFZ,CQ Q1ABC FN42,,,,-11.0,-0.2,1500.0,False,True,2026-08-05T18:47:15Z
