point,scenario,bucket,slot_count,fp_count,fp_per_100_slots
k5_c0.10_n40,S5,0-9,0,0,0.0
k5_c0.10_n40,S5,10-24,0,0,0.0
k5_c0.10_n40,S5,25-49,0,0,0.0
k5_c0.10_n40,S5,50-99,0,0,0.0
k5_c0.10_n40,S5,100+,120,0,0.0
k5_c0.10_n40,S7,0-9,0,0,0.0
k5_c0.10_n40,S7,10-24,0,0,0.0
k5_c0.10_n40,S7,25-49,0,0,0.0
k5_c0.10_n40,S7,50-99,0,0,0.0
k5_c0.10_n40,S7,100+,105,1,0.95
k5_c0.10_n60,S5,0-9,0,0,0.0
k5_c0.10_n60,S5,10-24,0,0,0.0
k5_c0.10_n60,S5,25-49,0,0,0.0
k5_c0.10_n60,S5,50-99,0,0,0.0
k5_c0.10_n60,S5,100+,120,47,39.17
k5_c0.10_n60,S7,0-9,0,0,0.0
k5_c0.10_n60,S7,10-24,0,0,0.0
k5_c0.10_n60,S7,25-49,0,0,0.0
k5_c0.10_n60,S7,50-99,0,0,0.0
k5_c0.10_n60,S7,100+,105,39,37.14
k5_c0.10_n80,S5,0-9,0,0,0.0
k5_c0.10_n80,S5,10-24,0,0,0.0
k5_c0.10_n80,S5,25-49,0,0,0.0
k5_c0.10_n80,S5,50-99,0,0,0.0
k5_c0.10_n80,S5,100+,120,50,41.67
k5_c0.10_n80,S7,0-9,0,0,0.0
k5_c0.10_n80,S7,10-24,0,0,0.0
k5_c0.10_n80,S7,25-49,0,0,0.0
k5_c0.10_n80,S7,50-99,0,0,0.0
k5_c0.10_n80,S7,100+,105,43,40.95
k5_c0.15_n40,S5,0-9,0,0,0.0
k5_c0.15_n40,S5,10-24,0,0,0.0
k5_c0.15_n40,S5,25-49,0,0,0.0
k5_c0.15_n40,S5,50-99,0,0,0.0
k5_c0.15_n40,S5,100+,120,0,0.0
k5_c0.15_n40,S7,0-9,0,0,0.0
k5_c0.15_n40,S7,10-24,0,0,0.0
k5_c0.15_n40,S7,25-49,0,0,0.0
k5_c0.15_n40,S7,50-99,0,0,0.0
k5_c0.15_n40,S7,100+,105,1,0.95
k5_c0.15_n60,S5,0-9,0,0,0.0
k5_c0.15_n60,S5,10-24,0,0,0.0
k5_c0.15_n60,S5,25-49,0,0,0.0
k5_c0.15_n60,S5,50-99,0,0,0.0
k5_c0.15_n60,S5,100+,120,44,36.67
k5_c0.15_n60,S7,0-9,0,0,0.0
k5_c0.15_n60,S7,10-24,0,0,0.0
k5_c0.15_n60,S7,25-49,0,0,0.0
k5_c0.15_n60,S7,50-99,0,0,0.0
k5_c0.15_n60,S7,100+,105,36,34.29
k5_c0.15_n80,S5,0-9,0,0,0.0
k5_c0.15_n80,S5,10-24,0,0,0.0
k5_c0.15_n80,S5,25-49,0,0,0.0
k5_c0.15_n80,S5,50-99,0,0,0.0
k5_c0.15_n80,S5,100+,120,44,36.67
k5_c0.15_n80,S7,0-9,0,0,0.0
k5_c0.15_n80,S7,10-24,0,0,0.0
k5_c0.15_n80,S7,25-49,0,0,0.0
k5_c0.15_n80,S7,50-99,0,0,0.0
k5_c0.15_n80,S7,100+,105,37,35.24
k5_c0.25_n40,S5,0-9,0,0,0.0
k5_c0.25_n40,S5,10-24,0,0,0.0
k5_c0.25_n40,S5,25-49,0,0,0.0
k5_c0.25_n40,S5,50-99,0,0,0.0
k5_c0.25_n40,S5,100+,120,0,0.0
k5_c0.25_n40,S7,0-9,0,0,0.0
k5_c0.25_n40,S7,10-24,0,0,0.0
k5_c0.25_n40,S7,25-49,0,0,0.0
k5_c0.25_n40,S7,50-99,0,0,0.0
k5_c0.25_n40,S7,100+,105,1,0.95
k5_c0.25_n60,S5,0-9,0,0,0.0
k5_c0.25_n60,S5,10-24,0,0,0.0
k5_c0.25_n60,S5,25-49,0,0,0.0
k5_c0.25_n60,S5,50-99,0,0,0.0
k5_c0.25_n60,S5,100+,120,26,21.67
k5_c0.25_n60,S7,0-9,0,0,0.0
k5_c0.25_n60,S7,10-24,0,0,0.0
k5_c0.25_n60,S7,25-49,0,0,0.0
k5_c0.25_n60,S7,50-99,0,0,0.0
k5_c0.25_n60,S7,100+,105,18,17.14
k5_c0.25_n80,S5,0-9,0,0,0.0
k5_c0.25_n80,S5,10-24,0,0,0.0
k5_c0.25_n80,S5,25-49,0,0,0.0
k5_c0.25_n80,S5,50-99,0,0,0.0
k5_c0.25_n80,S5,100+,120,26,21.67
k5_c0.25_n80,S7,0-9,0,0,0.0
k5_c0.25_n80,S7,10-24,0,0,0.0
k5_c0.25_n80,S7,25-49,0,0,0.0
k5_c0.25_n80,S7,50-99,0,0,0.0
k5_c0.25_n80,S7,100+,105,18,17.14
k7_c0.10_n40,S5,0-9,0,0,0.0
k7_c0.10_n40,S5,10-24,0,0,0.0
k7_c0.10_n40,S5,25-49,0,0,0.0
k7_c0.10_n40,S5,50-99,0,0,0.0
k7_c0.10_n40,S5,100+,120,0,0.0
k7_c0.10_n40,S7,0-9,0,0,0.0
k7_c0.10_n40,S7,10-24,0,0,0.0
k7_c0.10_n40,S7,25-49,0,0,0.0
k7_c0.10_n40,S7,50-99,0,0,0.0
k7_c0.10_n40,S7,100+,105,1,0.95
k7_c0.10_n60,S5,0-9,0,0,0.0
k7_c0.10_n60,S5,10-24,0,0,0.0
k7_c0.10_n60,S5,25-49,0,0,0.0
k7_c0.10_n60,S5,50-99,0,0,0.0
k7_c0.10_n60,S5,100+,120,45,37.5
k7_c0.10_n60,S7,0-9,0,0,0.0
k7_c0.10_n60,S7,10-24,0,0,0.0
k7_c0.10_n60,S7,25-49,0,0,0.0
k7_c0.10_n60,S7,50-99,0,0,0.0
k7_c0.10_n60,S7,100+,105,43,40.95
k7_c0.10_n80,S5,0-9,0,0,0.0
k7_c0.10_n80,S5,10-24,0,0,0.0
k7_c0.10_n80,S5,25-49,0,0,0.0
k7_c0.10_n80,S5,50-99,0,0,0.0
k7_c0.10_n80,S5,100+,120,50,41.67
k7_c0.10_n80,S7,0-9,0,0,0.0
k7_c0.10_n80,S7,10-24,0,0,0.0
k7_c0.10_n80,S7,25-49,0,0,0.0
k7_c0.10_n80,S7,50-99,0,0,0.0
k7_c0.10_n80,S7,100+,105,46,43.81
k7_c0.15_n40,S5,0-9,0,0,0.0
k7_c0.15_n40,S5,10-24,0,0,0.0
k7_c0.15_n40,S5,25-49,0,0,0.0
k7_c0.15_n40,S5,50-99,0,0,0.0
k7_c0.15_n40,S5,100+,120,0,0.0
k7_c0.15_n40,S7,0-9,0,0,0.0
k7_c0.15_n40,S7,10-24,0,0,0.0
k7_c0.15_n40,S7,25-49,0,0,0.0
k7_c0.15_n40,S7,50-99,0,0,0.0
k7_c0.15_n40,S7,100+,105,1,0.95
k7_c0.15_n60,S5,0-9,0,0,0.0
k7_c0.15_n60,S5,10-24,0,0,0.0
k7_c0.15_n60,S5,25-49,0,0,0.0
k7_c0.15_n60,S5,50-99,0,0,0.0
k7_c0.15_n60,S5,100+,120,44,36.67
k7_c0.15_n60,S7,0-9,0,0,0.0
k7_c0.15_n60,S7,10-24,0,0,0.0
k7_c0.15_n60,S7,25-49,0,0,0.0
k7_c0.15_n60,S7,50-99,0,0,0.0
k7_c0.15_n60,S7,100+,105,40,38.1
k7_c0.15_n80,S5,0-9,0,0,0.0
k7_c0.15_n80,S5,10-24,0,0,0.0
k7_c0.15_n80,S5,25-49,0,0,0.0
k7_c0.15_n80,S5,50-99,0,0,0.0
k7_c0.15_n80,S5,100+,120,45,37.5
k7_c0.15_n80,S7,0-9,0,0,0.0
k7_c0.15_n80,S7,10-24,0,0,0.0
k7_c0.15_n80,S7,25-49,0,0,0.0
k7_c0.15_n80,S7,50-99,0,0,0.0
k7_c0.15_n80,S7,100+,105,41,39.05
k7_c0.25_n40,S5,0-9,0,0,0.0
k7_c0.25_n40,S5,10-24,0,0,0.0
k7_c0.25_n40,S5,25-49,0,0,0.0
k7_c0.25_n40,S5,50-99,0,0,0.0
k7_c0.25_n40,S5,100+,120,0,0.0
k7_c0.25_n40,S7,0-9,0,0,0.0
k7_c0.25_n40,S7,10-24,0,0,0.0
k7_c0.25_n40,S7,25-49,0,0,0.0
k7_c0.25_n40,S7,50-99,0,0,0.0
k7_c0.25_n40,S7,100+,105,1,0.95
k7_c0.25_n60,S5,0-9,0,0,0.0
k7_c0.25_n60,S5,10-24,0,0,0.0
k7_c0.25_n60,S5,25-49,0,0,0.0
k7_c0.25_n60,S5,50-99,0,0,0.0
k7_c0.25_n60,S5,100+,120,27,22.5
k7_c0.25_n60,S7,0-9,0,0,0.0
k7_c0.25_n60,S7,10-24,0,0,0.0
k7_c0.25_n60,S7,25-49,0,0,0.0
k7_c0.25_n60,S7,50-99,0,0,0.0
k7_c0.25_n60,S7,100+,105,19,18.1
k7_c0.25_n80,S5,0-9,0,0,0.0
k7_c0.25_n80,S5,10-24,0,0,0.0
k7_c0.25_n80,S5,25-49,0,0,0.0
k7_c0.25_n80,S5,50-99,0,0,0.0
k7_c0.25_n80,S5,100+,120,27,22.5
k7_c0.25_n80,S7,0-9,0,0,0.0
k7_c0.25_n80,S7,10-24,0,0,0.0
k7_c0.25_n80,S7,25-49,0,0,0.0
k7_c0.25_n80,S7,50-99,0,0,0.0
k7_c0.25_n80,S7,100+,105,19,18.1
k10_c0.10_n40,S5,0-9,0,0,0.0
k10_c0.10_n40,S5,10-24,82,0,0.0
k10_c0.10_n40,S5,25-49,38,0,0.0
k10_c0.10_n40,S5,50-99,0,0,0.0
k10_c0.10_n40,S5,100+,0,0,0.0
k10_c0.10_n40,S7,0-9,0,0,0.0
k10_c0.10_n40,S7,10-24,1,0,0.0
k10_c0.10_n40,S7,25-49,77,0,0.0
k10_c0.10_n40,S7,50-99,27,0,0.0
k10_c0.10_n40,S7,100+,0,0,0.0
k10_c0.10_n60,S5,0-9,0,0,0.0
k10_c0.10_n60,S5,10-24,82,0,0.0
k10_c0.10_n60,S5,25-49,38,1,2.63
k10_c0.10_n60,S5,50-99,0,0,0.0
k10_c0.10_n60,S5,100+,0,0,0.0
k10_c0.10_n60,S7,0-9,0,0,0.0
k10_c0.10_n60,S7,10-24,1,0,0.0
k10_c0.10_n60,S7,25-49,77,7,9.09
k10_c0.10_n60,S7,50-99,27,1,3.7
k10_c0.10_n60,S7,100+,0,0,0.0
k10_c0.10_n80,S5,0-9,0,0,0.0
k10_c0.10_n80,S5,10-24,82,0,0.0
k10_c0.10_n80,S5,25-49,38,2,5.26
k10_c0.10_n80,S5,50-99,0,0,0.0
k10_c0.10_n80,S5,100+,0,0,0.0
k10_c0.10_n80,S7,0-9,0,0,0.0
k10_c0.10_n80,S7,10-24,1,0,0.0
k10_c0.10_n80,S7,25-49,77,7,9.09
k10_c0.10_n80,S7,50-99,27,1,3.7
k10_c0.10_n80,S7,100+,0,0,0.0
k10_c0.15_n40,S5,0-9,0,0,0.0
k10_c0.15_n40,S5,10-24,82,0,0.0
k10_c0.15_n40,S5,25-49,38,0,0.0
k10_c0.15_n40,S5,50-99,0,0,0.0
k10_c0.15_n40,S5,100+,0,0,0.0
k10_c0.15_n40,S7,0-9,0,0,0.0
k10_c0.15_n40,S7,10-24,1,0,0.0
k10_c0.15_n40,S7,25-49,77,0,0.0
k10_c0.15_n40,S7,50-99,27,0,0.0
k10_c0.15_n40,S7,100+,0,0,0.0
k10_c0.15_n60,S5,0-9,0,0,0.0
k10_c0.15_n60,S5,10-24,82,0,0.0
k10_c0.15_n60,S5,25-49,38,1,2.63
k10_c0.15_n60,S5,50-99,0,0,0.0
k10_c0.15_n60,S5,100+,0,0,0.0
k10_c0.15_n60,S7,0-9,0,0,0.0
k10_c0.15_n60,S7,10-24,1,0,0.0
k10_c0.15_n60,S7,25-49,77,7,9.09
k10_c0.15_n60,S7,50-99,27,1,3.7
k10_c0.15_n60,S7,100+,0,0,0.0
k10_c0.15_n80,S5,0-9,0,0,0.0
k10_c0.15_n80,S5,10-24,82,0,0.0
k10_c0.15_n80,S5,25-49,38,1,2.63
k10_c0.15_n80,S5,50-99,0,0,0.0
k10_c0.15_n80,S5,100+,0,0,0.0
k10_c0.15_n80,S7,0-9,0,0,0.0
k10_c0.15_n80,S7,10-24,1,0,0.0
k10_c0.15_n80,S7,25-49,77,7,9.09
k10_c0.15_n80,S7,50-99,27,1,3.7
k10_c0.15_n80,S7,100+,0,0,0.0
k10_c0.25_n40,S5,0-9,0,0,0.0
k10_c0.25_n40,S5,10-24,82,0,0.0
k10_c0.25_n40,S5,25-49,38,0,0.0
k10_c0.25_n40,S5,50-99,0,0,0.0
k10_c0.25_n40,S5,100+,0,0,0.0
k10_c0.25_n40,S7,0-9,0,0,0.0
k10_c0.25_n40,S7,10-24,1,0,0.0
k10_c0.25_n40,S7,25-49,77,0,0.0
k10_c0.25_n40,S7,50-99,27,0,0.0
k10_c0.25_n40,S7,100+,0,0,0.0
k10_c0.25_n60,S5,0-9,0,0,0.0
k10_c0.25_n60,S5,10-24,82,0,0.0
k10_c0.25_n60,S5,25-49,38,1,2.63
k10_c0.25_n60,S5,50-99,0,0,0.0
k10_c0.25_n60,S5,100+,0,0,0.0
k10_c0.25_n60,S7,0-9,0,0,0.0
k10_c0.25_n60,S7,10-24,1,0,0.0
k10_c0.25_n60,S7,25-49,77,1,1.3
k10_c0.25_n60,S7,50-99,27,0,0.0
k10_c0.25_n60,S7,100+,0,0,0.0
k10_c0.25_n80,S5,0-9,0,0,0.0
k10_c0.25_n80,S5,10-24,82,0,0.0
k10_c0.25_n80,S5,25-49,38,1,2.63
k10_c0.25_n80,S5,50-99,0,0,0.0
k10_c0.25_n80,S5,100+,0,0,0.0
k10_c0.25_n80,S7,0-9,0,0,0.0
k10_c0.25_n80,S7,10-24,1,0,0.0
k10_c0.25_n80,S7,25-49,77,1,1.3
k10_c0.25_n80,S7,50-99,27,0,0.0
k10_c0.25_n80,S7,100+,0,0,0.0
k15_c0.10_n40,S5,0-9,36,0,0.0
k15_c0.10_n40,S5,10-24,84,0,0.0
k15_c0.10_n40,S5,25-49,0,0,0.0
k15_c0.10_n40,S5,50-99,0,0,0.0
k15_c0.10_n40,S5,100+,0,0,0.0
k15_c0.10_n40,S7,0-9,0,0,0.0
k15_c0.10_n40,S7,10-24,48,0,0.0
k15_c0.10_n40,S7,25-49,56,0,0.0
k15_c0.10_n40,S7,50-99,1,0,0.0
k15_c0.10_n40,S7,100+,0,0,0.0
k15_c0.10_n60,S5,0-9,36,0,0.0
k15_c0.10_n60,S5,10-24,84,1,1.19
k15_c0.10_n60,S5,25-49,0,0,0.0
k15_c0.10_n60,S5,50-99,0,0,0.0
k15_c0.10_n60,S5,100+,0,0,0.0
k15_c0.10_n60,S7,0-9,0,0,0.0
k15_c0.10_n60,S7,10-24,48,3,6.25
k15_c0.10_n60,S7,25-49,56,2,3.57
k15_c0.10_n60,S7,50-99,1,0,0.0
k15_c0.10_n60,S7,100+,0,0,0.0
k15_c0.10_n80,S5,0-9,36,0,0.0
k15_c0.10_n80,S5,10-24,84,2,2.38
k15_c0.10_n80,S5,25-49,0,0,0.0
k15_c0.10_n80,S5,50-99,0,0,0.0
k15_c0.10_n80,S5,100+,0,0,0.0
k15_c0.10_n80,S7,0-9,0,0,0.0
k15_c0.10_n80,S7,10-24,48,3,6.25
k15_c0.10_n80,S7,25-49,56,2,3.57
k15_c0.10_n80,S7,50-99,1,0,0.0
k15_c0.10_n80,S7,100+,0,0,0.0
k15_c0.15_n40,S5,0-9,36,0,0.0
k15_c0.15_n40,S5,10-24,84,0,0.0
k15_c0.15_n40,S5,25-49,0,0,0.0
k15_c0.15_n40,S5,50-99,0,0,0.0
k15_c0.15_n40,S5,100+,0,0,0.0
k15_c0.15_n40,S7,0-9,0,0,0.0
k15_c0.15_n40,S7,10-24,48,0,0.0
k15_c0.15_n40,S7,25-49,56,0,0.0
k15_c0.15_n40,S7,50-99,1,0,0.0
k15_c0.15_n40,S7,100+,0,0,0.0
k15_c0.15_n60,S5,0-9,36,0,0.0
k15_c0.15_n60,S5,10-24,84,1,1.19
k15_c0.15_n60,S5,25-49,0,0,0.0
k15_c0.15_n60,S5,50-99,0,0,0.0
k15_c0.15_n60,S5,100+,0,0,0.0
k15_c0.15_n60,S7,0-9,0,0,0.0
k15_c0.15_n60,S7,10-24,48,3,6.25
k15_c0.15_n60,S7,25-49,56,2,3.57
k15_c0.15_n60,S7,50-99,1,0,0.0
k15_c0.15_n60,S7,100+,0,0,0.0
k15_c0.15_n80,S5,0-9,36,0,0.0
k15_c0.15_n80,S5,10-24,84,1,1.19
k15_c0.15_n80,S5,25-49,0,0,0.0
k15_c0.15_n80,S5,50-99,0,0,0.0
k15_c0.15_n80,S5,100+,0,0,0.0
k15_c0.15_n80,S7,0-9,0,0,0.0
k15_c0.15_n80,S7,10-24,48,3,6.25
k15_c0.15_n80,S7,25-49,56,2,3.57
k15_c0.15_n80,S7,50-99,1,0,0.0
k15_c0.15_n80,S7,100+,0,0,0.0
k15_c0.25_n40,S5,0-9,36,0,0.0
k15_c0.25_n40,S5,10-24,84,0,0.0
k15_c0.25_n40,S5,25-49,0,0,0.0
k15_c0.25_n40,S5,50-99,0,0,0.0
k15_c0.25_n40,S5,100+,0,0,0.0
k15_c0.25_n40,S7,0-9,0,0,0.0
k15_c0.25_n40,S7,10-24,48,0,0.0
k15_c0.25_n40,S7,25-49,56,0,0.0
k15_c0.25_n40,S7,50-99,1,0,0.0
k15_c0.25_n40,S7,100+,0,0,0.0
k15_c0.25_n60,S5,0-9,36,0,0.0
k15_c0.25_n60,S5,10-24,84,1,1.19
k15_c0.25_n60,S5,25-49,0,0,0.0
k15_c0.25_n60,S5,50-99,0,0,0.0
k15_c0.25_n60,S5,100+,0,0,0.0
k15_c0.25_n60,S7,0-9,0,0,0.0
k15_c0.25_n60,S7,10-24,48,1,2.08
k15_c0.25_n60,S7,25-49,56,0,0.0
k15_c0.25_n60,S7,50-99,1,0,0.0
k15_c0.25_n60,S7,100+,0,0,0.0
k15_c0.25_n80,S5,0-9,36,0,0.0
k15_c0.25_n80,S5,10-24,84,1,1.19
k15_c0.25_n80,S5,25-49,0,0,0.0
k15_c0.25_n80,S5,50-99,0,0,0.0
k15_c0.25_n80,S5,100+,0,0,0.0
k15_c0.25_n80,S7,0-9,0,0,0.0
k15_c0.25_n80,S7,10-24,48,1,2.08
k15_c0.25_n80,S7,25-49,56,0,0.0
k15_c0.25_n80,S7,50-99,1,0,0.0
k15_c0.25_n80,S7,100+,0,0,0.0
k20_c0.10_n40,S5,0-9,36,0,0.0
k20_c0.10_n40,S5,10-24,84,0,0.0
k20_c0.10_n40,S5,25-49,0,0,0.0
k20_c0.10_n40,S5,50-99,0,0,0.0
k20_c0.10_n40,S5,100+,0,0,0.0
k20_c0.10_n40,S7,0-9,0,0,0.0
k20_c0.10_n40,S7,10-24,59,0,0.0
k20_c0.10_n40,S7,25-49,46,0,0.0
k20_c0.10_n40,S7,50-99,0,0,0.0
k20_c0.10_n40,S7,100+,0,0,0.0
k20_c0.10_n60,S5,0-9,36,0,0.0
k20_c0.10_n60,S5,10-24,84,1,1.19
k20_c0.10_n60,S5,25-49,0,0,0.0
k20_c0.10_n60,S5,50-99,0,0,0.0
k20_c0.10_n60,S5,100+,0,0,0.0
k20_c0.10_n60,S7,0-9,0,0,0.0
k20_c0.10_n60,S7,10-24,59,3,5.08
k20_c0.10_n60,S7,25-49,46,2,4.35
k20_c0.10_n60,S7,50-99,0,0,0.0
k20_c0.10_n60,S7,100+,0,0,0.0
k20_c0.10_n80,S5,0-9,36,0,0.0
k20_c0.10_n80,S5,10-24,84,2,2.38
k20_c0.10_n80,S5,25-49,0,0,0.0
k20_c0.10_n80,S5,50-99,0,0,0.0
k20_c0.10_n80,S5,100+,0,0,0.0
k20_c0.10_n80,S7,0-9,0,0,0.0
k20_c0.10_n80,S7,10-24,59,3,5.08
k20_c0.10_n80,S7,25-49,46,2,4.35
k20_c0.10_n80,S7,50-99,0,0,0.0
k20_c0.10_n80,S7,100+,0,0,0.0
k20_c0.15_n40,S5,0-9,36,0,0.0
k20_c0.15_n40,S5,10-24,84,0,0.0
k20_c0.15_n40,S5,25-49,0,0,0.0
k20_c0.15_n40,S5,50-99,0,0,0.0
k20_c0.15_n40,S5,100+,0,0,0.0
k20_c0.15_n40,S7,0-9,0,0,0.0
k20_c0.15_n40,S7,10-24,59,0,0.0
k20_c0.15_n40,S7,25-49,46,0,0.0
k20_c0.15_n40,S7,50-99,0,0,0.0
k20_c0.15_n40,S7,100+,0,0,0.0
k20_c0.15_n60,S5,0-9,36,0,0.0
k20_c0.15_n60,S5,10-24,84,1,1.19
k20_c0.15_n60,S5,25-49,0,0,0.0
k20_c0.15_n60,S5,50-99,0,0,0.0
k20_c0.15_n60,S5,100+,0,0,0.0
k20_c0.15_n60,S7,0-9,0,0,0.0
k20_c0.15_n60,S7,10-24,59,3,5.08
k20_c0.15_n60,S7,25-49,46,2,4.35
k20_c0.15_n60,S7,50-99,0,0,0.0
k20_c0.15_n60,S7,100+,0,0,0.0
k20_c0.15_n80,S5,0-9,36,0,0.0
k20_c0.15_n80,S5,10-24,84,1,1.19
k20_c0.15_n80,S5,25-49,0,0,0.0
k20_c0.15_n80,S5,50-99,0,0,0.0
k20_c0.15_n80,S5,100+,0,0,0.0
k20_c0.15_n80,S7,0-9,0,0,0.0
k20_c0.15_n80,S7,10-24,59,3,5.08
k20_c0.15_n80,S7,25-49,46,2,4.35
k20_c0.15_n80,S7,50-99,0,0,0.0
k20_c0.15_n80,S7,100+,0,0,0.0
k20_c0.25_n40,S5,0-9,36,0,0.0
k20_c0.25_n40,S5,10-24,84,0,0.0
k20_c0.25_n40,S5,25-49,0,0,0.0
k20_c0.25_n40,S5,50-99,0,0,0.0
k20_c0.25_n40,S5,100+,0,0,0.0
k20_c0.25_n40,S7,0-9,0,0,0.0
k20_c0.25_n40,S7,10-24,59,0,0.0
k20_c0.25_n40,S7,25-49,46,0,0.0
k20_c0.25_n40,S7,50-99,0,0,0.0
k20_c0.25_n40,S7,100+,0,0,0.0
k20_c0.25_n60,S5,0-9,36,0,0.0
k20_c0.25_n60,S5,10-24,84,1,1.19
k20_c0.25_n60,S5,25-49,0,0,0.0
k20_c0.25_n60,S5,50-99,0,0,0.0
k20_c0.25_n60,S5,100+,0,0,0.0
k20_c0.25_n60,S7,0-9,0,0,0.0
k20_c0.25_n60,S7,10-24,59,1,1.69
k20_c0.25_n60,S7,25-49,46,0,0.0
k20_c0.25_n60,S7,50-99,0,0,0.0
k20_c0.25_n60,S7,100+,0,0,0.0
k20_c0.25_n80,S5,0-9,36,0,0.0
k20_c0.25_n80,S5,10-24,84,1,1.19
k20_c0.25_n80,S5,25-49,0,0,0.0
k20_c0.25_n80,S5,50-99,0,0,0.0
k20_c0.25_n80,S5,100+,0,0,0.0
k20_c0.25_n80,S7,0-9,0,0,0.0
k20_c0.25_n80,S7,10-24,59,1,1.69
k20_c0.25_n80,S7,25-49,46,0,0.0
k20_c0.25_n80,S7,50-99,0,0,0.0
k20_c0.25_n80,S7,100+,0,0,0.0
