slot,cycle_utc,scenario,group,class,family,owsfz_metrics,wsjtx_metrics
S1_p000_t000_s913544046,2026-09-29T17:31:30Z,S1,single,OWSFZ-ONLY,timing,tau_ms,
S1_p000_t000_s913544046,2026-09-29T17:31:30Z,S1,single,CROSS,dtau_ms,,
S1_p001_t001_s1105300121,2026-09-29T17:32:30Z,S1,single,OWSFZ-ONLY,spectral,click_max,
S1_p004_t001_s792672454,2026-09-29T17:34:45Z,S1,single,BOTH,spectral,click_max,resid_db
S1_p004_t001_s792672454,2026-09-29T17:34:45Z,S1,single,WSJTX-ONLY,level,,step_db_max
S1_p008_t000_s1206520285,2026-09-29T17:37:45Z,S1,single,BOTH,spectral,click_max,resid_db
S1_p008_t000_s1206520285,2026-09-29T17:37:45Z,S1,single,BOTH,timing,lag_lost+drift_ppm,lag_lost+drift_ppm
S1_p008_t000_s1206520285,2026-09-29T17:37:45Z,S1,single,WSJTX-ONLY,dropout,,zero_run_ms
S1_p008_t000_s1206520285,2026-09-29T17:37:45Z,S1,single,WSJTX-ONLY,level,,g_db+step_db_max
S1_p008_t001_s1462033172,2026-09-29T17:38:00Z,S1,single,BOTH,timing,lag_lost,lag_lost
S1_p008_t002_s1537966073,2026-09-29T17:38:15Z,S1,single,BOTH,timing,lag_lost,lag_lost
S1_p009_t000_s758409719,2026-09-29T17:38:30Z,S1,single,WSJTX-ONLY,level,,step_db_max
S1_p009_t000_s758409719,2026-09-29T17:38:30Z,S1,single,WSJTX-ONLY,spectral,,resid_db
S1_p009_t000_s758409719,2026-09-29T17:38:30Z,S1,single,CROSS,dg_db,,
S1_p009_t001_s1723470335,2026-09-29T17:38:45Z,S1,single,WSJTX-ONLY,level,,step_db_max
S1_p009_t001_s1723470335,2026-09-29T17:38:45Z,S1,single,WSJTX-ONLY,spectral,,resid_db
S1_p009_t001_s1723470335,2026-09-29T17:38:45Z,S1,single,CROSS,dg_db,,
S1_p009_t002_s1581091521,2026-09-29T17:39:00Z,S1,single,WSJTX-ONLY,level,,step_db_max
S1_p009_t002_s1581091521,2026-09-29T17:39:00Z,S1,single,WSJTX-ONLY,spectral,,resid_db
S1_p009_t002_s1581091521,2026-09-29T17:39:00Z,S1,single,CROSS,dg_db,,
S2_p000_t001_s68113513,2026-09-29T17:43:00Z,S2,single,BOTH,spectral,click_max,resid_db
S2_p000_t001_s68113513,2026-09-29T17:43:00Z,S2,single,WSJTX-ONLY,level,,step_db_max
S2_p002_t001_s1295536992,2026-09-29T17:44:30Z,S2,single,BOTH,timing,drift_ppm,drift_ppm
S2_p002_t001_s1295536992,2026-09-29T17:44:30Z,S2,single,WSJTX-ONLY,level,,g_db+step_db_max
S2_p002_t001_s1295536992,2026-09-29T17:44:30Z,S2,single,WSJTX-ONLY,spectral,,resid_db
S3_p000_t002_s917633151,2026-09-29T17:51:15Z,S3,single,BOTH,spectral,click_max,resid_db
S3_p000_t002_s917633151,2026-09-29T17:51:15Z,S3,single,BOTH,timing,drift_ppm,drift_ppm
S3_p000_t002_s917633151,2026-09-29T17:51:15Z,S3,single,WSJTX-ONLY,dropout,,zero_run_ms
S3_p000_t002_s917633151,2026-09-29T17:51:15Z,S3,single,WSJTX-ONLY,level,,g_db+step_db_max
S3_p008_t000_s1467476825,2026-09-29T17:57:00Z,S3,single,OWSFZ-ONLY,timing,tau_ms,
S3_p008_t002_s1142253482,2026-09-29T17:58:00Z,S3,single,BOTH,spectral,click_max,resid_db
S3_p008_t002_s1142253482,2026-09-29T17:58:00Z,S3,single,WSJTX-ONLY,level,,step_db_max
S4_p000_t000_s1380025803,2026-09-29T18:00:15Z,S4,multi,CROSS,dtau_ms,,
S4_p000_t001_s1028796488,2026-09-29T18:00:30Z,S4,multi,CROSS,dtau_ms,,
S4_p001_t000_s1710814298,2026-09-29T18:01:00Z,S4,multi,BOTH,level,g_db+step_db_max,g_db+step_db_max
S4_p001_t000_s1710814298,2026-09-29T18:01:00Z,S4,multi,BOTH,timing,drift_ppm,drift_ppm
S4_p001_t000_s1710814298,2026-09-29T18:01:00Z,S4,multi,OWSFZ-ONLY,spectral,click_max,
S4_p001_t000_s1710814298,2026-09-29T18:01:00Z,S4,multi,CROSS,dtau_ms,,
S4_p001_t001_s1662193313,2026-09-29T18:01:15Z,S4,multi,CROSS,dtau_ms,,
S4_p001_t002_s196226190,2026-09-29T18:01:30Z,S4,multi,CROSS,dtau_ms,,
S4_p002_t000_s139150452,2026-09-29T18:01:45Z,S4,multi,CROSS,dtau_ms,,
S4_p002_t001_s1124369827,2026-09-29T18:02:00Z,S4,multi,CROSS,dtau_ms,,
S4_p002_t002_s820497043,2026-09-29T18:02:15Z,S4,multi,CROSS,dtau_ms,,
S4_p003_t000_s11459573,2026-09-29T18:02:30Z,S4,multi,CROSS,dtau_ms,,
S4_p003_t001_s1313953807,2026-09-29T18:02:45Z,S4,multi,CROSS,dtau_ms,,
S4_p003_t002_s205499031,2026-09-29T18:03:00Z,S4,multi,CROSS,dtau_ms,,
S4_p004_t000_s984663940,2026-09-29T18:03:15Z,S4,multi,CROSS,dtau_ms,,
S4_p004_t001_s484615558,2026-09-29T18:03:30Z,S4,multi,CROSS,dtau_ms,,
S4_p004_t002_s330630277,2026-09-29T18:03:45Z,S4,multi,CROSS,dtau_ms,,
S5_p000_t000_s1561858501,2026-09-29T18:04:15Z,S5,noise,BOTH,level,g_db+step_db_max,g_db+step_db_max
S5_p000_t000_s1561858501,2026-09-29T18:04:15Z,S5,noise,BOTH,spectral,click_max+resid_db,tile_excess_db+resid_db
S5_p000_t000_s1561858501,2026-09-29T18:04:15Z,S5,noise,BOTH,timing,drift_ppm,tau_ms+drift_ppm
S5_p000_t000_s1561858501,2026-09-29T18:04:15Z,S5,noise,CROSS,dtau_ms,,
S5_p000_t001_s960283802,2026-09-29T18:04:30Z,S5,noise,WSJTX-ONLY,timing,,tau_ms
S5_p000_t001_s960283802,2026-09-29T18:04:30Z,S5,noise,CROSS,dtau_ms,,
S5_p000_t002_s892021093,2026-09-29T18:04:45Z,S5,noise,WSJTX-ONLY,timing,,tau_ms
S5_p000_t002_s892021093,2026-09-29T18:04:45Z,S5,noise,CROSS,dtau_ms,,
S5_p000_t003_s1972790602,2026-09-29T18:05:00Z,S5,noise,WSJTX-ONLY,timing,,tau_ms
S5_p000_t003_s1972790602,2026-09-29T18:05:00Z,S5,noise,CROSS,dtau_ms,,
S5_p000_t004_s522357441,2026-09-29T18:05:15Z,S5,noise,WSJTX-ONLY,timing,,tau_ms
S5_p000_t004_s522357441,2026-09-29T18:05:15Z,S5,noise,CROSS,dtau_ms,,
S5_p000_t005_s434100809,2026-09-29T18:05:30Z,S5,noise,WSJTX-ONLY,timing,,tau_ms
S5_p000_t005_s434100809,2026-09-29T18:05:30Z,S5,noise,CROSS,dtau_ms,,
S5_p000_t006_s1987541040,2026-09-29T18:05:45Z,S5,noise,WSJTX-ONLY,timing,,tau_ms
S5_p000_t007_s1550731733,2026-09-29T18:06:00Z,S5,noise,BOTH,level,g_db+step_db_max,g_db+step_db_max
S5_p000_t007_s1550731733,2026-09-29T18:06:00Z,S5,noise,BOTH,spectral,click_max+resid_db,resid_db
S5_p000_t007_s1550731733,2026-09-29T18:06:00Z,S5,noise,BOTH,timing,drift_ppm,tau_ms+drift_ppm
S5_p000_t007_s1550731733,2026-09-29T18:06:00Z,S5,noise,CROSS,dtau_ms,,
S5_p000_t008_s978267978,2026-09-29T18:06:15Z,S5,noise,WSJTX-ONLY,timing,,tau_ms
S5_p000_t008_s978267978,2026-09-29T18:06:15Z,S5,noise,CROSS,dtau_ms,,
S5_p000_t009_s1361001477,2026-09-29T18:06:30Z,S5,noise,WSJTX-ONLY,timing,,tau_ms
S5_p000_t009_s1361001477,2026-09-29T18:06:30Z,S5,noise,CROSS,dtau_ms,,
S5_p000_t010_s1672796167,2026-09-29T18:06:45Z,S5,noise,WSJTX-ONLY,timing,,tau_ms
S5_p000_t010_s1672796167,2026-09-29T18:06:45Z,S5,noise,CROSS,dtau_ms,,
S5_p000_t011_s363339928,2026-09-29T18:07:00Z,S5,noise,WSJTX-ONLY,timing,,tau_ms
S5_p000_t011_s363339928,2026-09-29T18:07:00Z,S5,noise,CROSS,dtau_ms,,
S5_p000_t012_s920581965,2026-09-29T18:07:15Z,S5,noise,WSJTX-ONLY,timing,,tau_ms
S5_p000_t012_s920581965,2026-09-29T18:07:15Z,S5,noise,CROSS,dtau_ms,,
S5_p000_t013_s1985403058,2026-09-29T18:07:30Z,S5,noise,WSJTX-ONLY,timing,,tau_ms
S5_p000_t013_s1985403058,2026-09-29T18:07:30Z,S5,noise,CROSS,dtau_ms,,
S5_p000_t014_s1613680917,2026-09-29T18:07:45Z,S5,noise,WSJTX-ONLY,timing,,tau_ms
S5_p000_t014_s1613680917,2026-09-29T18:07:45Z,S5,noise,CROSS,dtau_ms,,
S5_p000_t015_s1930000429,2026-09-29T18:08:00Z,S5,noise,WSJTX-ONLY,timing,,tau_ms
S5_p000_t016_s216305983,2026-09-29T18:08:15Z,S5,noise,WSJTX-ONLY,timing,,tau_ms
S5_p000_t016_s216305983,2026-09-29T18:08:15Z,S5,noise,CROSS,dtau_ms,,
S5_p000_t017_s312112809,2026-09-29T18:08:30Z,S5,noise,WSJTX-ONLY,timing,,tau_ms
S5_p000_t017_s312112809,2026-09-29T18:08:30Z,S5,noise,CROSS,dtau_ms,,
S5_p000_t018_s1052303369,2026-09-29T18:08:45Z,S5,noise,WSJTX-ONLY,timing,,tau_ms
S5_p000_t018_s1052303369,2026-09-29T18:08:45Z,S5,noise,CROSS,dtau_ms,,
S5_p000_t019_s217579570,2026-09-29T18:09:00Z,S5,noise,WSJTX-ONLY,timing,,tau_ms
S5_p000_t019_s217579570,2026-09-29T18:09:00Z,S5,noise,CROSS,dtau_ms,,
S5_p000_t020_s99964177,2026-09-29T18:09:30Z,S5,noise,WSJTX-ONLY,timing,,tau_ms
S5_p000_t020_s99964177,2026-09-29T18:09:30Z,S5,noise,CROSS,dtau_ms,,
S5_p000_t021_s490683040,2026-09-29T18:09:45Z,S5,noise,WSJTX-ONLY,timing,,tau_ms
S5_p000_t021_s490683040,2026-09-29T18:09:45Z,S5,noise,CROSS,dtau_ms,,
S5_p000_t022_s1940961689,2026-09-29T18:10:00Z,S5,noise,WSJTX-ONLY,timing,,tau_ms
S5_p000_t022_s1940961689,2026-09-29T18:10:00Z,S5,noise,CROSS,dtau_ms,,
S5_p000_t023_s1454648504,2026-09-29T18:10:15Z,S5,noise,WSJTX-ONLY,timing,,tau_ms
S5_p000_t023_s1454648504,2026-09-29T18:10:15Z,S5,noise,CROSS,dtau_ms,,
S5_p000_t024_s558398644,2026-09-29T18:10:30Z,S5,noise,WSJTX-ONLY,timing,,tau_ms
S5_p000_t024_s558398644,2026-09-29T18:10:30Z,S5,noise,CROSS,dtau_ms,,
S5_p000_t025_s1286326493,2026-09-29T18:10:45Z,S5,noise,WSJTX-ONLY,timing,,tau_ms
S5_p000_t025_s1286326493,2026-09-29T18:10:45Z,S5,noise,CROSS,dtau_ms,,
S5_p000_t026_s905618129,2026-09-29T18:11:00Z,S5,noise,BOTH,level,step_db_max,step_db_max
S5_p000_t026_s905618129,2026-09-29T18:11:00Z,S5,noise,BOTH,spectral,tile_excess_db+click_max,tile_excess_db
S5_p000_t026_s905618129,2026-09-29T18:11:00Z,S5,noise,WSJTX-ONLY,dropout,,zero_run_ms
S5_p000_t026_s905618129,2026-09-29T18:11:00Z,S5,noise,WSJTX-ONLY,timing,,tau_ms
S5_p000_t026_s905618129,2026-09-29T18:11:00Z,S5,noise,CROSS,dtau_ms,,
S5_p000_t027_s649442228,2026-09-29T18:11:15Z,S5,noise,WSJTX-ONLY,timing,,tau_ms
S5_p000_t027_s649442228,2026-09-29T18:11:15Z,S5,noise,CROSS,dtau_ms,,
S5_p000_t028_s1033628820,2026-09-29T18:11:30Z,S5,noise,WSJTX-ONLY,timing,,tau_ms
S5_p000_t028_s1033628820,2026-09-29T18:11:30Z,S5,noise,CROSS,dtau_ms,,
S5_p000_t029_s815515411,2026-09-29T18:11:45Z,S5,noise,WSJTX-ONLY,timing,,tau_ms
S5_p000_t029_s815515411,2026-09-29T18:11:45Z,S5,noise,CROSS,dtau_ms,,
S5_p000_t030_s1593614182,2026-09-29T18:12:00Z,S5,noise,WSJTX-ONLY,timing,,tau_ms
S5_p000_t030_s1593614182,2026-09-29T18:12:00Z,S5,noise,CROSS,dtau_ms,,
S5_p000_t031_s1722507941,2026-09-29T18:12:15Z,S5,noise,WSJTX-ONLY,timing,,tau_ms
S5_p000_t031_s1722507941,2026-09-29T18:12:15Z,S5,noise,CROSS,dtau_ms,,
S5_p000_t032_s1695726775,2026-09-29T18:12:30Z,S5,noise,WSJTX-ONLY,timing,,tau_ms
S5_p000_t032_s1695726775,2026-09-29T18:12:30Z,S5,noise,CROSS,dtau_ms,,
S5_p000_t033_s51254525,2026-09-29T18:12:45Z,S5,noise,WSJTX-ONLY,timing,,tau_ms
S5_p000_t033_s51254525,2026-09-29T18:12:45Z,S5,noise,CROSS,dtau_ms,,
S5_p000_t034_s1745018624,2026-09-29T18:13:00Z,S5,noise,WSJTX-ONLY,timing,,tau_ms
S5_p000_t034_s1745018624,2026-09-29T18:13:00Z,S5,noise,CROSS,dtau_ms,,
S5_p000_t035_s977203227,2026-09-29T18:13:15Z,S5,noise,WSJTX-ONLY,timing,,tau_ms
S5_p000_t035_s977203227,2026-09-29T18:13:15Z,S5,noise,CROSS,dtau_ms,,
S5_p000_t036_s2083372684,2026-09-29T18:13:30Z,S5,noise,WSJTX-ONLY,timing,,tau_ms
S5_p000_t036_s2083372684,2026-09-29T18:13:30Z,S5,noise,CROSS,dtau_ms,,
S5_p000_t037_s1544718727,2026-09-29T18:13:45Z,S5,noise,WSJTX-ONLY,timing,,tau_ms
S5_p000_t037_s1544718727,2026-09-29T18:13:45Z,S5,noise,CROSS,dtau_ms,,
S5_p000_t038_s894361021,2026-09-29T18:14:00Z,S5,noise,WSJTX-ONLY,timing,,tau_ms
S5_p000_t038_s894361021,2026-09-29T18:14:00Z,S5,noise,CROSS,dtau_ms,,
S5_p000_t039_s819664372,2026-09-29T18:14:15Z,S5,noise,BOTH,level,g_db+step_db_max,g_db+step_db_max
S5_p000_t039_s819664372,2026-09-29T18:14:15Z,S5,noise,BOTH,spectral,click_max+resid_db,resid_db
S5_p000_t039_s819664372,2026-09-29T18:14:15Z,S5,noise,BOTH,timing,drift_ppm,tau_ms+drift_ppm
S5_p000_t039_s819664372,2026-09-29T18:14:15Z,S5,noise,WSJTX-ONLY,dropout,,zero_run_ms
S5_p000_t039_s819664372,2026-09-29T18:14:15Z,S5,noise,CROSS,dtau_ms,,
S5_p000_t040_s857399851,2026-09-29T18:14:45Z,S5,noise,WSJTX-ONLY,timing,,tau_ms
S5_p000_t040_s857399851,2026-09-29T18:14:45Z,S5,noise,CROSS,dtau_ms,,
S5_p000_t041_s1795049623,2026-09-29T18:15:00Z,S5,noise,BOTH,level,g_db+step_db_max,g_db+step_db_max
S5_p000_t041_s1795049623,2026-09-29T18:15:00Z,S5,noise,BOTH,spectral,tile_excess_db+click_max+resid_db,tile_excess_db+resid_db
S5_p000_t041_s1795049623,2026-09-29T18:15:00Z,S5,noise,BOTH,timing,drift_ppm,tau_ms+drift_ppm
S5_p000_t041_s1795049623,2026-09-29T18:15:00Z,S5,noise,CROSS,dtau_ms,,
S5_p000_t042_s190457367,2026-09-29T18:15:15Z,S5,noise,WSJTX-ONLY,timing,,tau_ms
S5_p000_t042_s190457367,2026-09-29T18:15:15Z,S5,noise,CROSS,dtau_ms,,
S5_p000_t043_s1463994837,2026-09-29T18:15:30Z,S5,noise,WSJTX-ONLY,timing,,tau_ms
S5_p000_t043_s1463994837,2026-09-29T18:15:30Z,S5,noise,CROSS,dtau_ms,,
S5_p000_t044_s1305633241,2026-09-29T18:15:45Z,S5,noise,WSJTX-ONLY,timing,,tau_ms
S5_p000_t044_s1305633241,2026-09-29T18:15:45Z,S5,noise,CROSS,dtau_ms,,
S5_p000_t045_s641567673,2026-09-29T18:16:00Z,S5,noise,WSJTX-ONLY,timing,,tau_ms
S5_p000_t045_s641567673,2026-09-29T18:16:00Z,S5,noise,CROSS,dtau_ms,,
S5_p000_t046_s342352341,2026-09-29T18:16:15Z,S5,noise,WSJTX-ONLY,timing,,tau_ms
S5_p000_t046_s342352341,2026-09-29T18:16:15Z,S5,noise,CROSS,dtau_ms,,
S5_p000_t047_s1976295519,2026-09-29T18:16:30Z,S5,noise,WSJTX-ONLY,timing,,tau_ms
S5_p000_t047_s1976295519,2026-09-29T18:16:30Z,S5,noise,CROSS,dtau_ms,,
S5_p000_t048_s26274461,2026-09-29T18:16:45Z,S5,noise,WSJTX-ONLY,timing,,tau_ms
S5_p000_t048_s26274461,2026-09-29T18:16:45Z,S5,noise,CROSS,dtau_ms,,
S5_p000_t049_s1345419483,2026-09-29T18:17:00Z,S5,noise,WSJTX-ONLY,timing,,tau_ms
S5_p000_t049_s1345419483,2026-09-29T18:17:00Z,S5,noise,CROSS,dtau_ms,,
S5_p000_t050_s99021969,2026-09-29T18:17:15Z,S5,noise,WSJTX-ONLY,timing,,tau_ms
S5_p000_t050_s99021969,2026-09-29T18:17:15Z,S5,noise,CROSS,dtau_ms,,
S5_p000_t051_s1479934108,2026-09-29T18:17:30Z,S5,noise,WSJTX-ONLY,timing,,tau_ms
S5_p000_t051_s1479934108,2026-09-29T18:17:30Z,S5,noise,CROSS,dtau_ms,,
S5_p000_t052_s394618325,2026-09-29T18:17:45Z,S5,noise,BOTH,level,g_db+step_db_max,g_db+step_db_max
S5_p000_t052_s394618325,2026-09-29T18:17:45Z,S5,noise,BOTH,spectral,tile_excess_db+click_max,tile_excess_db+resid_db
S5_p000_t052_s394618325,2026-09-29T18:17:45Z,S5,noise,WSJTX-ONLY,timing,,tau_ms
S5_p000_t052_s394618325,2026-09-29T18:17:45Z,S5,noise,CROSS,dtau_ms,,
S5_p000_t053_s628411764,2026-09-29T18:18:00Z,S5,noise,WSJTX-ONLY,timing,,tau_ms
S5_p000_t053_s628411764,2026-09-29T18:18:00Z,S5,noise,CROSS,dtau_ms,,
S5_p000_t054_s100976213,2026-09-29T18:18:15Z,S5,noise,WSJTX-ONLY,timing,,tau_ms
S5_p000_t054_s100976213,2026-09-29T18:18:15Z,S5,noise,CROSS,dtau_ms,,
S5_p000_t055_s419571874,2026-09-29T18:18:30Z,S5,noise,WSJTX-ONLY,timing,,tau_ms
S5_p000_t055_s419571874,2026-09-29T18:18:30Z,S5,noise,CROSS,dtau_ms,,
S5_p000_t056_s1428634269,2026-09-29T18:18:45Z,S5,noise,WSJTX-ONLY,timing,,tau_ms
S5_p000_t056_s1428634269,2026-09-29T18:18:45Z,S5,noise,CROSS,dtau_ms,,
S5_p000_t057_s329242616,2026-09-29T18:19:00Z,S5,noise,WSJTX-ONLY,timing,,tau_ms
S5_p000_t057_s329242616,2026-09-29T18:19:00Z,S5,noise,CROSS,dtau_ms,,
S5_p000_t058_s2110013045,2026-09-29T18:19:15Z,S5,noise,WSJTX-ONLY,timing,,tau_ms
S5_p000_t058_s2110013045,2026-09-29T18:19:15Z,S5,noise,CROSS,dtau_ms,,
S5_p000_t059_s156085977,2026-09-29T18:19:30Z,S5,noise,WSJTX-ONLY,timing,,tau_ms
S5_p000_t059_s156085977,2026-09-29T18:19:30Z,S5,noise,CROSS,dtau_ms,,
S5_p001_t000_s1885087324,2026-09-29T18:20:00Z,S5,noise,CROSS,dtau_ms,,
S5_p001_t001_s1655700015,2026-09-29T18:20:15Z,S5,noise,CROSS,dtau_ms,,
S5_p001_t002_s1021903553,2026-09-29T18:20:30Z,S5,noise,CROSS,dtau_ms,,
S5_p001_t003_s1644975509,2026-09-29T18:20:45Z,S5,noise,BOTH,level,g_db+step_db_max,g_db+step_db_max
S5_p001_t003_s1644975509,2026-09-29T18:20:45Z,S5,noise,BOTH,spectral,tile_excess_db+click_max,tile_excess_db
S5_p001_t003_s1644975509,2026-09-29T18:20:45Z,S5,noise,CROSS,dtau_ms,,
S5_p001_t004_s1168327485,2026-09-29T18:21:00Z,S5,noise,CROSS,dtau_ms,,
S5_p001_t005_s821699653,2026-09-29T18:21:15Z,S5,noise,CROSS,dtau_ms,,
S5_p001_t006_s1390326187,2026-09-29T18:21:30Z,S5,noise,BOTH,level,g_db+step_db_max,g_db+step_db_max
S5_p001_t006_s1390326187,2026-09-29T18:21:30Z,S5,noise,BOTH,spectral,resid_db,resid_db
S5_p001_t006_s1390326187,2026-09-29T18:21:30Z,S5,noise,BOTH,timing,drift_ppm,drift_ppm
S5_p001_t006_s1390326187,2026-09-29T18:21:30Z,S5,noise,CROSS,dtau_ms,,
S5_p001_t007_s62755090,2026-09-29T18:21:45Z,S5,noise,CROSS,dtau_ms,,
S5_p001_t008_s1060521833,2026-09-29T18:22:00Z,S5,noise,CROSS,dtau_ms,,
S5_p001_t009_s589950212,2026-09-29T18:22:15Z,S5,noise,CROSS,dtau_ms,,
S5_p001_t010_s1305069655,2026-09-29T18:22:30Z,S5,noise,CROSS,dtau_ms,,
S5_p001_t011_s28593644,2026-09-29T18:22:45Z,S5,noise,CROSS,dtau_ms,,
S5_p001_t012_s1865301797,2026-09-29T18:23:00Z,S5,noise,CROSS,dtau_ms,,
S5_p001_t013_s2060094721,2026-09-29T18:23:15Z,S5,noise,CROSS,dtau_ms,,
S5_p001_t014_s1948411728,2026-09-29T18:23:30Z,S5,noise,CROSS,dtau_ms,,
S5_p001_t015_s391197292,2026-09-29T18:23:45Z,S5,noise,CROSS,dtau_ms,,
S5_p001_t016_s1222798800,2026-09-29T18:24:00Z,S5,noise,CROSS,dtau_ms,,
S5_p001_t017_s1741812164,2026-09-29T18:24:15Z,S5,noise,BOTH,level,g_db+step_db_max,g_db+step_db_max
S5_p001_t017_s1741812164,2026-09-29T18:24:15Z,S5,noise,BOTH,spectral,tile_excess_db+click_max,tile_excess_db+resid_db
S5_p001_t017_s1741812164,2026-09-29T18:24:15Z,S5,noise,WSJTX-ONLY,timing,,tau_ms
S5_p001_t017_s1741812164,2026-09-29T18:24:15Z,S5,noise,CROSS,dtau_ms,,
S5_p001_t018_s761716013,2026-09-29T18:24:30Z,S5,noise,WSJTX-ONLY,timing,,tau_ms
S5_p001_t018_s761716013,2026-09-29T18:24:30Z,S5,noise,CROSS,dtau_ms,,
S5_p001_t019_s1418527271,2026-09-29T18:24:45Z,S5,noise,WSJTX-ONLY,timing,,tau_ms
S5_p001_t019_s1418527271,2026-09-29T18:24:45Z,S5,noise,CROSS,dtau_ms,,
S5_p001_t020_s783127692,2026-09-29T18:25:15Z,S5,noise,CROSS,dtau_ms,,
S5_p001_t021_s1964437265,2026-09-29T18:25:30Z,S5,noise,CROSS,dtau_ms,,
S5_p001_t022_s957459067,2026-09-29T18:25:45Z,S5,noise,BOTH,level,g_db+step_db_max,g_db+step_db_max
S5_p001_t022_s957459067,2026-09-29T18:25:45Z,S5,noise,BOTH,spectral,tile_excess_db+click_max+resid_db,tile_excess_db+resid_db
S5_p001_t022_s957459067,2026-09-29T18:25:45Z,S5,noise,BOTH,timing,drift_ppm,drift_ppm
S5_p001_t022_s957459067,2026-09-29T18:25:45Z,S5,noise,CROSS,dtau_ms,,
S5_p001_t023_s8860321,2026-09-29T18:26:00Z,S5,noise,CROSS,dtau_ms,,
S5_p001_t024_s1947352502,2026-09-29T18:26:15Z,S5,noise,CROSS,dtau_ms,,
S5_p001_t025_s530962326,2026-09-29T18:26:30Z,S5,noise,CROSS,dtau_ms,,
S5_p001_t026_s1487894653,2026-09-29T18:26:45Z,S5,noise,CROSS,dtau_ms,,
S5_p001_t027_s336917293,2026-09-29T18:27:00Z,S5,noise,CROSS,dtau_ms,,
S5_p001_t028_s362942692,2026-09-29T18:27:15Z,S5,noise,CROSS,dtau_ms,,
S5_p001_t029_s125804357,2026-09-29T18:27:30Z,S5,noise,BOTH,level,g_db+step_db_max,g_db+step_db_max
S5_p001_t029_s125804357,2026-09-29T18:27:30Z,S5,noise,BOTH,spectral,click_max+resid_db,tile_excess_db+resid_db
S5_p001_t029_s125804357,2026-09-29T18:27:30Z,S5,noise,BOTH,timing,drift_ppm,drift_ppm
S5_p001_t029_s125804357,2026-09-29T18:27:30Z,S5,noise,CROSS,dtau_ms,,
S5_p001_t030_s1238284527,2026-09-29T18:27:45Z,S5,noise,CROSS,dtau_ms,,
S5_p001_t031_s185959128,2026-09-29T18:28:00Z,S5,noise,CROSS,dtau_ms,,
S5_p001_t032_s1290207230,2026-09-29T18:28:15Z,S5,noise,BOTH,level,g_db+step_db_max,g_db+step_db_max
S5_p001_t032_s1290207230,2026-09-29T18:28:15Z,S5,noise,BOTH,spectral,click_max+resid_db,resid_db
S5_p001_t032_s1290207230,2026-09-29T18:28:15Z,S5,noise,BOTH,timing,drift_ppm,drift_ppm
S5_p001_t032_s1290207230,2026-09-29T18:28:15Z,S5,noise,CROSS,dtau_ms,,
S5_p001_t033_s1071658190,2026-09-29T18:28:30Z,S5,noise,CROSS,dtau_ms,,
S5_p001_t034_s264284341,2026-09-29T18:28:45Z,S5,noise,CROSS,dtau_ms,,
S5_p001_t035_s1262033904,2026-09-29T18:29:00Z,S5,noise,CROSS,dtau_ms,,
S5_p001_t036_s1103695776,2026-09-29T18:29:15Z,S5,noise,CROSS,dtau_ms,,
S5_p001_t037_s1633845900,2026-09-29T18:29:30Z,S5,noise,CROSS,dtau_ms,,
S5_p001_t038_s1316886713,2026-09-29T18:29:45Z,S5,noise,CROSS,dtau_ms,,
S5_p001_t039_s1570360091,2026-09-29T18:30:00Z,S5,noise,CROSS,dtau_ms,,
S5_p001_t040_s255641872,2026-09-29T18:30:30Z,S5,noise,BOTH,level,g_db+step_db_max,g_db+step_db_max
S5_p001_t040_s255641872,2026-09-29T18:30:30Z,S5,noise,BOTH,spectral,click_max+resid_db,tile_excess_db+resid_db
S5_p001_t040_s255641872,2026-09-29T18:30:30Z,S5,noise,BOTH,timing,drift_ppm,tau_ms+drift_ppm
S5_p001_t040_s255641872,2026-09-29T18:30:30Z,S5,noise,CROSS,dtau_ms,,
S5_p001_t041_s1560381157,2026-09-29T18:30:45Z,S5,noise,WSJTX-ONLY,timing,,tau_ms
S5_p001_t041_s1560381157,2026-09-29T18:30:45Z,S5,noise,CROSS,dtau_ms,,
S5_p001_t042_s520177207,2026-09-29T18:31:00Z,S5,noise,WSJTX-ONLY,timing,,tau_ms
S5_p001_t042_s520177207,2026-09-29T18:31:00Z,S5,noise,CROSS,dtau_ms,,
S5_p001_t043_s1065234686,2026-09-29T18:31:15Z,S5,noise,WSJTX-ONLY,timing,,tau_ms
S5_p001_t043_s1065234686,2026-09-29T18:31:15Z,S5,noise,CROSS,dtau_ms,,
S5_p001_t044_s1775278461,2026-09-29T18:31:30Z,S5,noise,WSJTX-ONLY,timing,,tau_ms
S5_p001_t044_s1775278461,2026-09-29T18:31:30Z,S5,noise,CROSS,dtau_ms,,
S5_p001_t045_s1025061940,2026-09-29T18:31:45Z,S5,noise,WSJTX-ONLY,timing,,tau_ms
S5_p001_t045_s1025061940,2026-09-29T18:31:45Z,S5,noise,CROSS,dtau_ms,,
S5_p001_t046_s1355283976,2026-09-29T18:32:00Z,S5,noise,WSJTX-ONLY,timing,,tau_ms
S5_p001_t046_s1355283976,2026-09-29T18:32:00Z,S5,noise,CROSS,dtau_ms,,
S5_p001_t047_s8670849,2026-09-29T18:32:15Z,S5,noise,WSJTX-ONLY,timing,,tau_ms
S5_p001_t047_s8670849,2026-09-29T18:32:15Z,S5,noise,CROSS,dtau_ms,,
S5_p001_t048_s683044550,2026-09-29T18:32:30Z,S5,noise,WSJTX-ONLY,timing,,tau_ms
S5_p001_t048_s683044550,2026-09-29T18:32:30Z,S5,noise,CROSS,dtau_ms,,
S5_p001_t049_s1419673414,2026-09-29T18:32:45Z,S5,noise,WSJTX-ONLY,timing,,tau_ms
S5_p001_t049_s1419673414,2026-09-29T18:32:45Z,S5,noise,CROSS,dtau_ms,,
S5_p001_t050_s1860529943,2026-09-29T18:33:00Z,S5,noise,WSJTX-ONLY,timing,,tau_ms
S5_p001_t050_s1860529943,2026-09-29T18:33:00Z,S5,noise,CROSS,dtau_ms,,
S5_p001_t051_s978485698,2026-09-29T18:33:15Z,S5,noise,WSJTX-ONLY,timing,,tau_ms
S5_p001_t051_s978485698,2026-09-29T18:33:15Z,S5,noise,CROSS,dtau_ms,,
S5_p001_t052_s800179956,2026-09-29T18:33:30Z,S5,noise,WSJTX-ONLY,timing,,tau_ms
S5_p001_t052_s800179956,2026-09-29T18:33:30Z,S5,noise,CROSS,dtau_ms,,
S5_p001_t053_s230175689,2026-09-29T18:33:45Z,S5,noise,WSJTX-ONLY,timing,,tau_ms
S5_p001_t053_s230175689,2026-09-29T18:33:45Z,S5,noise,CROSS,dtau_ms,,
S5_p001_t054_s1158910655,2026-09-29T18:34:00Z,S5,noise,WSJTX-ONLY,timing,,tau_ms
S5_p001_t054_s1158910655,2026-09-29T18:34:00Z,S5,noise,CROSS,dtau_ms,,
S5_p001_t055_s55591962,2026-09-29T18:34:15Z,S5,noise,WSJTX-ONLY,timing,,tau_ms
S5_p001_t055_s55591962,2026-09-29T18:34:15Z,S5,noise,CROSS,dtau_ms,,
S5_p001_t056_s1696699799,2026-09-29T18:34:30Z,S5,noise,WSJTX-ONLY,timing,,tau_ms
S5_p001_t056_s1696699799,2026-09-29T18:34:30Z,S5,noise,CROSS,dtau_ms,,
S5_p001_t057_s639385521,2026-09-29T18:34:45Z,S5,noise,WSJTX-ONLY,timing,,tau_ms
S5_p001_t057_s639385521,2026-09-29T18:34:45Z,S5,noise,CROSS,dtau_ms,,
S5_p001_t058_s455409832,2026-09-29T18:35:00Z,S5,noise,WSJTX-ONLY,timing,,tau_ms
S5_p001_t058_s455409832,2026-09-29T18:35:00Z,S5,noise,CROSS,dtau_ms,,
S5_p001_t059_s1555299053,2026-09-29T18:35:15Z,S5,noise,WSJTX-ONLY,timing,,tau_ms
S5_p001_t059_s1555299053,2026-09-29T18:35:15Z,S5,noise,CROSS,dtau_ms,,
S5_p003_t002_s1951162110,2026-09-29T18:44:00Z,S5,tone3,BOTH,dropout,zero_run_ms,zero_run_ms
S5_p003_t002_s1951162110,2026-09-29T18:44:00Z,S5,tone3,WSJTX-ONLY,level,,step_db_max
S5_p003_t002_s1951162110,2026-09-29T18:44:00Z,S5,tone3,WSJTX-ONLY,spectral,,resid_db
S5_p003_t014_s1681705495,2026-09-29T18:47:15Z,S5,tone3,BOTH,dropout,zero_run_ms,zero_run_ms
S5_p003_t014_s1681705495,2026-09-29T18:47:15Z,S5,tone3,BOTH,level,g_db,g_db+step_db_max
S5_p003_t014_s1681705495,2026-09-29T18:47:15Z,S5,tone3,WSJTX-ONLY,spectral,,resid_db
S5_p003_t028_s66415985,2026-09-29T18:50:45Z,S5,tone3,BOTH,level,g_db,g_db+step_db_max
S5_p003_t028_s66415985,2026-09-29T18:50:45Z,S5,tone3,OWSFZ-ONLY,dropout,zero_run_ms,
S5_p003_t028_s66415985,2026-09-29T18:50:45Z,S5,tone3,WSJTX-ONLY,spectral,,resid_db
S7_p000_t000_s1928618341,2026-09-29T18:51:30Z,S7,multi,CROSS,dtau_ms,,
S7_p000_t001_s1519748887,2026-09-29T18:51:45Z,S7,multi,BOTH,level,g_db+step_db_max,g_db+step_db_max
S7_p000_t001_s1519748887,2026-09-29T18:51:45Z,S7,multi,BOTH,timing,lag_lost+drift_ppm,lag_lost+drift_ppm
S7_p000_t001_s1519748887,2026-09-29T18:51:45Z,S7,multi,CROSS,dtau_ms,,
S7_p000_t002_s1888808097,2026-09-29T18:52:00Z,S7,multi,CROSS,dtau_ms,,
S7_p000_t003_s1567484507,2026-09-29T18:52:15Z,S7,multi,CROSS,dtau_ms,,
S7_p000_t004_s1587104087,2026-09-29T18:52:30Z,S7,multi,CROSS,dtau_ms,,
S7_p001_t000_s1163046826,2026-09-29T18:52:45Z,S7,multi,CROSS,dtau_ms,,
S7_p001_t001_s641673168,2026-09-29T18:53:00Z,S7,multi,CROSS,dtau_ms,,
S7_p001_t002_s1425528308,2026-09-29T18:53:15Z,S7,multi,CROSS,dtau_ms,,
S7_p001_t003_s961284984,2026-09-29T18:53:30Z,S7,multi,CROSS,dtau_ms,,
S7_p001_t004_s990723452,2026-09-29T18:53:45Z,S7,multi,CROSS,dtau_ms,,
S7_p002_t000_s98455044,2026-09-29T18:54:00Z,S7,multi,BOTH,level,g_db+step_db_max,g_db+step_db_max
S7_p002_t000_s98455044,2026-09-29T18:54:00Z,S7,multi,OWSFZ-ONLY,spectral,click_max,
S7_p002_t000_s98455044,2026-09-29T18:54:00Z,S7,multi,WSJTX-ONLY,dropout,,zero_run_ms
S7_p002_t000_s98455044,2026-09-29T18:54:00Z,S7,multi,CROSS,dtau_ms,,
S7_p002_t001_s1384128433,2026-09-29T18:54:15Z,S7,multi,CROSS,dtau_ms,,
S7_p002_t002_s1361330484,2026-09-29T18:54:30Z,S7,multi,CROSS,dtau_ms,,
S7_p002_t003_s1078092554,2026-09-29T18:54:45Z,S7,multi,CROSS,dtau_ms,,
S7_p002_t004_s924921264,2026-09-29T18:55:00Z,S7,multi,CROSS,dtau_ms,,
S7_p003_t000_s763598906,2026-09-29T18:55:15Z,S7,multi,CROSS,dtau_ms,,
S7_p003_t001_s1480126732,2026-09-29T18:55:30Z,S7,multi,CROSS,dtau_ms,,
S7_p003_t002_s348040279,2026-09-29T18:55:45Z,S7,multi,CROSS,dtau_ms,,
S7_p003_t003_s750677479,2026-09-29T18:56:00Z,S7,multi,CROSS,dtau_ms,,
S7_p003_t004_s258894362,2026-09-29T18:56:15Z,S7,multi,CROSS,dtau_ms,,
S7_p004_t002_s1203773898,2026-09-29T18:57:15Z,S7,multi,BOTH,level,g_db+step_db_max,g_db+step_db_max
S7_p004_t002_s1203773898,2026-09-29T18:57:15Z,S7,multi,BOTH,timing,lag_lost+drift_ppm,lag_lost+drift_ppm
S7_p004_t002_s1203773898,2026-09-29T18:57:15Z,S7,multi,OWSFZ-ONLY,spectral,click_max,
S7_p004_t002_s1203773898,2026-09-29T18:57:15Z,S7,multi,WSJTX-ONLY,dropout,,zero_run_ms
S7_p007_t000_s526185734,2026-09-29T19:00:30Z,S7,multi,BOTH,level,g_db+step_db_max,g_db+step_db_max
S7_p007_t000_s526185734,2026-09-29T19:00:30Z,S7,multi,BOTH,timing,drift_ppm,drift_ppm
S7_p007_t000_s526185734,2026-09-29T19:00:30Z,S7,multi,OWSFZ-ONLY,spectral,click_max,
S7_p009_t002_s1710014650,2026-09-29T19:03:45Z,S7,multi,BOTH,level,g_db+step_db_max,g_db+step_db_max
S7_p009_t002_s1710014650,2026-09-29T19:03:45Z,S7,multi,BOTH,timing,drift_ppm,drift_ppm
S7_p009_t002_s1710014650,2026-09-29T19:03:45Z,S7,multi,OWSFZ-ONLY,spectral,click_max,
S7_p009_t002_s1710014650,2026-09-29T19:03:45Z,S7,multi,WSJTX-ONLY,dropout,,zero_run_ms
S7_p012_t000_s516013663,2026-09-29T19:07:15Z,S7,multi,BOTH,level,g_db+step_db_max,g_db+step_db_max
S7_p012_t000_s516013663,2026-09-29T19:07:15Z,S7,multi,BOTH,timing,drift_ppm,drift_ppm
S7_p012_t000_s516013663,2026-09-29T19:07:15Z,S7,multi,OWSFZ-ONLY,spectral,click_max,
S7_p014_t003_s1706399720,2026-09-29T19:10:30Z,S7,multi,BOTH,level,g_db+step_db_max,g_db+step_db_max
S7_p014_t003_s1706399720,2026-09-29T19:10:30Z,S7,multi,OWSFZ-ONLY,spectral,click_max,
S7_p014_t003_s1706399720,2026-09-29T19:10:30Z,S7,multi,WSJTX-ONLY,dropout,,zero_run_ms
S7_p017_t000_s1440417717,2026-09-29T19:13:45Z,S7,multi,BOTH,level,g_db+step_db_max,g_db+step_db_max
S7_p017_t000_s1440417717,2026-09-29T19:13:45Z,S7,multi,BOTH,timing,drift_ppm,drift_ppm
S7_p017_t000_s1440417717,2026-09-29T19:13:45Z,S7,multi,OWSFZ-ONLY,spectral,click_max,
S7_p017_t004_s2097649527,2026-09-29T19:14:45Z,S7,multi,BOTH,level,step_db_max,step_db_max
S7_p017_t004_s2097649527,2026-09-29T19:14:45Z,S7,multi,OWSFZ-ONLY,spectral,click_max,
S7_p017_t004_s2097649527,2026-09-29T19:14:45Z,S7,multi,WSJTX-ONLY,dropout,,zero_run_ms
S8_p000_t004_s285589846,2026-09-29T19:20:15Z,S8,multi,BOTH,level,g_db+step_db_max,g_db+step_db_max
S8_p000_t004_s285589846,2026-09-29T19:20:15Z,S8,multi,BOTH,timing,drift_ppm,drift_ppm
S8_p000_t004_s285589846,2026-09-29T19:20:15Z,S8,multi,OWSFZ-ONLY,spectral,click_max,
