"utc","log","prov","id","lvl"
"2026-09-29T15:37:48Z","System","Microsoft-Windows-Kernel-General","16","Information"
"2026-09-29T15:37:48Z","System","Microsoft-Windows-Kernel-General","16","Information"
"2026-09-29T15:37:48Z","System","Microsoft-Windows-Kernel-General","16","Information"
"2026-09-29T15:37:48Z","System","Microsoft-Windows-Kernel-General","16","Information"
"2026-09-29T15:38:23Z","System","Microsoft-Windows-Kernel-General","16","Information"
"2026-09-29T15:38:23Z","System","Microsoft-Windows-Kernel-General","16","Information"
"2026-09-29T15:38:23Z","System","Microsoft-Windows-Kernel-General","16","Information"
"2026-09-29T15:38:23Z","System","Microsoft-Windows-Kernel-General","16","Information"
"2026-09-29T15:38:23Z","Application","Microsoft-Windows-Security-SPP","16394","Information"
"2026-09-29T15:38:37Z","Application","Microsoft-Windows-AppModel-State","4","Information"
"2026-09-29T15:38:37Z","Application","Microsoft-Windows-AppModel-State","4","Information"
"2026-09-29T15:38:54Z","Application","Microsoft-Windows-Security-SPP","16384","Information"
"2026-09-29T15:56:19Z","System","Microsoft-Windows-Time-Service","37","Information"
"2026-09-29T15:56:19Z","System","Microsoft-Windows-Time-Service","35","Information"
"2026-09-29T16:08:06Z","Application","Microsoft-Windows-Security-SPP","16394","Information"
"2026-09-29T16:08:16Z","System","Microsoft-Windows-GroupPolicy","1129","Error"
"2026-09-29T16:08:16Z","System","Microsoft-Windows-GroupPolicy","1500","Information"
"2026-09-29T16:08:36Z","Application","Microsoft-Windows-Security-SPP","16384","Information"
"2026-09-29T16:19:22Z","Application","Microsoft-Windows-Security-SPP","16394","Information"
"2026-09-29T16:19:52Z","Application","Microsoft-Windows-Security-SPP","16384","Information"
"2026-09-29T16:22:49Z","Application","Microsoft-Windows-Security-SPP","16394","Information"
"2026-09-29T16:23:19Z","Application","Microsoft-Windows-Security-SPP","16384","Information"
"2026-09-29T16:31:03Z","Application","Microsoft-Windows-AppModel-State","4","Information"
"2026-09-29T16:31:03Z","Application","Microsoft-Windows-AppModel-State","4","Information"
"2026-09-29T16:31:03Z","Application","Microsoft-Windows-AppModel-State","4","Information"
"2026-09-29T16:31:03Z","Application","Microsoft-Windows-AppModel-State","4","Information"
"2026-09-29T16:31:03Z","Application","Microsoft-Windows-AppModel-State","4","Information"
"2026-09-29T16:31:03Z","Application","Microsoft-Windows-AppModel-State","4","Information"
"2026-09-29T16:31:03Z","Application","Microsoft-Windows-AppModel-State","4","Information"
"2026-09-29T16:31:03Z","Application","Microsoft-Windows-AppModel-State","4","Information"
"2026-09-29T16:31:03Z","Application","Microsoft-Windows-AppModel-State","4","Information"
"2026-09-29T16:31:38Z","Application","Microsoft-Windows-RestartManager","10000","Information"
"2026-09-29T16:33:39Z","Application","Microsoft-Windows-RestartManager","10001","Information"
"2026-09-29T16:33:40Z","Application","Microsoft-Windows-RestartManager","10000","Information"
"2026-09-29T16:35:20Z","Application","Microsoft-Windows-RestartManager","10001","Information"
"2026-09-29T16:59:50Z","Application","Microsoft-Windows-Security-SPP","16394","Information"
"2026-09-29T17:00:20Z","Application","Microsoft-Windows-Security-SPP","16384","Information"
"2026-09-29T17:33:02Z","Application","Microsoft-Windows-Security-SPP","16394","Information"
"2026-09-29T17:33:32Z","Application","Microsoft-Windows-Security-SPP","16384","Information"
"2026-09-29T17:54:16Z","System","Microsoft-Windows-GroupPolicy","1500","Information"
"2026-09-29T17:54:16Z","System","Microsoft-Windows-GroupPolicy","1129","Error"
"2026-09-29T17:55:09Z","Application","Microsoft-Windows-Security-SPP","16394","Information"
"2026-09-29T17:55:10Z","System","Service Control Manager","7040","Information"
"2026-09-29T17:56:00Z","System","Service Control Manager","7040","Information"
"2026-09-29T17:56:40Z","Application","Microsoft-Windows-Security-SPP","16384","Information"
"2026-09-29T17:57:22Z","Application","Microsoft-Windows-Security-SPP","16394","Information"
"2026-09-29T17:57:25Z","System","Microsoft-Windows-WindowsUpdateClient","43","Information"
"2026-09-29T17:57:25Z","System","Microsoft-Windows-WindowsUpdateClient","44","Information"
"2026-09-29T17:57:31Z","System","Microsoft-Windows-WindowsUpdateClient","19","Information"
"2026-09-29T17:57:33Z","Application","SecurityCenter","15","Information"
"2026-09-29T17:57:53Z","Application","Microsoft-Windows-Security-SPP","16384","Information"
"2026-09-29T18:35:14Z","Application","Microsoft-Windows-Security-SPP","16394","Information"
"2026-09-29T18:35:45Z","Application","Microsoft-Windows-Security-SPP","16384","Information"
"2026-09-29T18:56:20Z","System","NETLOGON","5719","Error"
"2026-09-29T19:20:53Z","Application","Microsoft-Windows-Security-SPP","16394","Information"
"2026-09-29T19:21:23Z","Application","Microsoft-Windows-Security-SPP","16384","Information"
