scenario,part,trial,seed,message,freq_hz,dt_s,reported_snr_db
S5,0,2,892021093,<...> 57OFC6KE94R RR73,900,3.120,-27
S5,0,2,892021093,<...> <RDCTG280> DP87,2819,-1.280,-27
S5,0,5,434100809,O39 VB <RDCTG356>/P R QL84,716,-0.880,-27
S5,0,10,1672796167,<...> ETWUUZEI/C5 73,2506,2.800,-26
S5,0,21,490683040,FMTV  KXZY9 <...>,1256,2.000,-25
S5,0,74,147673637,<RDCTG147> <RDCTG46> R CB44,1081,2.640,-27
S5,0,77,189845876,<RDCTG48> D31GBJ/R JC64,2606,2.880,-27
S5,0,88,24036291,<RDCTG328>/P <RDCTG13>/P R LJ68,881,-0.960,-29
S5,0,98,1270057056,/<RDCTG67> /D 6W4 <...> 73,1634,-1.200,-27
S5,0,1001,65036547,<RDCTG44> <RDCTG303> AI03,1766,2.880,-26
S5,0,1011,1699312098,CQ SRVUCUEW7OZ,2166,-1.360,-27
S5,0,1016,1077606376,CQ QYJUEROQ5QM,1350,-1.200,-28
S5,0,1019,302648733,<RDCTG248> H/P <RDCTG112> RC53,238,-0.800,-28
S5,0,1025,2040451318,CQ 1813/SEMUWT,416,2.720,-27
S5,0,1027,464700815,CQ <RDCTG286> KIZP,2256,-1.360,-27
S5,0,1029,1170167593,<...> C53 46EETVG RR73,981,-1.520,-27
S5,0,1037,815897425,3BA528802C13DBAB24,1144,0.320,-26
S5,0,1041,1464391817,CQ <...>,2322,-0.880,-28
S5,0,1054,738335039,CQ R1LYGLYXSFB,2778,-0.880,-27
S5,0,1055,1704902266,<RDCTG332> R/R <RDCTG52>/R R AB61,2509,-0.960,-27
S5,0,1057,2072311525,M76NDI/R L10ELI LQ26,1478,-0.480,-28
S5,0,105,1376894754,?-2ZMAVPESDR/,1209,3.040,-27
S5,0,1063,690116694,CQ DAXNLH FYTG,1969,-1.200,-26
S5,0,1073,1119546474,<RDCTG167> <RDCTG166> FN95,1816,-0.960,-27
S5,0,1076,1060159751,<RDCTG350>/R <RDCTG121> R QG34,2425,-1.040,-28
S5,0,1080,34601636,<...> <RDCTG204> GK94,2666,-1.360,-27
S5,0,108,211075191,<RDCTG10> 431 KL/R RH04,2075,-1.600,-29
S5,0,1095,2021241788,0RIRC3B7ICR <...>,1981,-1.360,-27
S5,0,1104,1154910337,CQ ZKRA <RDCTG98> PJ93,2734,-1.600,-27
S5,0,1132,1524219736,CQ FSCO <RDCTG244>/P GI34,2919,-1.520,-27
S5,0,1133,1247729654,YLIWQXNO2PN <...> 73,1503,-0.880,-27
S5,0,1136,1977250977,3XS8PAF/P <RDCTG279> R PC76,1425,3.120,-27
S5,0,1142,1740076702,<RDCTG317> <RDCTG99> R PN04,706,0.240,-26
S5,0,1146,1446018643,<RDCTG107>/P <RDCTG135>/P QM40,2134,-1.600,-27
S5,0,1147,13950195,<RDCTG145>/R <RDCTG139> DC34,2738,-0.480,-28
S5,0,1150,1317739974,A4 DY/P <RDCTG54> BN41,2247,2.880,-27
S5,0,1155,1285975723,<RDCTG269>/P <RDCTG264> OE86,888,-1.200,-28
S5,0,1168,695342243,106QGG W90HLZ EC23,2491,-1.280,-27
S5,0,1169,398466591,CQ <...>,1975,-1.120,-27
S5,0,1169,398466591,<RDCTG82>/P <...> HF92,1394,-0.080,-29
S5,0,1182,12891089,<RDCTG90> <RDCTG79> DG80,1969,-0.960,-26
S5,0,1185,1685224653,<RDCTG192>/R <RDCTG354>/R R BR32,894,-1.440,-27
S5,0,1197,1015654465,<RDCTG358> <RDCTG266>/P R GN92,2128,-0.080,-28
S5,0,1216,1755187904,<RDCTG226> <RDCTG311>/R R AL36,2709,-1.200,-27
S5,0,1225,323125086,C29WYI <RDCTG07>/R R JB56,2878,-0.880,-27
S5,0,122,503525738,<RDCTG12> <RDCTG95> JQ32,1022,-1.120,-28
S5,0,1232,2145123555,09C5302655EA560814,1422,1.760,-26
S5,0,1237,396691525,<RDCTG255>/P <RDCTG293>/P LL80,1356,-1.120,-28
S5,0,1245,506312350,X69GBG <RDCTG289>/P OM75,444,1.840,-26
S5,0,1246,1694257971,<RDCTG200>/R <RDCTG72> R GK85,325,-0.560,-27
S5,0,1250,988444930,<...> MJF/2EVOV34 RR73,866,-1.280,-27
S5,0,1259,1265002688,W77TG 641WKB/P DB05,1100,-0.960,-27
S5,0,1268,1156076527,W68 UA 743SNS/P +G2,672,-0.400,-29
S5,0,1270,1565043573,CQ <...>,1384,2.320,-27
S5,0,1272,27852616,106PIZ/R <RDCTG326> +H3,2225,-0.880,-28
S5,0,1277,591390070,<RDCTG305>/P <RDCTG282>/P R AR79,269,2.720,-27
S5,0,1301,1541674903,CQ XVTF L22OTQ/R NJ78,906,-1.600,-27
S5,0,131,40753756,12OJU7IY+-4-.,1869,-1.360,-27
S5,0,132,1436126592,0Z3 Z A18VLV R QB91,2678,1.040,-27
S5,0,1333,1069137736,162JDE M59KJO/R R BO61,1856,2.640,-26
S5,0,1341,2038506127,V52QOL DI5 CU EN32,2816,-0.320,-27
S5,0,1342,1267066210,<RDCTG96> <RDCTG163>/R R OP13,1047,3.040,-25
S5,0,1358,281289836,CCP3DNZH23Y2X,1578,2.880,-26
S5,0,1358,281289836,<RDCTG109> 245 WW AC45,1125,-1.120,-29
S5,0,1364,238759830,<RDCTG233>/R <RDCTG75> R CP44,2019,0.560,-26
S5,0,1377,525036067,<RDCTG352>/R X45PKU KC09,2169,-1.200,-28
S5,0,1385,379239844,<RDCTG179> <RDCTG130> R NG58,1641,2.000,-26
S5,0,1398,1467871913,CQ GD3GX0P2/6J,2469,-1.440,-26
S5,0,1404,382271274,<RDCTG185> <RDCTG133>/R R FH68,866,-1.040,-27
S5,0,1410,440229305,<...> 090R0XPCTPJ 73,1406,-1.520,-26
S5,0,1416,175550356,<RDCTG11>/P <RDCTG140> R HN61,1613,-1.520,-27
S5,0,1423,1507528521,NV0 KL S88GUE/R R JC74,2581,0.240,-26
S5,0,1429,1711654820,<RDCTG309> G89HND MH44,706,-0.240,-28
S5,0,143,604425247,<RDCTG292> W H63PYF R QN33,1016,-0.720,-28
S5,0,1446,51877034,<RDCTG234>/P 20BVW JN46,697,-0.960,-29
S5,0,1450,956029212,46EA77C977C1193C1F,1903,2.880,-27
S5,0,1451,1764916114,<RDCTG229>/P <RDCTG199> QP66,2469,0.000,-27
S5,0,1453,966409391,<...> <RDCTG295>/Z/FL RRR,966,-1.040,-27
S5,0,1455,1396744788,CQ <...>,2188,-0.880,-26
S5,0,1456,67167395,<RDCTG256> <RDCTG177>/R R AC71,1222,3.120,-27
S5,0,1469,1593563829,<RDCTG32> <RDCTG105>/P MF89,1328,3.040,-26
S5,0,1474,787309254,CQ HHDM R53BTE/P R BE03,1678,-1.600,-27
S5,0,1491,755912078,<...> <RDCTG273>/R R DR65,381,-1.440,-27
S5,0,1495,1944096285,CQ AQVN 3B4 JM R JE88,734,-1.600,-28
S5,0,1495,1944096285,R NSCUN1XR1 <...> 73,2013,-1.280,-27
S5,0,1505,1658693267,K84TCR <RDCTG100> Y/P R AI03,2744,3.040,-28
S5,0,1505,1658693267,<...> 377R4B4ISJV RRR,1603,3.120,-27
S5,0,150,2092704402,H61FQR/R J06AZB CP02,1916,-0.960,-28
S5,0,1519,1126486116,<RDCTG174> <RDCTG351> KG48,2269,-0.560,-27
S5,0,1520,1607216236,<<RDCTG292> W> NZDCJ2UDF5N 73,428,-1.280,-28
S5,0,1521,418392717,-V/4CS4MXG-XM,1044,3.040,-26
S5,0,1523,1922870258,0329405D10F18C1014,1544,-1.280,-27
S5,0,1533,257653974,<...> G55K2Y <RDCTG47> RR73,2778,2.160,-26
S5,0,1538,1465300656,CQ 6U0G0189TTE,2884,-0.880,-28
S5,0,1552,1306397346,CQ <...>,1459,2.960,-27
S5,0,1555,1881983472,3XR6IDQ <RDCTG141> JI08,316,0.400,-26
S5,0,1556,479481791,<RDCTG33> BU8 JO/P R DM40,2453,-1.120,-28
S5,0,1564,1237397477,986NIE/R 420GLW/R JO41,2172,-0.640,-28
S5,0,1573,1156530818,<RDCTG284>/P <RDCTG240> HF55,1853,-0.960,-26
S5,0,1580,1292258624,M O/?FH+/OBK+,1456,-0.480,-27
S5,0,1582,1908689271,CQ <...>,2659,2.960,-27
S5,0,1583,911305862,CQ 58PLBISH8FY,2325,2.880,-27
S5,0,158,868384073,CQ <...>,2341,-1.600,-28
S5,0,1610,1990200535,<RDCTG285> <RDCTG178> K QO57,2425,-0.960,-27
S5,0,1621,29636823,1490D21246F7DCD381,1778,1.280,-26
S5,0,1625,1472144525,N47X52FYYTW <...>,1522,-1.280,-26
S5,0,163,90738479,CQ 21FT75YPZB7,2231,3.040,-26
S5,0,163,90738479,772PJM <RDCTG151> BC90,2719,-1.120,-27
S5,0,1649,1817360472,CQ <...>,1875,3.040,-27
S5,0,1652,670045067,<RDCTG257>/P 3XU8JLY R NR29,2322,-1.360,-27
S5,0,1653,768852237,C+8ZTRH3LI3AX,728,-0.160,-28
S5,0,1654,1670840576,<RDCTG193> <RDCTG347>/R MA84,2444,-0.320,-28
S5,0,1656,51731889,<...> 1ZC746HM NX RR73,2206,-1.440,-27
S5,0,1666,195925160,1BLHIEJ7H0V <...>,238,-1.120,-29
S5,0,1672,423950850,9I2 XW/P <RDCTG205>/P BH79,847,3.120,-25
S5,0,1678,100262267,<RDCTG341>/P <RDCTG209> IQ03,1450,-1.280,-27
S5,0,167,1185333218,<...> <RDCTG252> OK09,1859,-1.120,-28
S5,0,1683,1364476700,<...> NX0CC904X4A 73,2731,-0.400,-28
S5,0,1748,978217812,Y60PQY <RDCTG154>/P R DR68,1500,2.800,-27
S5,0,1749,918374809,<RDCTG171> 633OWZ OC07,2750,3.040,-27
S5,0,1757,1233844752,<RDCTG148> A/R <RDCTG118>/R R OI87,597,-0.640,-29
S5,0,1758,1927429617,NXCJ/M0LOB5CO,2631,-0.880,-28
S5,0,175,1031879935,<RDCTG212>/R 286 WE/R R CK41,1259,-0.800,-28
S5,0,1764,2011497068,<...> 6ECK6A0JOTY,2475,0.960,-26
S5,0,1766,1035907619,1.6JAYIL?K/U?,1147,1.120,-26
S5,0,1775,1492153901,<...> <RDCTG225>/R R DI60,2803,-1.040,-28
S5,0,1776,528671424,CQ <...>,1628,-1.280,-29
S5,0,1792,321630411,CQ 40 644RVNSJ,1406,-0.960,-28
S5,0,1803,690807676,LK+T9QLZYL-V+,288,2.080,-26
S5,0,1805,76797872,1TJZOKQ5WRN <...>,356,-1.200,-28
S5,0,1806,1899148702,8J3TWKBVX/Z+1,728,-1.280,-28
S5,0,181,1183292314,047JTV <RDCTG134> QQ75,1578,-1.200,-28
S5,0,1836,1852285694,YYGYCT2N 3D <...> RR73,400,-1.440,-28
S5,0,1847,1009718449,<...> 5Z8963ARYHU RRR,2944,-0.960,-28
S5,0,1872,995556258,1B5F10B7C25261BD26,388,-0.880,-27
S5,0,1913,424722091,DF <RDCTG113> 0K R,2569,2.960,-27
S5,0,1918,491323195,CQ <...>,681,-1.440,-29
S5,0,1919,331923837,C63TAV <RDCTG131> R EL44,2222,-0.880,-28
S5,0,192,1168445135,<RDCTG149>/R 752ZUB/R PR00,1925,1.040,-26
S5,0,1933,171813943,I50ZOY <RDCTG245>/P DO52,2828,-0.400,-28
S5,0,1949,1738865418,59632D5FA6832CF3EB,222,2.800,-27
S5,0,1951,1781970467,<RDCTG53> <RDCTG31> OI97,972,-1.200,-28
S5,0,1961,2010887385,CQ HTTP <RDCTG188> R AF89,1028,-1.520,-29
S5,0,1967,1664447608,MDUGKGIWNKA <...>,1231,2.720,-26
S5,0,1981,1868418106,AY+ZPPK4T9UCW,1406,1.120,-26
S5,0,1982,62385934,K90 AU/R <RDCTG15> R PE68,2438,-1.120,-27
S5,0,1982,62385934,<RDCTG278>/R <RDCTG223>/R R EE94,2019,-1.120,-27
S5,0,198,1766946940,CQ <...>,2538,-0.720,-28
S5,0,226,106826517,Z98BOU/R <RDCTG323> R EP10,2066,2.720,-26
S5,0,227,1367658933,<RDCTG314> <RDCTG129>/P IM20,1916,-1.520,-27
S5,0,237,1237269653,<RDCTG41> <RDCTG238>/R R HN80,347,3.040,-26
S5,0,241,776862242,<RDCTG165>/P Y55YUO/P PQ74,2509,-1.120,-28
S5,0,251,176206294,CQ 58/CFERY7XB,1197,-0.960,-27
S5,0,256,681967637,5EY3291LTQQ <...>,763,-0.320,-27
S5,0,267,139036762,<RDCTG138> A55DJV/R R IO73,563,1.280,-27
S5,0,281,2136780782,<RDCTG349> <RDCTG64> R HB70,1534,-0.720,-26
S5,0,291,2099056751,46E672C6A14EBA2163,288,-1.120,-28
S5,0,291,2099056751,<...> C6T5 D50VJQ RR73,1538,-1.360,-27
S5,0,294,51220613,<...> 4QTBTW19M35,1425,3.120,-26
S5,0,297,1689154468,<RDCTG334>/P <RDCTG56>/P HF36,2425,-1.360,-28
S5,0,301,124653943,M/YH VK351B <...> RRR,509,-1.200,-27
S5,0,319,1522189422,<...> <RDCTG34>/R PF06,1041,3.040,-26
S5,0,320,1374792709,<RDCTG45> <RDCTG250> R IO73,1597,0.720,-26
S5,0,350,590252297,<RDCTG92> 950FUV JC13,1028,-0.720,-28
S5,0,356,851106461,CQ <...>,403,-1.600,-27
S5,0,357,1748000578,HI9GV3DRTT <...> 73,2875,-0.800,-27
S5,0,359,985966773,<RDCTG152>/P 9F8 NV MB80,2450,-1.280,-28
S5,0,371,247929837,CQ TZFT <RDCTG183>/P R FA71,509,-1.440,-27
S5,0,373,1731692814,<RDCTG169> <...> R OO85,2281,-0.880,-27
S5,0,385,223223049,CQ SXLE U32LPK R EO13,1009,-1.520,-28
S5,0,395,191763828,CQ W6/SRU41F/A,2447,-0.240,-28
S5,0,398,646096731,CQ EHCN <RDCTG17> R LR40,2022,-1.520,-28
S5,0,398,646096731,CQ QTWU <RDCTG161> R FA37,2103,-1.520,-28
S5,0,404,2074701463,<RDCTG316>/R 343GHV/R ML50,884,-0.960,-28
S5,0,410,1398307015,QT8JD3R5LO2 <...>,744,-1.360,-28
S5,0,422,806115258,617DPJ/P <RDCTG159>/P ID87,1391,-0.160,-29
S5,0,427,2077418503,CQ 5Q0/UNHELYZ,1972,2.560,-26
S5,0,433,1227717498,<RDCTG71> <RDCTG119>/R MM51,2453,-0.240,-27
S5,0,440,1273808213,<RDCTG338>/R <RDCTG262> R BO74,2328,-1.520,-27
S5,0,461,691299082,<RDCTG300>/R <RDCTG86> ON44,2609,-0.960,-28
S5,0,472,2115772265,H74ZCM/P <RDCTG127> R KL44,1025,2.000,-26
S5,0,476,1854429528,CQ 6GDA8JFJTFM,1988,-0.800,-28
S5,0,481,2137970100,Q7LDS <RDCTG260> KN11,2216,-1.280,-27
S5,0,486,912352577,<RDCTG60> K12RIM/P R AO34,297,-1.280,-28
S5,0,498,806746143,<RDCTG157>/P <RDCTG20>/P R MC68,1625,-0.800,-28
S5,0,503,519202797,<...> Y15NQRNP8TN RR73,1894,-0.880,-27
S5,0,507,1872683113,CQ BCND <RDCTG213>/P CF39,1391,-1.600,-28
S5,0,514,1614207028,O86HHM L23LFL CJ26,1000,-0.320,-27
S5,0,526,791949542,CQ AXIG H75BOE/P R HK50,1831,-1.520,-27
S5,0,549,2065768214,CQ <...>,475,-0.880,-28
S5,0,560,808758784,<...> KI1H8FC8G53,1350,-1.360,-28
S5,0,570,1647053156,<RDCTG304>/P <RDCTG211> R DM36,1369,-1.120,-26
S5,0,578,1342995436,P7P03AKE9E3 <...>,378,-1.520,-27
S5,0,588,806784879,.ZNH46EZZZ-.U,2141,-1.360,-27
S5,0,634,1820904045,<RDCTG242> <RDCTG308> R KH85,1866,-1.200,-28
S5,0,638,1499254902,CQ SKGHPJXZ73K,1300,1.680,-26
S5,0,648,1790092620,CQ <...>,2713,-1.520,-28
S5,0,670,882260031,W87FQD P82OZE/P R GK33,2269,-0.880,-28
S5,0,671,1120396849,?3NZQW/GX?GMD,1656,-0.800,-28
S5,0,691,88792446,CQ GMBC <RDCTG124> R EH20,1478,-1.600,-28
S5,0,699,799007902,814PKQ T07FFR R NB78,2791,-0.480,-28
S5,0,703,740195428,386TVA/R <RDCTG325>/R BM75,334,2.240,-27
S5,0,703,740195428,7PYSK/UU?CX93,228,2.080,-26
S5,0,707,80178716,CQ T4DI2XJLA4J,1284,-0.960,-29
S5,0,708,1007574449,<...> <RDCTG348>/R R BA26,1009,-1.440,-28
S5,0,709,540573267,<RDCTG76> R96HON/P NF05,963,-0.960,-28
S5,0,713,1030059857,<RDCTG24> <RDCTG168> R CH93,2734,-1.040,-28
S5,0,718,344626804,<RDCTG344>/P L98PGV/P R DM24,756,2.080,-26
S5,0,723,475396506,<...> Z0UHC9WAAXE RR73,491,-0.240,-28
S5,0,727,31311129,3XU9ITD/R <RDCTG158> CR24,1247,-0.800,-28
S5,0,729,2018760905,CQ <...>,1153,-1.440,-27
S5,0,729,2018760905,<RDCTG181>/R J36FXZ PR02,2072,3.120,-27
S5,0,737,1597792051,115NSX W17PPW/P CG04,1359,-1.360,-28
S5,0,742,1012282536,TMK?X?SJD7+2D,1897,-0.880,-26
S5,0,755,1443916525,<RDCTG251>/R <RDCTG186> AA98,975,3.120,-26
S5,0,772,725464255,<...> J34IRK/P R KR16,2063,-1.440,-28
S5,0,778,787845293,181SZO/R <RDCTG16> EO42,2581,-0.640,-28
S5,0,785,511750821,<...> 92SW0ATRK9S,828,-1.200,-30
S5,0,798,1475588372,CQ LPRX H96BIM/R R HL81,647,-1.600,-27
S5,0,801,2125807441,<RDCTG74> <RDCTG247> R CD38,2941,-0.720,-27
S5,0,812,1423249389,G64EV51G9QP <...>,269,-1.040,-27
S5,0,829,976653809,<RDCTG137> 3XF8SAA R KA16,2556,3.120,-26
S5,0,862,1689548918,CQ <...>,1619,-0.800,-29
S5,0,865,1940946070,<RDCTG346>/R <RDCTG235> HR84,797,0.720,-26
S5,0,883,1450912100,SAF5NIHCYDU <...> RR73,1700,-1.120,-26
S5,0,884,258710644,113WSI <RDCTG312> CD48,900,-1.040,-28
S5,0,892,1454912063,<...> TXSW0 O EKA 73,1222,-1.360,-28
S5,0,895,93158576,CQ TE0638RBN N,2897,3.120,-26
S5,0,910,275038139,<RDCTG219> K29KCO/P HF49,2325,-1.040,-29
S5,0,911,1540303733,<RDCTG146> <RDCTG330>/R QG30,2703,1.200,-25
S5,0,929,1974554719,<RDCTG01>/R Z23KF/R R AL30,1503,-0.400,-28
S5,0,949,14435390,<RDCTG42>/R <RDCTG101> R KD44,1078,-1.200,-27
S5,0,960,1184580132,Y66RNN/R <RDCTG187>/R ED90,2497,3.120,-26
S5,0,972,510558437,BLMJM1WVES6 <...> RRR,209,-1.200,-27
S5,0,972,510558437,<RDCTG37>/P <...> R LM64,2544,-0.800,-27
S5,0,979,1625481724,<RDCTG243> <RDCTG313> R OL23,1953,-1.600,-28
S5,0,997,204729349,620IJS/P <RDCTG217> R KC01,1766,2.480,-27
S5,1,20,783127692,<RDCTG337>/R <RDCTG274>/R MR64,1428,-1.120,-26
S5,1,20,783127692,CQ KGZ 229NQX/P R JM77,619,-1.600,-28
S5,1,27,336917293,<RDCTG84>/P <RDCTG06> B EN77,2231,-0.960,-28
S5,1,34,264284341,<RDCTG191> 512BIL R NG14,863,-1.280,-29
S5,1,41,1560381157,<RDCTG61>/R V67UGK R HI41,1013,3.040,-26
S5,1,48,683044550,L16CRO G66JSU CG40,1716,-1.120,-28
S5,1,51,978485698,H44ZQQ/R 220SQY/R BL83,2366,-1.520,-27
S5,1,60,1951665,2B450B5824D2D74029,431,-0.880,-28
S5,1,70,258901052,<...> 1QVQ58778RC,1078,-1.440,-27
S5,1,86,218490133,O88DYU <RDCTG136>/R R KO53,1838,2.960,-27
S5,1,92,426897843,CQ NEJ7E88MD22,944,2.000,-27
S5,1,97,482998566,<RDCTG343> 334VCC KE11,981,-0.720,-28
S5,1,1000,1818442151,CQ 8HZPULDBF2,1163,-0.880,-28
S5,1,1005,151209388,<RDCTG239> <RDCTG162> R JO18,666,3.040,-27
S5,1,1016,2133632966,<RDCTG173> <RDCTG14>/P R HD56,1769,-1.360,-28
S5,1,1030,742416077,3HRV4S2  CK-T,1763,-1.200,-28
S5,1,1047,367734170,<RDCTG268> <RDCTG203> M/P BR80,2494,2.640,-26
S5,1,1054,1401068228,<RDCTG87> <RDCTG230>/P R JP85,1894,-0.160,-28
S5,1,1069,1334886037,IOF9LMRO0Z7 <...> RRR,447,-0.960,-27
S5,1,1073,687253101,00A35DB9D8CD5198AA,281,-1.440,-29
S5,1,1076,130909245,<RDCTG236> T69QZR/R R RH67,2009,-1.040,-28
S5,1,1077,123928230,<RDCTG339>/R X82CQY MM17,972,-1.040,-27
S5,1,1106,226528804,<RDCTG160> W/P E44GNF BA84,309,2.880,-26
S5,1,1119,666110403,CQ K KK2AUH5DE,2359,-1.360,-27
S5,1,1124,522230267,G A8S1Y4GKNXT,1303,2.720,-27
S5,1,1140,208440094,<RDCTG333> <RDCTG27>/R OB73,1713,2.560,-26
S5,1,1149,462416162,<RDCTG08>/P <RDCTG197> JB00,1850,2.800,-27
S5,1,1167,1025793766,053A5DAD1CA8826A37,1322,-0.880,-27
S5,1,1169,566234661,<RDCTG09> <RDCTG263> AM60,334,2.880,-27
S5,1,1182,1574414791,CQ I79XORZWQX1,1719,-1.360,-28
S5,1,1184,301256952,<RDCTG283> N/R <RDCTG357>/R HI20,747,-0.800,-28
S5,1,1185,1269846185,<RDCTG122> <RDCTG221>/R AB83,2894,1.520,-28
S5,1,1191,2103176501,0009EBA11117125AD6,1422,-1.600,-27
S5,1,1201,1169745730,<RDCTG297>/R <RDCTG102> R PI12,2291,-0.880,-27
S5,1,1209,2012615307,<...> FMPSFF3LSS3 RRR,2525,-0.880,-27
S5,1,120,793106652,<RDCTG49>/R <RDCTG208> R LQ27,1178,-1.040,-27
S5,1,1211,1914978139,CQ ZA5KNM3W8HN,1125,-1.040,-28
S5,1,1231,193852146,CQ EUQY <RDCTG40>/R R KG33,1425,-1.520,-28
S5,1,1231,193852146,<RDCTG277> <RDCTG327>/P +<6,2153,-0.880,-27
S5,1,1232,199008595,<...> J3L1/RM7CK6 RR73,878,2.000,-26
S5,1,1235,350662640,<...> LMZP0VELHAX,550,-1.200,-27
S5,1,1246,378756224,<RDCTG246>/R <RDCTG189>/R NC26,1966,-0.880,-26
S5,1,1261,515474318,<RDCTG201> <RDCTG68> R LN47,1100,-1.040,-27
S5,1,1262,359889653,<RDCTG324>/R <RDCTG108> NF37,2778,2.560,-26
S5,1,1267,658213231,<RDCTG88>/P <RDCTG215> KL59,228,-1.040,-27
S5,1,1268,1396743950,<RDCTG329>/P E85FBB/P EB23,584,-0.800,-27
S5,1,1292,1256594922,<RDCTG288> 222KFV AO14,1175,-0.880,-29
S5,1,1295,531966,<RDCTG80>/P P78XYB/P KQ52,2116,-1.200,-29
S5,1,1319,1391230680,<RDCTG39>/R <RDCTG294> AN03,300,-1.040,-28
S5,1,1319,1391230680,267LHY <RDCTG241>/R FJ14,2525,-0.400,-28
S5,1,1320,851623244,<RDCTG296>/P <RDCTG172> J/P EL70,1591,-1.040,-29
S5,1,1327,2004385652,<...> <RDCTG18>/P R HI23,2650,-1.360,-28
S5,1,135,1366890650,L52SKQ <RDCTG290> R LO40,559,-0.880,-27
S5,1,1374,8494521,06M5Z9ABCTJ <...>,706,-0.880,-27
S5,1,1376,769961532,<RDCTG202> <RDCTG320> LG87,1872,3.120,-27
S5,1,1394,216597465,/CG.JO-EX9?PK,1481,-1.440,-28
S5,1,1402,1608418051,0E830FD54C0414E9CC,681,-1.200,-29
S5,1,1410,991108060,<...> ZEVVGBOD39R,2941,-1.520,-28
S5,1,1411,505344313,Q7ZCQ 380GZY NE50,1463,2.640,-27
S5,1,1428,637030279,<RDCTG287> <RDCTG94> R RR73,2322,-0.240,-27
S5,1,1448,586480457,3P3XESG9NE1 <...>,263,-1.200,-27
S5,1,1464,1650274785,<RDCTG222> <RDCTG156> EE66,1869,-1.120,-27
S5,1,1520,16078408,<RDCTG322> <RDCTG253>/P CN88,1119,2.880,-26
S5,1,1535,1313388036,L9WIRLE5IQ9 <...> RRR,275,-1.600,-28
S5,1,1545,1491307539,<RDCTG345>/P <RDCTG125>/P +H5,1350,-0.080,-28
S5,1,1546,553964523,<...> <RDCTG21>/R PO95,2088,-1.440,-27
S5,1,1550,100882028,197HRX/P <RDCTG195> MA60,738,-1.200,-27
S5,1,1553,1955797631,1G6 OY K76ALA KK62,506,-1.200,-28
S5,1,156,1840466518,CQ SAGW <RDCTG19> R KE12,2350,-1.600,-27
S5,1,1572,384290406,4UNEGLD204N <...>,1200,-0.560,-29
S5,1,1577,333982551,<...> O/<RDCTG116> FB RRR,2553,-0.640,-27
S5,1,1592,1048751438,73A1TASZFQ <...>,269,2.400,-28
S5,1,1594,682067560,CQ <...>,1322,0.800,-26
S5,1,1610,377574892,<...> <RDCTG301> R AN25,1731,-1.360,-28
S5,1,1612,1416475312,<RDCTG227>/P <RDCTG302>/P PO95,1000,1.760,-26
S5,1,161,1170469774,002EA8481CB2C00E4D,969,-1.520,-26
S5,1,1620,669356267,32XKG/P <RDCTG51>/P JI64,2938,2.720,-26
S5,1,1628,1399017183,.<RDCTG132>.+0 ?GU,1316,-1.200,-27
S5,1,1635,1342727128,CQ <...>,1216,-1.360,-28
S5,1,1640,1241012328,023 DL/P <RDCTG164> O CO96,928,-0.960,-26
S5,1,1641,540864918,CQ VTTX <RDCTG28> KN81,1600,-1.440,-27
S5,1,1661,1993089701,<RDCTG144> D10DDW/R R DN86,2616,-1.280,-28
S5,1,1670,1548117048,L25NWB/P <RDCTG258> CG02,1497,-1.280,-28
S5,1,1675,990806092,<RDCTG267> <RDCTG315> R FL30,2375,2.640,-27
S5,1,1677,1457892473,<RDCTG25> <RDCTG89> EH18,269,1.840,-26
S5,1,1685,236803810,CQ RSMY <RDCTG103>/R GQ89,753,-1.600,-28
S5,1,1697,1055880711,<RDCTG342>/P <RDCTG73> R AQ77,584,-1.280,-27
S5,1,1710,312463294,G00B W D04 ZC R HG78,1238,0.080,-25
S5,1,1711,1689793809,<...> <RDCTG232> KN40,2456,-1.440,-28
S5,1,1717,2064964936,<RDCTG22> <RDCTG35>/R HQ04,1978,-0.720,-28
S5,1,1734,2125329482,<RDCTG150>/R <RDCTG176>/R KL04,1222,-0.800,-28
S5,1,1734,2125329482,CQ GXD13RZ2N9U,269,-0.080,-29
S5,1,1739,444972584,N21 KJ EU2 KD/R R DK80,266,-0.960,-26
S5,1,1767,1868378451,<...> VSPJDO9ZX8C RRR,2369,0.240,-26
S5,1,1768,271819923,<RDCTG259>/R S17TEE R KD88,1806,-0.720,-27
S5,1,1783,1827074555,<6U0G0189TTE> VQOYCQKVDL7 RR73,1175,-0.880,-28
S5,1,1810,1737215455,P 0D- Q39+8U8,1609,-1.040,-28
S5,1,1814,2127297219,CQ <...>,2906,-1.120,-28
S5,1,1817,1938612748,CQ <...>,1675,-1.360,-27
S5,1,181,959354582,CQ 65JAN8MBA5,600,-0.800,-27
S5,1,1826,1096155418,5ICF/<RDCTG110> <...> RR73,2866,-1.120,-29
S5,1,1831,530341373,Y?FEGOA L WZM,2953,-0.320,-27
S5,1,1838,782768518,<RDCTG299>/R <RDCTG175>/R AC37,2188,-1.200,-28
S5,1,1851,596386101,020DA5CC36F0B091B2,1191,-1.600,-27
S5,1,1865,1677798052,CQ <A4 DY/P>,928,2.480,-27
S5,1,1866,2078445186,CQ 49SS6CV OFH,2384,2.960,-27
S5,1,1877,790136190,CQ 5Y5TH2IV370,2156,-1.600,-28
S5,1,1878,1389276255,<...> <RDCTG142>/P R BA96,2859,-1.440,-28
S5,1,1881,863047108,CQ <...>,2494,-0.240,-29
S5,1,1898,1802043446,CQ VVQQ <RDCTG120>/R AF79,1431,-1.520,-28
S5,1,1901,107552393,<RDCTG04> W55NGV LG59,1291,-1.040,-27
S5,1,1903,1471765288,<...> 46/R O/<RDCTG335> RRR,2278,-0.480,-28
S5,1,1908,1089530479,CQ BDVD <RDCTG271>/P AP50,2503,-1.600,-28
S5,1,1919,155289147,1AND8LHMDC8 <...> RRR,1903,-1.600,-27
S5,1,1924,1846758639,<...> M38CFF/R GK50,2691,-1.440,-29
S5,1,1927,157613419,<...> I0VLI765A5 73,950,-0.720,-28
S5,1,1928,190290455,<RDCTG331>/P <...> BA46,1506,-0.560,-29
S5,1,1939,911333611,<RDCTG43>/R <RDCTG306>/R R ML82,2528,2.880,-27
S5,1,1955,294118597,<RDCTG321>/R L29IMH/R ID37,1431,3.040,-27
S5,1,1960,647048736,CQ <...>,2950,-0.400,-27
S5,1,1972,1703035781,<...> <RDCTG254>/P R OB53,2238,-1.520,-28
S5,1,1981,566091100,<RDCTG228>/P <RDCTG70>/P R AM47,359,-1.520,-28
S5,1,1992,1907503742,<...> KB 85DR0/D3 RR73,1500,-1.440,-27
S5,1,1994,1073274968,3AMEYYRDN/N <...>,1372,2.800,-27
S5,1,1998,506838035,027GAW I01RSJ R OQ15,2538,3.120,-26
S5,1,1999,350636404,<RDCTG78> <RDCTG298>/P QC18,931,-0.880,-28
S5,1,1999,350636404,4GDAYOJ9.1WR,1428,-1.360,-27
S5,1,199,54186083,<...> 047 EB/P FH31,969,-1.360,-28
S5,1,200,921156850,72AECAE71860503E4A,284,-0.960,-27
S5,1,227,608319791,<RDCTG26>/P <RDCTG319> R FB61,2600,-1.120,-28
S5,1,240,323343319,<...> EI89ALDOP1H RR73,628,-1.120,-27
S5,1,260,525744210,<RDCTG218> <RDCTG115> R RF31,2166,0.720,-26
S5,1,262,363743506,PN5 KR 3XQ1VKZ FJ03,2638,-0.560,-27
S5,1,291,1896733631,CQ Q1/94NJ0E/C,641,-0.480,-27
S5,1,309,136641776,<RDCTG29> <RDCTG336>/P DQ12,2459,-1.040,-28
S5,1,311,392060245,00889EA121C0D879A5,2828,-1.600,-28
S5,1,326,1010307951,<RDCTG194>/R <RDCTG59>/R EL66,1003,-0.960,-28
S5,1,337,1235446271,K19YRG G82ZSW OM39,1678,-1.040,-28
S5,1,350,1292625329,<RDCTG210>/P 0D2  Q/P HD88,884,-1.120,-28
S5,1,357,1369875282,<RDCTG249> <RDCTG355> EO92,953,-0.880,-26
S5,1,358,1207145307,CQ <RDCTG58> S3LP40G,2813,-0.960,-28
S5,1,363,1779183840,KH0-SH1?7O1G7,2463,2.880,-26
S5,1,383,257743438,18PDT/P <RDCTG224> R LR11,1797,-1.200,-27
S5,1,384,561710837,<RDCTG05> <RDCTG62>/P BE92,2784,-0.960,-27
S5,1,414,1191158230,<RDCTG265>/R <RDCTG81>/R R CO44,2331,-1.120,-28
S5,1,432,1294475988,010JAO <RDCTG36> R HH39,1553,-1.200,-28
S5,1,437,1219062889,45D69485E0B8CA5053,869,1.120,-26
S5,1,461,1776815615,<RDCTG126>/R <RDCTG83>/R R MR05,2306,2.320,-26
S5,1,465,1315844762,<RDCTG231>/R C10UIU R DM27,831,-1.120,-28
S5,1,494,2144378999,<...> M40SEA R MR31,2763,-1.360,-29
S5,1,516,704092934,GOK141Y7U8L <...> RR73,1481,-1.200,-28
S5,1,524,279668454,CQ <...>,2456,-1.440,-27
S5,1,525,1536906508,VOFZ TBB3-UW8,297,-1.040,-28
S5,1,526,1773122300,4E.5Y2+9+<RDCTG216>,972,2.880,-26
S5,1,528,151718493,71B0E60E60182A3FD8,1091,2.480,-27
S5,1,551,2020029898,<...> <RDCTG66> R EH88,1316,-1.200,-28
S5,1,553,194668023,<RDCTG57> J09AED/R R AN19,1441,-1.120,-26
S5,1,559,1355385174,<RDCTG184> <RDCTG310> OK46,2369,-0.480,-27
S5,1,573,920752745,<RDCTG123> <RDCTG38>/P GC17,2247,-1.200,-27
S5,1,574,950508426,<RDCTG307>/R <RDCTG272> HL78,2334,3.040,-27
S5,1,582,2134326941,<RDCTG281> L <RDCTG91> BN41,963,-1.280,-29
S5,1,583,1351309713,<RDCTG291>/P J50ESU AP94,2466,-1.120,-27
S5,1,585,303550254,I00BDU S15MIV OC12,1278,-0.880,-27
S5,1,593,1062087218,<...> 3EHJ6JU8HQD 73,1313,-1.520,-27
S5,1,611,166936351,<RDCTG196> <RDCTG214> OC69,2803,-0.880,-27
S5,1,615,1014585996,<RDCTG85>/P Z43NIM AC40,506,2.960,-25
S5,1,631,144939626,VCLUCLM5YSN <...> 73,550,3.120,-26
S5,1,632,62855505,<RDCTG170> <RDCTG318>/R CH86,1722,2.320,-26
S5,1,644,389314909,<...> PJEQM5C/DRN RRR,1303,3.040,-27
S5,1,655,1379245314,<...> 1/<RDCTG182>/ZQF RRR,2528,-0.640,-28
S5,1,663,1411727344,<RDCTG153> 141XWX R MN52,306,-0.640,-28
S5,1,667,1611644870,<...> 0DBUMTC5XE4,2691,-0.240,-27
S5,1,670,1696372464,F96TKC/P <RDCTG261> R KC00,203,-1.040,-27
S5,1,681,92476089,<...> X9EFMRBW53 RRR,1900,-0.960,-29
S5,1,689,1390079512,S9IC2YMWJ05 <...>,1356,2.800,-27
S5,1,696,29643587,CQ <...>,456,-0.960,-27
S5,1,707,1316839826,<RDCTG180>/R <...> GP85,2419,0.000,-27
S5,1,712,66174085,<RDCTG190> <RDCTG207> R PL31,822,-0.880,-28
S5,1,713,1296207395,CQ <...>,916,-1.200,-27
S5,1,716,651837493,328SQJ/R R22VLD R IB78,1956,-1.440,-27
S5,1,726,269911085,KVQ QEEU3KHH-,1856,2.880,-27
S5,1,734,384269520,CQ PZC0CXWT5L4,2125,1.600,-27
S5,1,736,487269408,CQ QFGQ <RDCTG206>/P R BB62,1484,-1.520,-28
S5,1,752,2100043229,<RDCTG111>/P <RDCTG104> R QQ28,1438,2.080,-27
S5,1,755,688964276,B82IWE/R <RDCTG69> QA33,1472,2.720,-26
S5,1,764,343226925,<...> <RDCTG128> KR91,2125,-1.120,-27
S5,1,766,257136898,<RDCTG270> 223FIC/R R LK12,2188,-0.400,-27
S5,1,771,598224247,29E/JEEL5WO <...> 73,781,-0.560,-29
S5,1,773,7839161,CQ <...>,1709,3.120,-27
S5,1,775,954000426,<RDCTG275>/R N38CNK/R R QQ65,2100,-1.120,-28
S5,1,790,765079184,CQ <...>,931,-0.960,-27
S5,1,793,969086052,<RDCTG198>/R <RDCTG65>/R R OJ60,456,-0.880,-27
S5,1,797,1169400181,<RDCTG30> <RDCTG02> R RR92,2388,2.000,-26
S5,1,798,111861776,<RDCTG93> <RDCTG114>/R R HJ64,2247,-0.480,-28
S5,1,799,2142569813,CQ <...>,2316,1.680,-26
S5,1,799,2142569813,<...> <RDCTG97> FQ84,1694,1.760,-25
S5,1,801,2020643351,<RDCTG106> <RDCTG55> FH74,919,-1.120,-29
S5,1,813,1035197673,01BD28CC2F5201E0A8,2416,-1.440,-27
S5,1,825,1494110823,<RDCTG117> 403UUJ/P PQ26,1963,-1.120,-28
S5,1,826,30429656,672KYV/R H17R W R QN18,1978,2.880,-27
S5,1,837,2072505885,CQ VHVR <RDCTG143> MA43,2444,-1.520,-28
S5,1,854,749257105,<RDCTG63> 200 ZF/R R ED49,2469,0.560,-26
S5,1,863,1014084028,CQ Z4OC1ETOY/T,2194,1.200,-27
S5,1,876,144564974,<RDCTG220> <RDCTG50> R KM03,2278,-1.120,-28
S5,1,888,3898368,<RDCTG23> <RDCTG276> HA80,2266,-0.880,-27
S5,1,907,1790133234,CQ H8UQ55NQQOF,1309,-1.120,-27
S5,1,909,1518148575,<...> <RDCTG77> R BC82,875,-1.440,-27
S5,1,915,871066083,<...> 3XL6SNP/R R AA84,2656,-1.440,-29
S5,1,920,1886079897,CQ VSDY4AAONNO,1791,0.720,-26
S5,1,935,35156081,141B72050314C64028,1447,-0.800,-28
S5,1,953,1859299757,CQ CDGHTQ0SYTG,753,-0.880,-28
S5,1,958,659935075,K61AMV/R <RDCTG237>/R R HL86,200,1.840,-26
S5,1,961,2086278194,<RDCTG340> X I06EQQ R NN94,1697,-1.360,-29
S5,1,966,1630756117,CQ KW2IS7I/ZD,2266,0.000,-26
S5,1,971,2068754701,<RDCTG155> <RDCTG353> HH94,2003,-1.040,-27
S5,1,980,1956972912,CQ WL 18DXNIG5,478,-1.120,-29
S5,1,980,1956972912,CQ JCEN <RDCTG03> ML73,1044,-1.600,-28
